number,sci_name,sex,predicted_attractiveness_sex_model,sd_sex_model
1,Abeillia abeillei,male,6.6579,0.0628
2,Abeillia abeillei,unknown,6.9854,0.0874
3,Abroscopus albogularis,unknown,6.6335,0.0832
4,Abroscopus schisticeps,unknown,7.0201,0.0877
5,Abroscopus superciliaris,unknown,6.0374,0.0502
6,Aburria aburri,unknown,5.5705,0.0632
7,Acanthagenys rufogularis,unknown,5.334,0.0579
8,Acanthidops bairdi,female,5.4055,0.0011
9,Acanthidops bairdi,unknown,5.4024,0.0519
10,Acanthis cabaret,female,5.935,0.0633
11,Acanthis cabaret,male,6.0626,0.0669
12,Acanthis cabaret,unknown,6.6014,0.0814
13,Acanthis flammea,female,6.1863,0.099
14,Acanthis flammea,male,5.602,NA
15,Acanthis flammea,unknown,6.4597,0.0703
16,Acanthis hornemanni,female,6.858,NA
17,Acanthis hornemanni,male,6.1732,0.0796
18,Acanthis hornemanni,unknown,6.9447,0.0696
19,Acanthisitta chloris,unknown,6.9331,0.0929
20,Acanthiza apicalis,unknown,5.2592,0.0563
21,Acanthiza chrysorrhoa,unknown,5.3852,0.0568
22,Acanthiza cinerea,unknown,4.3673,0.0626
23,Acanthiza ewingii,unknown,5.6632,0.0599
24,Acanthiza inornata,unknown,5.4047,0.0567
25,Acanthiza iredalei,unknown,5.1384,0.0683
26,Acanthiza katherina,unknown,4.7683,0.0495
27,Acanthiza lineata,unknown,5.769,0.0557
28,Acanthiza murina,unknown,4.7966,0.0581
29,Acanthiza nana,unknown,6.098,0.0489
30,Acanthiza pusilla,unknown,5.7709,0.0609
31,Acanthiza reguloides,unknown,5.729,0.0665
32,Acanthiza robustirostris,unknown,5.9287,0.0597
33,Acanthiza uropygialis,unknown,5.237,0.055
34,Acanthorhynchus superciliosus,female,5.4198,0.0601
35,Acanthorhynchus superciliosus,unknown,5.6394,0.0512
36,Acanthorhynchus tenuirostris,male,6.3654,0.0576
37,Acanthorhynchus tenuirostris,unknown,6.2545,0.0484
38,Acanthornis magna,unknown,5.2658,0.0604
39,Accipiter albogularis,unknown,5.8906,0.0722
40,Accipiter badius,female,6.448,NA
41,Accipiter badius,unknown,5.5977,0.0526
42,Accipiter bicolor,male,6.0897,0.0408
43,Accipiter bicolor,unknown,6.9343,0.0921
44,Accipiter brevipes,unknown,6.365,0.0663
45,Accipiter butleri,unknown,5.9905,0.0595
46,Accipiter castanilius,male,6.6701,0.0689
47,Accipiter castanilius,unknown,6.4256,0.0632
48,Accipiter cirrocephalus,female,5.8718,0.0463
49,Accipiter cirrocephalus,male,6.1833,0.0416
50,Accipiter cirrocephalus,unknown,6.6895,0.0621
51,Accipiter collaris,male,6.512,0.1021
52,Accipiter collaris,unknown,6.0724,0.061
53,Accipiter cooperii,female,6.3893,0.0507
54,Accipiter cooperii,unknown,6.2671,0.0503
55,Accipiter erythrauchen,unknown,5.9076,0.0538
56,Accipiter erythropus,unknown,5.0801,0.061
57,Accipiter fasciatus,unknown,6.5181,0.0603
58,Accipiter francesiae,female,6.9295,0.0908
59,Accipiter francesiae,male,6.4445,0.0448
60,Accipiter francesiae,unknown,6.6575,0.0724
61,Accipiter gentilis,unknown,6.8421,0.0713
62,Accipiter griseiceps,unknown,6.3779,0.0753
63,Accipiter gularis,male,6.181,NA
64,Accipiter gularis,unknown,6.2407,0.0652
65,Accipiter gundlachi,male,5.6531,0.0498
66,Accipiter gundlachi,unknown,5.6936,0.0654
67,Accipiter haplochrous,unknown,6.7938,0.0804
68,Accipiter henicogrammus,unknown,5.987,0.0725
69,Accipiter henstii,unknown,5.9715,0.0509
70,Accipiter hiogaster,unknown,6.4247,0.063
71,Accipiter imitator,unknown,6.0464,0.0587
72,Accipiter madagascariensis,unknown,6.3089,0.0692
73,Accipiter melanochlamys,unknown,5.5549,0.0583
74,Accipiter melanoleucus,unknown,6.597,0.0704
75,Accipiter meyerianus,unknown,5.478,0.0528
76,Accipiter minullus,male,6.8779,0.0776
77,Accipiter minullus,unknown,6.6412,0.0968
78,Accipiter nanus,male,5.9807,0.0265
79,Accipiter nanus,unknown,5.5108,0.0634
80,Accipiter nisus,female,6.682,NA
81,Accipiter nisus,male,6.2755,0.0531
82,Accipiter nisus,unknown,6.9077,0.1156
83,Accipiter novaehollandiae,female,5.9071,0.081
84,Accipiter novaehollandiae,unknown,6.7657,0.089
85,Accipiter ovampensis,unknown,6.1312,0.0702
86,Accipiter poliocephalus,unknown,6.3388,0.0724
87,Accipiter poliogaster,female,5.9415,0.0523
88,Accipiter poliogaster,unknown,6.2578,0.0666
89,Accipiter rhodogaster,unknown,5.7937,0.0656
90,Accipiter rufitorques,unknown,6.89,0.0745
91,Accipiter rufiventris,unknown,6.0094,0.0634
92,Accipiter soloensis,female,6.84,NA
93,Accipiter soloensis,male,5.903,0.0639
94,Accipiter soloensis,unknown,6.5512,0.0638
95,Accipiter striatus,unknown,6.5904,0.0736
96,Accipiter superciliosus,unknown,6.6835,0.0882
97,Accipiter tachiro,unknown,6.0913,0.0699
98,Accipiter toussenelii,unknown,6.4448,0.0542
99,Accipiter trinotatus,unknown,6.7346,0.0555
100,Accipiter trivirgatus,unknown,6.1247,0.0504
101,Accipiter virgatus,female,6.9475,0.088
102,Accipiter virgatus,unknown,6.333,0.0638
103,Aceros nipalensis,female,5.9785,0.124
104,Aceros nipalensis,male,7.0519,0.0916
105,Aceros nipalensis,unknown,6.5823,0.0578
106,Achaetops pycnopygius,unknown,5.4618,0.0492
107,Acridotheres albocinctus,unknown,5.5608,0.0533
108,Acridotheres burmannicus,male,6.2941,0.0443
109,Acridotheres burmannicus,unknown,5.614,0.0557
110,Acridotheres cinereus,unknown,5.2616,0.0599
111,Acridotheres cristatellus,unknown,5.8264,0.0607
112,Acridotheres fuscus,unknown,5.1548,0.0535
113,Acridotheres ginginianus,unknown,6.0886,0.0588
114,Acridotheres grandis,unknown,5.8911,0.0602
115,Acridotheres javanicus,unknown,6.0293,0.0652
116,Acridotheres melanopterus,unknown,5.5925,0.0503
117,Acridotheres tristis,unknown,5.9384,0.0486
118,Acrobatornis fonsecai,unknown,4.9775,0.0678
119,Acrocephalus aequinoctialis,male,5.2714,0.0449
120,Acrocephalus aequinoctialis,unknown,4.7143,0.0629
121,Acrocephalus agricola,unknown,5.2607,0.0534
122,Acrocephalus arundinaceus,male,4.6271,0.0511
123,Acrocephalus arundinaceus,unknown,4.9529,0.068
124,Acrocephalus atyphus,unknown,4.4973,0.0734
125,Acrocephalus australis,unknown,5.0254,0.0454
126,Acrocephalus baeticatus,male,5.1818,0.0233
127,Acrocephalus baeticatus,unknown,4.6527,0.0684
128,Acrocephalus bistrigiceps,unknown,5.3671,0.049
129,Acrocephalus brevipennis,unknown,5.3278,0.0609
130,Acrocephalus caffer,unknown,4.8487,0.0612
131,Acrocephalus concinens,male,4.7847,0.0539
132,Acrocephalus concinens,unknown,5.0767,0.058
133,Acrocephalus dumetorum,unknown,5.6367,0.0595
134,Acrocephalus familiaris,unknown,4.8649,0.0605
135,Acrocephalus gracilirostris,unknown,5.1025,0.0489
136,Acrocephalus griseldis,male,5.1287,0.0533
137,Acrocephalus griseldis,unknown,4.9142,0.054
138,Acrocephalus hiwae,unknown,4.3363,0.0616
139,Acrocephalus melanopogon,unknown,6.0251,0.0662
140,Acrocephalus mendanae,unknown,4.9209,0.0621
141,Acrocephalus newtoni,unknown,4.8536,0.0571
142,Acrocephalus orientalis,unknown,4.8364,0.0757
143,Acrocephalus orinus,male,4.3413,0.0911
144,Acrocephalus orinus,unknown,4.9637,0.0552
145,Acrocephalus paludicola,male,5.143,NA
146,Acrocephalus paludicola,unknown,5.6098,0.0563
147,Acrocephalus palustris,male,4.8942,0.0728
148,Acrocephalus palustris,unknown,5.2229,0.0583
149,Acrocephalus percernis,unknown,5.0274,0.0504
150,Acrocephalus rimitarae,unknown,4.9199,0.0566
151,Acrocephalus rodericanus,unknown,5.2445,0.0672
152,Acrocephalus rufescens,male,4.9504,0.0557
153,Acrocephalus rufescens,unknown,4.5461,0.0714
154,Acrocephalus schoenobaenus,unknown,5.1266,0.0467
155,Acrocephalus scirpaceus,unknown,5.5761,0.0598
156,Acrocephalus sechellensis,unknown,5.4191,0.0569
157,Acrocephalus sorghophilus,unknown,4.8368,0.0658
158,Acrocephalus stentoreus,male,4.6553,0.0325
159,Acrocephalus stentoreus,unknown,4.7928,0.0552
160,Acrocephalus syrinx,unknown,4.6965,0.0843
161,Acrocephalus taiti,unknown,5.0742,0.0481
162,Acrocephalus tangorum,unknown,5.2169,0.0529
163,Acrocephalus vaughani,unknown,4.9286,0.0524
164,Acropternis orthonyx,unknown,6.12,0.0636
165,Acryllium vulturinum,unknown,6.6958,0.0715
166,Actenoides concretus,male,7.3666,0.0889
167,Actenoides concretus,unknown,7.8124,0.1212
168,Actenoides hombroni,unknown,6.842,0.0811
169,Actenoides lindsayi,unknown,7.2308,0.0895
170,Actenoides monachus,female,7.343,0.0851
171,Actenoides monachus,male,7.2838,0.0728
172,Actenoides monachus,unknown,7.7575,0.1105
173,Actenoides princeps,male,6.9474,0.1517
174,Actenoides princeps,unknown,7.4236,0.094
175,Actinodura cyanouroptera,unknown,6.1695,0.0722
176,Actinodura egertoni,male,6.0896,0.0332
177,Actinodura egertoni,unknown,6.8253,0.0824
178,Actinodura morrisoniana,unknown,6.2337,0.063
179,Actinodura nipalensis,unknown,6.4682,0.0693
180,Actinodura ramsayi,unknown,6.6477,0.0582
181,Actinodura sodangorum,unknown,5.6636,0.0587
182,Actinodura souliei,unknown,5.3633,0.0476
183,Actinodura strigula,unknown,6.6416,0.0754
184,Actinodura waldeni,unknown,6.6829,0.0736
185,Actitis hypoleucos,unknown,6.029,0.0603
186,Actitis macularius,unknown,5.6705,0.0642
187,Actophilornis africanus,female,5.9193,0.0589
188,Actophilornis africanus,unknown,6.1369,0.0562
189,Actophilornis albinucha,unknown,6.0438,0.0562
190,Adelomyia melanogenys,unknown,7.1152,0.0915
191,Aechmophorus clarkii,unknown,5.4629,0.0497
192,Aechmophorus occidentalis,unknown,6.183,0.0626
193,Aegithalos caudatus,unknown,7.3038,0.0649
194,Aegithalos concinnus,unknown,7.2185,0.0858
195,Aegithalos fuliginosus,unknown,6.7914,0.0984
196,Aegithalos glaucogularis,unknown,7.0922,0.0816
197,Aegithalos iouschistos,unknown,6.7536,0.0693
198,Aegithalos leucogenys,unknown,6.2935,0.0619
199,Aegithalos niveogularis,unknown,6.1885,0.0636
200,Aegithina lafresnayei,unknown,6.2744,0.0674
201,Aegithina nigrolutea,female,5.8736,0.0588
202,Aegithina nigrolutea,unknown,6.7988,0.0955
203,Aegithina tiphia,female,6.4527,0.0708
204,Aegithina tiphia,male,6.3038,0.0232
205,Aegithina tiphia,unknown,5.8767,0.0462
206,Aegithina viridissima,male,6.0161,0.0717
207,Aegithina viridissima,unknown,5.9821,0.0627
208,Aegolius acadicus,unknown,7.8192,0.1131
209,Aegolius funereus,male,7.0469,0.0705
210,Aegolius funereus,unknown,7.129,0.0892
211,Aegolius harrisii,unknown,7.3259,0.1016
212,Aegolius ridgwayi,unknown,7.1265,0.1232
213,Aegotheles affinis,unknown,5.9983,0.0643
214,Aegotheles albertisi,unknown,6.1622,0.0682
215,Aegotheles bennettii,unknown,6.12,0.0619
216,Aegotheles crinifrons,unknown,5.7452,0.061
217,Aegotheles cristatus,unknown,5.8403,0.0459
218,Aegotheles insignis,male,5.9928,0.0623
219,Aegotheles insignis,unknown,6.7198,0.0612
220,Aegotheles tatei,unknown,5.9353,0.057
221,Aegotheles wallacii,unknown,5.4547,0.0483
222,Aegypius monachus,unknown,6.2966,0.0563
223,Aepypodius arfakianus,unknown,4.9266,0.055
224,Aepypodius bruijnii,unknown,4.1902,0.0656
225,Aerodramus amelis,unknown,5.238,0.0688
226,Aerodramus bartschi,unknown,4.7727,0.0526
227,Aerodramus brevirostris,unknown,5.0503,0.0537
228,Aerodramus ceramensis,unknown,4.4567,0.0734
229,Aerodramus elaphrus,unknown,4.5814,0.0475
230,Aerodramus francicus,unknown,4.8236,0.0621
231,Aerodramus fuciphagus,unknown,5.1925,0.0656
232,Aerodramus germani,unknown,5.4782,0.0541
233,Aerodramus hirundinaceus,unknown,5.7588,0.0474
234,Aerodramus infuscatus,unknown,4.5171,0.0601
235,Aerodramus inquietus,unknown,4.7728,0.0667
236,Aerodramus leucophaeus,unknown,4.6141,0.0605
237,Aerodramus maximus,unknown,5.0711,0.0557
238,Aerodramus mearnsi,unknown,5.1054,0.0571
239,Aerodramus ocistus,unknown,5.1077,0.0463
240,Aerodramus pelewensis,unknown,4.3583,0.0706
241,Aerodramus salangana,unknown,4.7782,0.0541
242,Aerodramus sawtelli,unknown,4.5474,0.0693
243,Aerodramus sororum,unknown,5.1784,0.0651
244,Aerodramus spodiopygius,unknown,5.5341,0.0606
245,Aerodramus terraereginae,unknown,5.4019,0.0567
246,Aerodramus unicolor,unknown,5.2841,0.0499
247,Aerodramus vanikorensis,unknown,5.2105,0.0479
248,Aerodramus vulcanorum,unknown,4.2657,0.0685
249,Aeronautes andecolus,unknown,6.1639,0.0632
250,Aeronautes montivagus,unknown,5.5117,0.0549
251,Aeronautes saxatalis,unknown,5.5512,0.0645
252,Aethia cristatella,unknown,5.785,0.0506
253,Aethia psittacula,unknown,5.4758,0.06
254,Aethia pusilla,unknown,5.401,0.0661
255,Aethia pygmaea,unknown,6.1309,0.0642
256,Aethopyga bella,male,6.3965,0.0693
257,Aethopyga bella,unknown,6.3715,0.0707
258,Aethopyga boltoni,female,6.4506,0.0601
259,Aethopyga boltoni,male,6.1034,0.0566
260,Aethopyga boltoni,unknown,6.1607,0.0758
261,Aethopyga christinae,male,6.8703,0.1204
262,Aethopyga christinae,unknown,7.0147,0.0822
263,Aethopyga decorosa,unknown,6.1593,0.0623
264,Aethopyga duyvenbodei,female,6.0613,0.0759
265,Aethopyga duyvenbodei,male,6.4141,0.0489
266,Aethopyga duyvenbodei,unknown,7.1629,0.1031
267,Aethopyga eximia,male,6.2726,0.0719
268,Aethopyga eximia,unknown,6.1795,0.0923
269,Aethopyga flagrans,unknown,6.4784,0.0736
270,Aethopyga gouldiae,female,6.5486,0.0394
271,Aethopyga gouldiae,male,7.3021,0.0676
272,Aethopyga gouldiae,unknown,7.1559,0.1314
273,Aethopyga guimarasensis,female,6.3059,0.0718
274,Aethopyga guimarasensis,unknown,6.5601,0.0632
275,Aethopyga ignicauda,male,7.2016,0.0765
276,Aethopyga ignicauda,unknown,7.1943,0.0847
277,Aethopyga jefferyi,male,6.4932,0.0466
278,Aethopyga jefferyi,unknown,6.2825,0.0645
279,Aethopyga linaraborae,male,6.7696,0.0673
280,Aethopyga linaraborae,unknown,6.5085,0.0647
281,Aethopyga magnifica,unknown,5.9177,0.0567
282,Aethopyga mystacalis,male,6.2879,0.0696
283,Aethopyga mystacalis,unknown,6.2606,0.0638
284,Aethopyga nipalensis,male,6.6115,0.0601
285,Aethopyga nipalensis,unknown,7.4114,0.1166
286,Aethopyga primigenia,unknown,5.6537,0.0563
287,Aethopyga pulcherrima,female,5.1003,0.0464
288,Aethopyga pulcherrima,unknown,6.7303,0.0941
289,Aethopyga saturata,female,6.527,NA
290,Aethopyga saturata,male,6.5799,0.0575
291,Aethopyga saturata,unknown,6.8865,0.0844
292,Aethopyga shelleyi,male,6.6419,0.0527
293,Aethopyga shelleyi,unknown,7.0167,0.101
294,Aethopyga siparaja,female,5.7266,0.0852
295,Aethopyga siparaja,male,6.5727,0.0616
296,Aethopyga siparaja,unknown,6.6251,0.0958
297,Aethopyga temminckii,unknown,7.3925,0.1093
298,Aethopyga tibolii,male,4.4187,0.0711
299,Aethopyga tibolii,unknown,5.6668,0.0551
300,Aethopyga vigorsii,male,6.1316,0.0488
301,Aethopyga vigorsii,unknown,5.9979,0.0721
302,Afropavo congensis,unknown,6.5637,0.0773
303,Agamia agami,unknown,6.6795,0.0843
304,Agapornis canus,male,6.5047,0.0571
305,Agapornis canus,unknown,7.1012,0.0972
306,Agapornis fischeri,unknown,7.2844,0.0985
307,Agapornis lilianae,unknown,7.6717,0.1059
308,Agapornis nigrigenis,unknown,7.0441,0.1159
309,Agapornis personatus,unknown,7.6105,0.124
310,Agapornis pullarius,male,7.6092,0.0867
311,Agapornis pullarius,unknown,6.8289,0.0669
312,Agapornis roseicollis,unknown,7.0079,0.0988
313,Agapornis swindernianus,unknown,6.2237,0.0628
314,Agapornis taranta,female,6.3645,0.059
315,Agapornis taranta,unknown,7.1098,0.0874
316,Agelaioides badius,unknown,5.5831,0.062
317,Agelaioides fringillarius,unknown,4.7448,0.0573
318,Agelaius assimilis,male,6.33,0.0496
319,Agelaius assimilis,unknown,6.6023,0.0589
320,Agelaius humeralis,unknown,5.623,0.0564
321,Agelaius phoeniceus,female,5.6293,0.0522
322,Agelaius phoeniceus,male,6.4978,0.0227
323,Agelaius phoeniceus,unknown,6.3665,0.0625
324,Agelaius tricolor,female,4.824,0.0327
325,Agelaius tricolor,male,5.6644,0.0584
326,Agelaius tricolor,unknown,5.8422,0.0571
327,Agelaius xanthomus,unknown,6.5246,0.0696
328,Agelastes niger,unknown,4.5242,0.0703
329,Agelasticus cyanopus,female,5.6966,0.0559
330,Agelasticus cyanopus,male,5.327,0.0596
331,Agelasticus cyanopus,unknown,5.123,0.0437
332,Agelasticus thilius,female,6.056,0.0503
333,Agelasticus thilius,male,6.1915,0.061
334,Agelasticus thilius,unknown,6.4089,0.0678
335,Agelasticus xanthophthalmus,unknown,5.5619,0.0557
336,Aglaeactis aliciae,unknown,5.3208,0.0539
337,Aglaeactis castelnaudii,unknown,6.764,0.082
338,Aglaeactis cupripennis,male,7.1072,0.0737
339,Aglaeactis cupripennis,unknown,6.9336,0.0933
340,Aglaeactis pamela,male,6.8986,0.0793
341,Aglaeactis pamela,unknown,6.6395,0.0832
342,Aglaiocercus berlepschi,female,6.9263,0.0782
343,Aglaiocercus berlepschi,unknown,6.3069,0.0597
344,Aglaiocercus coelestis,male,6.9761,0.0528
345,Aglaiocercus coelestis,unknown,7.3666,0.1015
346,Aglaiocercus kingii,male,7.4466,0.0698
347,Aglaiocercus kingii,unknown,7.5025,0.1027
348,Agraphospiza rubescens,male,5.2632,0.0578
349,Agraphospiza rubescens,unknown,5.7996,0.0628
350,Agricola infuscatus,unknown,5.3338,0.0592
351,Agricola pallidus,unknown,5.1712,0.0544
352,Agriornis albicauda,unknown,4.9177,0.0484
353,Agriornis lividus,unknown,5.5232,0.0729
354,Agriornis micropterus,unknown,5.0199,0.0665
355,Agriornis montanus,unknown,4.6684,0.0618
356,Agriornis murinus,unknown,4.9695,0.0714
357,Agropsar philippensis,female,6.1794,0.0429
358,Agropsar philippensis,male,5.9395,0.0427
359,Agropsar philippensis,unknown,5.9905,0.0536
360,Agropsar sturninus,male,5.9105,0.0366
361,Agropsar sturninus,unknown,6.1427,0.0557
362,Ailuroedus arfakianus,unknown,6.1449,0.0621
363,Ailuroedus buccoides,unknown,4.9147,0.0623
364,Ailuroedus crassirostris,unknown,6.1974,0.0555
365,Ailuroedus geislerorum,unknown,5.7075,0.0609
366,Ailuroedus maculosus,unknown,6.0058,0.0612
367,Ailuroedus melanotis,unknown,4.8899,0.0626
368,Ailuroedus stonii,unknown,5.0918,0.0653
369,Aimophila notosticta,unknown,5.2135,0.0662
370,Aimophila rufescens,unknown,5.8385,0.0565
371,Aimophila ruficeps,unknown,5.836,0.0545
372,Aix galericulata,male,6.5613,0.0701
373,Aix galericulata,unknown,7.6029,0.1269
374,Aix sponsa,male,6.7736,0.0484
375,Aix sponsa,unknown,6.7321,0.075
376,Akletos goeldii,male,5.4582,0.0537
377,Akletos goeldii,unknown,5.2799,0.0481
378,Akletos melanoceps,female,6.3121,0.0689
379,Akletos melanoceps,unknown,5.9082,0.0693
380,Alaemon alaudipes,unknown,4.5785,0.0562
381,Alaemon hamertoni,unknown,4.6403,0.0564
382,Alauda arvensis,male,5.1405,0.0539
383,Alauda arvensis,unknown,4.5049,0.0617
384,Alauda gulgula,unknown,5.1024,0.0543
385,Alauda leucoptera,male,4.7483,0.0646
386,Alauda leucoptera,unknown,5.2099,0.0483
387,Alauda razae,unknown,4.1981,0.0756
388,Alaudala cheleensis,unknown,5.2024,0.0444
389,Alaudala raytal,unknown,5.3491,0.0526
390,Alaudala rufescens,unknown,4.8185,0.0645
391,Alaudala somalica,unknown,4.6981,0.0601
392,Alca torda,unknown,6.5791,0.0764
393,Alcedo atthis,male,7.315,0.0113
394,Alcedo atthis,unknown,7.6532,0.0919
395,Alcedo coerulescens,unknown,7.783,0.1158
396,Alcedo euryzona,female,7.0215,0.0322
397,Alcedo euryzona,male,7.4244,0.0799
398,Alcedo euryzona,unknown,7.3083,0.1199
399,Alcedo hercules,male,7.6465,0.1429
400,Alcedo hercules,unknown,7.5239,0.1184
401,Alcedo meninting,male,7.3936,0.0813
402,Alcedo meninting,unknown,6.8273,0.0733
403,Alcedo quadribrachys,male,7.6369,0.0948
404,Alcedo quadribrachys,unknown,7.3612,0.0919
405,Alcedo semitorquata,unknown,7.7034,0.0949
406,Alcippe brunneicauda,unknown,4.774,0.0621
407,Alcippe davidi,unknown,5.7445,0.0447
408,Alcippe fratercula,unknown,6.2938,0.0709
409,Alcippe grotei,unknown,5.1072,0.0485
410,Alcippe hueti,unknown,5.9951,0.0694
411,Alcippe morrisonia,unknown,5.7619,0.0627
412,Alcippe nipalensis,unknown,5.8879,0.0636
413,Alcippe peracensis,unknown,6.1226,0.0627
414,Alcippe poioicephala,unknown,4.8067,0.0548
415,Alcippe pyrrhoptera,unknown,5.0398,0.0541
416,Alcippe variegaticeps,unknown,6.2486,0.0624
417,Aleadryas rufinucha,unknown,5.4735,0.0567
418,Alectoris barbara,unknown,5.5927,0.0472
419,Alectoris chukar,unknown,5.8038,0.0605
420,Alectoris graeca,unknown,5.8173,0.0647
421,Alectoris magna,unknown,6.0044,0.0591
422,Alectoris melanocephala,unknown,5.3642,0.0479
423,Alectoris philbyi,unknown,5.266,0.0534
424,Alectoris rufa,male,5.5444,0.0334
425,Alectoris rufa,unknown,6.3171,0.0653
426,Alectroenas madagascariensis,unknown,5.8566,0.0785
427,Alectroenas pulcherrimus,unknown,5.3833,0.0493
428,Alectroenas sganzini,unknown,5.6321,0.0451
429,Alectrurus risora,female,5.3132,0.0713
430,Alectrurus risora,male,6.042,NA
431,Alectrurus risora,unknown,6.1448,0.0562
432,Alectrurus tricolor,male,6.5432,0.0444
433,Alectrurus tricolor,unknown,4.8841,0.0442
434,Alectura lathami,unknown,4.9873,0.0599
435,Alethe castanea,unknown,4.911,0.0598
436,Alethe diademata,male,5.8632,0.0507
437,Alethe diademata,unknown,5.2595,0.0582
438,Alipiopsitta xanthops,unknown,6.041,0.0565
439,Alisterus amboinensis,unknown,6.7587,0.0744
440,Alisterus chloropterus,unknown,6.6946,0.0634
441,Alisterus scapularis,female,6.8746,0.0682
442,Alisterus scapularis,male,6.7635,0.0687
443,Alisterus scapularis,unknown,7.3471,0.0924
444,Alle alle,unknown,6.1939,0.0518
445,Allenia fusca,unknown,4.7603,0.0654
446,Alopecoenas beccarii,unknown,5.8054,0.0602
447,Alopecoenas canifrons,unknown,5.197,0.0636
448,Alopecoenas erythropterus,female,5.717,0.0321
449,Alopecoenas erythropterus,male,5.8486,0.0435
450,Alopecoenas erythropterus,unknown,5.774,0.0736
451,Alopecoenas hoedtii,female,5.7233,0.0251
452,Alopecoenas hoedtii,male,5.1096,0.0526
453,Alopecoenas hoedtii,unknown,6.2943,0.0637
454,Alopecoenas kubaryi,unknown,5.4392,0.0506
455,Alopecoenas rubescens,unknown,5.3019,0.0565
456,Alopecoenas stairi,unknown,5.1561,0.061
457,Alopecoenas xanthonurus,unknown,5.0236,0.054
458,Alophoixus affinis,unknown,5.2653,0.0539
459,Alophoixus aureus,unknown,5.5411,0.0497
460,Alophoixus bres,unknown,5.2736,0.0622
461,Alophoixus chloris,unknown,5.8518,0.0577
462,Alophoixus finschii,unknown,4.777,0.0726
463,Alophoixus flaveolus,unknown,5.5748,0.0492
464,Alophoixus frater,unknown,5.1075,0.0412
465,Alophoixus longirostris,unknown,5.4722,0.0572
466,Alophoixus lucasi,unknown,5.4479,0.0581
467,Alophoixus mystacalis,unknown,5.3455,0.0523
468,Alophoixus ochraceus,unknown,5.7105,0.0554
469,Alophoixus pallidus,unknown,5.8501,0.0591
470,Alophoixus phaeocephalus,unknown,5.9367,0.086
471,Alophoixus platenae,unknown,4.51,0.0703
472,Alopochelidon fucata,unknown,6.201,0.0583
473,Alopochen aegyptiaca,unknown,6.3231,0.0822
474,Amadina erythrocephala,female,5.8083,0.0292
475,Amadina erythrocephala,male,5.9383,0.0546
476,Amadina erythrocephala,unknown,5.9252,0.0508
477,Amadina fasciata,unknown,5.7257,0.0534
478,Amalocichla incerta,male,5.1475,0.0499
479,Amalocichla incerta,unknown,6.0178,0.0579
480,Amalocichla sclateriana,unknown,4.8565,0.0551
481,Amandava amandava,male,7.2448,0.0904
482,Amandava amandava,unknown,7.337,0.0912
483,Amaurolimnas concolor,unknown,4.7951,0.0521
484,Amaurornis cinerea,unknown,4.8114,0.0466
485,Amaurornis isabellina,unknown,5.2369,0.0527
486,Amaurornis marginalis,female,4.392,0.0067
487,Amaurornis marginalis,unknown,5.1057,0.0565
488,Amaurornis moluccana,unknown,5.3352,0.0661
489,Amaurornis olivacea,unknown,5.1627,0.0629
490,Amaurornis phoenicurus,unknown,6.0165,0.0727
491,Amaurospiza concolor,male,6.0856,0.0337
492,Amaurospiza concolor,unknown,5.3102,0.059
493,Amaurospiza moesta,male,5.8844,0.0649
494,Amaurospiza moesta,unknown,6.3341,0.0655
495,Amazilia amabilis,unknown,7.2149,0.1077
496,Amazilia amazilia,unknown,6.5332,0.0736
497,Amazilia beryllina,unknown,7.68,0.125
498,Amazilia boucardi,female,7.3242,0.0802
499,Amazilia boucardi,unknown,7.1535,0.1027
500,Amazilia brevirostris,unknown,7.193,0.0854
501,Amazilia candida,unknown,6.4972,0.0776
502,Amazilia castaneiventris,female,6.9454,0.0352
503,Amazilia castaneiventris,unknown,6.9849,0.0715
504,Amazilia chionogaster,unknown,6.6356,0.0603
505,Amazilia cyanifrons,unknown,7.4839,0.094
506,Amazilia cyanocephala,unknown,7.1745,0.1362
507,Amazilia cyanura,unknown,6.6563,0.0709
508,Amazilia decora,male,7.3953,0.0918
509,Amazilia decora,unknown,7.3512,0.1127
510,Amazilia edward,unknown,7.3642,0.0987
511,Amazilia fimbriata,male,7.4975,0.1006
512,Amazilia fimbriata,unknown,7.7911,0.1535
513,Amazilia franciae,unknown,7.4505,0.1176
514,Amazilia hoffmanni,unknown,6.999,0.0769
515,Amazilia lactea,unknown,7.1907,0.1028
516,Amazilia leucogaster,unknown,7.3227,0.0919
517,Amazilia luciae,male,6.2456,0.0352
518,Amazilia luciae,unknown,6.9024,0.0736
519,Amazilia rosenbergi,female,7.1181,0.0532
520,Amazilia rosenbergi,male,7.2783,0.0842
521,Amazilia rosenbergi,unknown,6.4597,0.0637
522,Amazilia rutila,unknown,6.3958,0.0738
523,Amazilia saucerottei,unknown,7.7177,0.0863
524,Amazilia tobaci,unknown,7.3459,0.0897
525,Amazilia tzacatl,unknown,7.1295,0.0933
526,Amazilia versicolor,unknown,6.7579,0.0836
527,Amazilia violiceps,unknown,6.8368,0.0675
528,Amazilia viridicauda,unknown,7.2501,0.0981
529,Amazilia viridifrons,unknown,6.4746,0.0631
530,Amazilia viridigaster,female,7.1055,0.0689
531,Amazilia viridigaster,male,7.405,NA
532,Amazilia viridigaster,unknown,7.3616,0.0999
533,Amazilia yucatanensis,unknown,7.2208,0.1098
534,Amazona aestiva,unknown,6.9988,0.0962
535,Amazona agilis,unknown,6.5738,0.0602
536,Amazona albifrons,unknown,6.867,0.0997
537,Amazona amazonica,unknown,6.5665,0.0704
538,Amazona arausiaca,unknown,6.2495,0.0474
539,Amazona auropalliata,unknown,7.0018,0.1014
540,Amazona autumnalis,unknown,6.7758,0.0794
541,Amazona barbadensis,unknown,6.6376,0.1033
542,Amazona brasiliensis,unknown,6.4006,0.0549
543,Amazona collaria,unknown,6.8116,0.0711
544,Amazona dufresniana,unknown,5.8594,0.0529
545,Amazona farinosa,unknown,6.3712,0.0757
546,Amazona festiva,unknown,6.5967,0.0659
547,Amazona finschi,unknown,6.2855,0.0784
548,Amazona guildingii,unknown,6.4934,0.0778
549,Amazona imperialis,unknown,5.5652,0.0531
550,Amazona kawalli,unknown,7.0744,0.0986
551,Amazona leucocephala,unknown,6.22,0.0524
552,Amazona mercenarius,unknown,6.4573,0.0688
553,Amazona ochrocephala,unknown,7.1286,0.0795
554,Amazona oratrix,unknown,6.6274,0.0724
555,Amazona pretrei,female,6.7124,0.112
556,Amazona pretrei,male,6.5854,0.0635
557,Amazona pretrei,unknown,6.7526,0.0782
558,Amazona rhodocorytha,unknown,6.9499,0.0654
559,Amazona tucumana,unknown,6.5437,0.0779
560,Amazona ventralis,unknown,7.0516,0.0943
561,Amazona versicolor,unknown,6.7309,0.0777
562,Amazona vinacea,unknown,6.7486,0.0712
563,Amazona viridigenalis,unknown,6.6883,0.08
564,Amazona vittata,unknown,6.3394,0.0755
565,Amazona xantholora,unknown,6.4212,0.0532
566,Amazonetta brasiliensis,female,5.317,NA
567,Amazonetta brasiliensis,male,5.6345,0.0244
568,Amazonetta brasiliensis,unknown,6.2911,0.0745
569,Amblycercus holosericeus,unknown,5.3855,0.0478
570,Amblyornis inornata,male,5.5738,0.048
571,Amblyornis inornata,unknown,5.4454,0.064
572,Amblyornis macgregoriae,unknown,5.0217,0.0735
573,Amblyornis newtoniana,male,6.6027,0.0398
574,Amblyornis newtoniana,unknown,6.2201,0.0652
575,Amblyospiza albifrons,male,6.0747,0.057
576,Amblyospiza albifrons,unknown,5.6729,0.0627
577,Amblyramphus holosericeus,unknown,7.1079,0.1002
578,Ammodramus aurifrons,male,5.3854,0.0279
579,Ammodramus aurifrons,unknown,5.3581,0.0472
580,Ammodramus humeralis,unknown,5.2054,0.052
581,Ammodramus savannarum,unknown,4.9624,0.0505
582,Ammomanes cinctura,unknown,4.7738,0.0678
583,Ammomanes deserti,unknown,4.4371,0.0673
584,Ammomanes phoenicura,female,5.503,NA
585,Ammomanes phoenicura,unknown,5.3438,0.0405
586,Ammomanopsis grayi,unknown,4.8961,0.0473
587,Ammonastes pelzelni,unknown,5.1224,0.0475
588,Ammoperdix griseogularis,female,5.537,0.0265
589,Ammoperdix griseogularis,male,6.1833,0.0538
590,Ammoperdix griseogularis,unknown,6.8083,0.0352
591,Ammoperdix heyi,male,5.3121,0.0562
592,Ammoperdix heyi,unknown,5.9379,0.0666
593,Ammospiza caudacuta,unknown,5.7751,0.0478
594,Ammospiza leconteii,unknown,6.4484,0.0715
595,Ammospiza maritima,male,5.9935,0.0621
596,Ammospiza maritima,unknown,4.9905,0.048
597,Ammospiza nelsoni,unknown,5.5452,0.0571
598,Ampeliceps coronatus,unknown,5.6631,0.0479
599,Ampelioides tschudii,male,6.7028,0.0833
600,Ampelioides tschudii,unknown,5.664,0.0515
601,Ampelion rubrocristatus,female,6.6143,0.0174
602,Ampelion rubrocristatus,unknown,5.8101,0.0436
603,Ampelion rufaxilla,unknown,6.0841,0.0641
604,Ampelornis griseiceps,male,5.0979,0.0687
605,Ampelornis griseiceps,unknown,5.585,0.0515
606,Amphilais seebohmi,unknown,5.044,0.0565
607,Amphispiza bilineata,male,5.872,0.0578
608,Amphispiza bilineata,unknown,5.7199,0.0455
609,Amphispiza quinquestriata,unknown,5.1518,0.0545
610,Amytornis ballarae,female,6.5201,0.0733
611,Amytornis ballarae,male,6.3936,0.0481
612,Amytornis ballarae,unknown,5.2655,0.047
613,Amytornis barbatus,unknown,5.647,0.0589
614,Amytornis dorotheae,unknown,6.1325,0.0631
615,Amytornis goyderi,unknown,6.6625,0.0624
616,Amytornis housei,unknown,5.9939,0.0606
617,Amytornis merrotsyi,unknown,6.3205,0.06
618,Amytornis modestus,unknown,5.447,0.0366
619,Amytornis oweni,unknown,5.7683,0.0785
620,Amytornis purnelli,female,6.454,NA
621,Amytornis purnelli,male,6.454,NA
622,Amytornis purnelli,unknown,6.2437,0.0623
623,Amytornis rowleyi,unknown,6.3358,0.0672
624,Amytornis striatus,unknown,6.1352,0.0579
625,Amytornis textilis,unknown,5.1163,0.0494
626,Amytornis whitei,unknown,6.0769,0.0615
627,Amytornis woodwardi,unknown,6.8952,0.0808
628,Anabacerthia amaurotis,unknown,4.9727,0.0527
629,Anabacerthia lichtensteini,unknown,5.7475,0.0577
630,Anabacerthia ruficaudata,unknown,5.5393,0.0404
631,Anabacerthia striaticollis,unknown,5.4136,0.0718
632,Anabacerthia variegaticeps,unknown,5.5316,0.0565
633,Anabathmis hartlaubii,male,5.9603,0.0838
634,Anabathmis hartlaubii,unknown,6.451,0.0675
635,Anabathmis newtonii,male,6.4418,0.0479
636,Anabathmis newtonii,unknown,6.6363,0.0823
637,Anabathmis reichenbachii,unknown,6.034,0.0511
638,Anabazenops dorsalis,unknown,5.3511,0.0434
639,Anabazenops fuscus,unknown,5.4035,0.0566
640,Anairetes alpinus,unknown,4.9394,0.0573
641,Anairetes fernandezianus,unknown,5.9402,0.0527
642,Anairetes flavirostris,unknown,5.7913,0.062
643,Anairetes nigrocristatus,unknown,6.794,0.0787
644,Anairetes parulus,unknown,6.2849,0.0653
645,Anairetes reguloides,unknown,6.1181,0.0557
646,Analisoma analis,unknown,5.0365,0.083
647,Analisoma coerulescens,unknown,4.6445,0.0677
648,Analisoma ostenta,unknown,5.2,0.0531
649,Anaplectes rubriceps,unknown,6.3693,0.0741
650,Anarhynchus frontalis,unknown,5.6687,0.057
651,Anas acuta,male,5.735,0.052
652,Anas acuta,unknown,5.6396,0.0494
653,Anas albogularis,female,6.1933,0.0736
654,Anas albogularis,unknown,5.4567,0.0492
655,Anas andium,unknown,5.4524,0.0434
656,Anas aucklandica,unknown,5.3934,0.0471
657,Anas bahamensis,unknown,6.0559,0.0639
658,Anas bernieri,unknown,5.6614,0.0518
659,Anas capensis,unknown,5.2971,0.0601
660,Anas castanea,male,6.1896,0.0667
661,Anas castanea,unknown,5.8694,0.0596
662,Anas chlorotis,unknown,5.7821,0.0706
663,Anas crecca,male,5.6598,0.0233
664,Anas crecca,unknown,5.9206,0.0624
665,Anas diazi,male,5.6889,0.0441
666,Anas diazi,unknown,5.0501,0.0641
667,Anas eatoni,female,4.9478,0.034
668,Anas eatoni,male,5.0425,0.0277
669,Anas eatoni,unknown,5.6246,0.0586
670,Anas erythrorhyncha,unknown,5.8317,0.056
671,Anas flavirostris,unknown,5.383,0.0413
672,Anas fulvigula,male,5.2346,0.0996
673,Anas fulvigula,unknown,5.5354,0.0665
674,Anas georgica,unknown,5.1789,0.0466
675,Anas gibberifrons,male,4.8288,0.0564
676,Anas gibberifrons,unknown,5.4978,0.0522
677,Anas gracilis,female,5.485,0.0717
678,Anas gracilis,unknown,5.368,0.0538
679,Anas laysanensis,unknown,5.3403,0.0508
680,Anas luzonica,unknown,5.4115,0.0471
681,Anas melleri,unknown,5.8143,0.05
682,Anas nesiotis,female,4.7979,0.0524
683,Anas nesiotis,male,4.988,NA
684,Anas nesiotis,unknown,5.9221,0.0727
685,Anas platyrhynchos,male,5.7034,0.0567
686,Anas platyrhynchos,unknown,5.8489,0.0503
687,Anas poecilorhyncha,male,5.7637,0.0585
688,Anas poecilorhyncha,unknown,5.5153,0.0546
689,Anas rubripes,unknown,5.0393,0.0524
690,Anas sparsa,unknown,5.5659,0.0524
691,Anas superciliosa,unknown,6.1373,0.0549
692,Anas undulata,unknown,5.7748,0.0661
693,Anas wyvilliana,male,5.7196,0.0243
694,Anas wyvilliana,unknown,5.1938,0.0559
695,Anas zonorhyncha,male,5.68,0.0563
696,Anas zonorhyncha,unknown,6.1962,0.0767
697,Anastomus lamelligerus,unknown,5.6364,0.053
698,Anastomus oscitans,unknown,5.7324,0.0486
699,Ancistrops strigilatus,unknown,5.2111,0.0575
700,Andigena cucullata,unknown,6.8653,0.0714
701,Andigena hypoglauca,unknown,6.9316,0.0781
702,Andigena laminirostris,female,7.233,0.0981
703,Andigena laminirostris,unknown,7.4416,0.0887
704,Andigena nigrirostris,unknown,7.0668,0.0982
705,Androdon aequatorialis,male,6.1704,0.0783
706,Androdon aequatorialis,unknown,6.9716,0.1091
707,Andropadus importunus,unknown,5.2908,0.055
708,Androphobus viridis,unknown,4.5901,0.0696
709,Anhima cornuta,unknown,5.3103,0.0614
710,Anhinga anhinga,male,6.7177,0.0768
711,Anhinga anhinga,unknown,5.5689,0.0511
712,Anhinga melanogaster,unknown,5.7803,0.0489
713,Anhinga novaehollandiae,male,5.9754,0.0771
714,Anhinga novaehollandiae,unknown,5.5947,0.0467
715,Anhinga rufa,unknown,5.5845,0.053
716,Anisognathus igniventris,unknown,7.0445,0.0866
717,Anisognathus lacrymosus,unknown,6.8065,0.0729
718,Anisognathus melanogenys,unknown,6.5117,0.0681
719,Anisognathus notabilis,unknown,7.0766,0.0944
720,Anisognathus somptuosus,unknown,7.396,0.1032
721,Anodorhynchus hyacinthinus,unknown,7.7429,0.1166
722,Anodorhynchus leari,unknown,6.6782,0.0746
723,Anomalospiza imberbis,male,6.3257,0.0707
724,Anomalospiza imberbis,unknown,5.8415,0.0613
725,Anopetia gounellei,unknown,6.4801,0.0857
726,Anorrhinus austeni,male,5.7379,0.0494
727,Anorrhinus austeni,unknown,6.7158,0.0726
728,Anorrhinus galeritus,male,5.4835,0.0426
729,Anorrhinus galeritus,unknown,5.9861,0.0513
730,Anorrhinus tickelli,unknown,5.6802,0.0567
731,Anous albivitta,unknown,5.8514,0.0575
732,Anous ceruleus,unknown,5.6684,0.0641
733,Anous minutus,unknown,5.5432,0.0696
734,Anous stolidus,unknown,6.0573,0.0577
735,Anous tenuirostris,unknown,5.9342,0.0545
736,Anser albifrons,unknown,5.1784,0.0596
737,Anser anser,unknown,5.1104,0.053
738,Anser brachyrhynchus,unknown,4.6383,0.0707
739,Anser caerulescens,unknown,6.2732,0.0773
740,Anser canagicus,unknown,6.015,0.0599
741,Anser cygnoides,unknown,5.4659,0.0578
742,Anser erythropus,unknown,5.8905,0.0506
743,Anser fabalis,unknown,5.2176,0.051
744,Anser indicus,unknown,6.6979,0.0958
745,Anser rossii,unknown,5.8756,0.051
746,Anser serrirostris,unknown,5.1126,0.0593
747,Anseranas semipalmata,unknown,5.0425,0.0528
748,Anthipes monileger,unknown,5.8164,0.0547
749,Anthipes solitaris,unknown,6.1254,0.0605
750,Anthobaphes violacea,male,7.3694,0.0834
751,Anthobaphes violacea,unknown,6.8646,0.0751
752,Anthocephala berlepschi,unknown,6.8369,0.0813
753,Anthocephala floriceps,unknown,5.9999,0.0898
754,Anthochaera carunculata,unknown,5.0671,0.0535
755,Anthochaera chrysoptera,unknown,4.9124,0.058
756,Anthochaera lunulata,unknown,4.9323,0.0597
757,Anthochaera paradoxa,unknown,5.427,0.0643
758,Anthochaera phrygia,unknown,6.0231,0.0506
759,Anthornis melanura,male,5.554,0.0393
760,Anthornis melanura,unknown,6.1489,0.0457
761,Anthoscopus caroli,unknown,4.8812,0.0651
762,Anthoscopus flavifrons,unknown,4.4284,0.0716
763,Anthoscopus minutus,unknown,5.3502,0.0393
764,Anthoscopus musculus,unknown,4.9882,0.0602
765,Anthoscopus parvulus,unknown,6.2538,0.071
766,Anthoscopus punctifrons,unknown,5.8885,0.0656
767,Anthracoceros albirostris,unknown,6.7202,0.0715
768,Anthracoceros coronatus,female,8.189,NA
769,Anthracoceros coronatus,male,5.0718,0.0578
770,Anthracoceros coronatus,unknown,6.1322,0.0754
771,Anthracoceros malayanus,female,6.1403,0.0709
772,Anthracoceros malayanus,unknown,5.6956,0.0647
773,Anthracoceros marchei,unknown,6.0293,0.0603
774,Anthracoceros montani,unknown,5.8123,0.0468
775,Anthracothorax dominicus,male,6.8379,0.0695
776,Anthracothorax dominicus,unknown,6.6157,0.053
777,Anthracothorax mango,unknown,6.8798,0.084
778,Anthracothorax nigricollis,female,7.6009,0.0782
779,Anthracothorax nigricollis,male,6.8861,0.0498
780,Anthracothorax nigricollis,unknown,7.1555,0.1062
781,Anthracothorax prevostii,female,7.1423,0.0632
782,Anthracothorax prevostii,male,7.1796,0.0688
783,Anthracothorax prevostii,unknown,6.755,0.0925
784,Anthracothorax veraguensis,male,6.3562,0.0428
785,Anthracothorax veraguensis,unknown,7.0242,0.0817
786,Anthracothorax viridigula,female,6.7812,0.0308
787,Anthracothorax viridigula,male,7.4624,0.0659
788,Anthracothorax viridigula,unknown,7.4961,0.0992
789,Anthracothorax viridis,unknown,7.2303,0.0854
790,Anthreptes anchietae,unknown,6.486,0.0665
791,Anthreptes aurantius,female,6.9928,0.0817
792,Anthreptes aurantius,unknown,6.0234,0.0529
793,Anthreptes gabonicus,unknown,5.669,0.0464
794,Anthreptes griseigularis,male,5.539,0.0421
795,Anthreptes griseigularis,unknown,6.3672,0.0685
796,Anthreptes longuemarei,male,6.8243,0.0699
797,Anthreptes longuemarei,unknown,6.667,0.0816
798,Anthreptes malacensis,male,6.7844,0.0797
799,Anthreptes malacensis,unknown,7.6162,0.1015
800,Anthreptes neglectus,male,5.0426,0.0561
801,Anthreptes neglectus,unknown,5.2233,0.0633
802,Anthreptes orientalis,unknown,5.8551,0.0537
803,Anthreptes rectirostris,male,7.135,NA
804,Anthreptes rectirostris,unknown,6.4622,0.0774
805,Anthreptes reichenowi,male,5.639,0.0701
806,Anthreptes reichenowi,unknown,5.3356,0.056
807,Anthreptes rhodolaemus,female,5.6892,0.0661
808,Anthreptes rhodolaemus,male,7.1244,0.0754
809,Anthreptes rhodolaemus,unknown,6.4184,0.0793
810,Anthreptes rubritorques,male,5.6022,0.0581
811,Anthreptes rubritorques,unknown,6.2022,0.0654
812,Anthreptes seimundi,female,6.7712,0.0823
813,Anthreptes seimundi,unknown,5.6324,0.0566
814,Anthreptes simplex,male,5.8068,0.0796
815,Anthreptes simplex,unknown,5.9985,0.0418
816,Anthropoides paradiseus,unknown,7.1096,0.1133
817,Anthropoides virgo,unknown,6.6926,0.0894
818,Anthus antarcticus,unknown,4.9199,0.0539
819,Anthus berthelotii,unknown,5.4137,0.0615
820,Anthus bogotensis,unknown,5.2598,0.0501
821,Anthus brachyurus,unknown,4.4137,0.0722
822,Anthus caffer,unknown,5.159,0.0526
823,Anthus campestris,unknown,4.7152,0.0569
824,Anthus cervinus,unknown,5.5149,0.0602
825,Anthus chacoensis,unknown,4.288,0.0848
826,Anthus cinnamomeus,unknown,4.9227,0.058
827,Anthus correndera,unknown,4.7186,0.0641
828,Anthus crenatus,unknown,4.2418,0.0752
829,Anthus furcatus,unknown,5.0357,0.0544
830,Anthus godlewskii,unknown,5.3008,0.0436
831,Anthus gustavi,unknown,4.991,0.054
832,Anthus gutturalis,unknown,5.0032,0.0462
833,Anthus hellmayri,unknown,4.5124,0.0824
834,Anthus hodgsoni,unknown,5.284,0.0644
835,Anthus hoeschi,unknown,4.5828,0.0769
836,Anthus leucophrys,unknown,4.7884,0.0619
837,Anthus lineiventris,unknown,5.0754,0.0523
838,Anthus lutescens,unknown,5.6097,0.056
839,Anthus melindae,unknown,4.9676,0.0432
840,Anthus nattereri,unknown,4.8456,0.0505
841,Anthus nilghiriensis,unknown,5.219,0.0475
842,Anthus novaeseelandiae,unknown,5.1175,0.0588
843,Anthus nyassae,unknown,4.9908,0.0588
844,Anthus pallidiventris,unknown,5.2068,0.0481
845,Anthus peruvianus,unknown,4.4363,0.0678
846,Anthus petrosus,unknown,5.2232,0.0512
847,Anthus pratensis,unknown,4.5989,0.0575
848,Anthus richardi,unknown,4.8238,0.0576
849,Anthus roseatus,unknown,5.1599,0.0439
850,Anthus rubescens,unknown,4.8843,0.062
851,Anthus rufulus,male,4.7157,0.0636
852,Anthus rufulus,unknown,5.0702,0.062
853,Anthus similis,unknown,5.0826,0.0508
854,Anthus sokokensis,unknown,5.4171,0.0647
855,Anthus spinoletta,unknown,5.2417,0.0586
856,Anthus spragueii,unknown,5.2863,0.051
857,Anthus sylvanus,unknown,4.5136,0.0614
858,Anthus trivialis,unknown,5.1265,0.0564
859,Anthus vaalensis,unknown,4.4317,0.059
860,Antigone antigone,unknown,5.7013,0.0479
861,Antigone canadensis,unknown,6.7578,0.0695
862,Antigone rubicunda,unknown,6.1441,0.0563
863,Antigone vipio,unknown,6.6014,0.0854
864,Antilophia bokermanni,female,6.783,0.0665
865,Antilophia bokermanni,male,7.5467,0.0896
866,Antilophia galeata,male,7.277,0.066
867,Antilophia galeata,unknown,6.8536,0.0816
868,Antrostomus arizonae,unknown,5.3734,0.0482
869,Antrostomus badius,female,5.356,0.024
870,Antrostomus badius,unknown,5.924,0.0789
871,Antrostomus carolinensis,female,5.3362,0.0557
872,Antrostomus carolinensis,male,5.3593,0.0267
873,Antrostomus carolinensis,unknown,5.2262,0.0469
874,Antrostomus cubanensis,unknown,5.5095,0.0532
875,Antrostomus noctitherus,male,5.739,0.0325
876,Antrostomus noctitherus,unknown,5.1696,0.0578
877,Antrostomus ridgwayi,male,5.1124,0.0577
878,Antrostomus ridgwayi,unknown,5.9778,0.0673
879,Antrostomus rufus,female,6.1728,0.0458
880,Antrostomus rufus,male,5.47,NA
881,Antrostomus rufus,unknown,5.3838,0.0591
882,Antrostomus salvini,unknown,5.3605,0.0496
883,Antrostomus saturatus,unknown,5.7842,0.0515
884,Antrostomus sericocaudatus,unknown,5.5177,0.0601
885,Antrostomus vociferus,male,5.5735,0.0417
886,Antrostomus vociferus,unknown,5.5989,0.0445
887,Anumara forbesi,unknown,5.7354,0.0578
888,Anumbius annumbi,unknown,5.0545,0.0476
889,Anurolimnas castaneiceps,unknown,5.4795,0.0482
890,Anurolimnas fasciatus,unknown,5.5771,0.0666
891,Anurolimnas viridis,unknown,5.9598,0.0669
892,Anurophasis monorthonyx,male,5.9703,0.0503
893,Anurophasis monorthonyx,unknown,5.3458,0.0495
894,Apalis alticola,unknown,5.0903,0.0633
895,Apalis argentea,unknown,5.6977,0.055
896,Apalis bamendae,unknown,5.1753,0.0603
897,Apalis binotata,male,5.909,0.0296
898,Apalis binotata,unknown,6.2346,0.0797
899,Apalis chapini,unknown,5.6284,0.0626
900,Apalis chariessa,female,6.0505,0.0296
901,Apalis chariessa,male,5.6624,0.0604
902,Apalis chariessa,unknown,6.5623,0.0789
903,Apalis chirindensis,unknown,4.6815,0.0527
904,Apalis cinerea,unknown,5.4695,0.0461
905,Apalis flavida,unknown,5.8483,0.0647
906,Apalis flavigularis,unknown,5.581,0.0525
907,Apalis fuscigularis,unknown,4.9275,0.0491
908,Apalis goslingi,unknown,4.8482,0.0535
909,Apalis jacksoni,unknown,6.2512,0.0679
910,Apalis karamojae,unknown,5.2755,0.0667
911,Apalis lynesi,unknown,5.5153,0.0543
912,Apalis melanocephala,unknown,5.326,0.0579
913,Apalis nigriceps,female,5.5741,0.0255
914,Apalis nigriceps,male,6.2576,0.0721
915,Apalis nigriceps,unknown,5.7762,0.0547
916,Apalis personata,unknown,5.5901,0.0694
917,Apalis porphyrolaema,unknown,5.7928,0.0634
918,Apalis ruddi,male,6.1287,0.0508
919,Apalis ruddi,unknown,6.0657,0.0508
920,Apalis rufogularis,female,5.0479,0.0468
921,Apalis rufogularis,male,4.808,0.0566
922,Apalis rufogularis,unknown,5.3202,0.0504
923,Apalis sharpii,male,5.6983,0.0526
924,Apalis sharpii,unknown,5.2957,0.0429
925,Apalis thoracica,male,5.3174,0.058
926,Apalis thoracica,unknown,5.1893,0.0452
927,Apaloderma aequatoriale,male,6.8108,0.0619
928,Apaloderma aequatoriale,unknown,6.6816,0.0651
929,Apaloderma narina,unknown,7.3973,0.0968
930,Apaloderma vittatum,male,7.3938,0.1694
931,Apaloderma vittatum,unknown,6.7589,0.0766
932,Apalopteron familiare,unknown,6.8828,0.0677
933,Aphanotriccus audax,unknown,5.5515,0.0475
934,Aphanotriccus capitalis,unknown,6.2734,0.0931
935,Aphantochroa cirrochloris,male,6.7414,0.0461
936,Aphantochroa cirrochloris,unknown,5.8125,0.0556
937,Aphelocephala leucopsis,unknown,4.9427,0.0555
938,Aphelocephala nigricincta,unknown,5.5756,0.053
939,Aphelocephala pectoralis,unknown,5.4026,0.0682
940,Aphelocoma californica,unknown,7.1574,0.0925
941,Aphelocoma coerulescens,unknown,6.8628,0.0975
942,Aphelocoma insularis,unknown,6.8009,0.083
943,Aphelocoma ultramarina,unknown,6.2834,0.0643
944,Aphelocoma unicolor,unknown,7.4322,0.0895
945,Aphelocoma wollweberi,unknown,6.0481,0.0561
946,Aphelocoma woodhouseii,unknown,7.1759,0.0877
947,Aphrastura masafuerae,unknown,5.8684,0.0449
948,Aphrastura spinicauda,unknown,6.686,0.0791
949,Aphrodroma brevirostris,unknown,5.3454,0.0406
950,Aplonis atrifusca,unknown,4.7574,0.0533
951,Aplonis brunneicapillus,unknown,4.8982,0.0583
952,Aplonis cantoroides,unknown,5.5384,0.0588
953,Aplonis cinerascens,unknown,4.8816,0.0685
954,Aplonis crassa,unknown,4.6912,0.0537
955,Aplonis dichroa,unknown,5.089,0.0582
956,Aplonis feadensis,unknown,6.0384,0.0559
957,Aplonis grandis,unknown,5.5693,0.0567
958,Aplonis insularis,unknown,5.2897,0.0499
959,Aplonis magna,unknown,5.7994,0.0652
960,Aplonis metallica,unknown,6.1485,0.0692
961,Aplonis minor,unknown,5.3752,0.0599
962,Aplonis mysolensis,unknown,5.4233,0.0592
963,Aplonis mystacea,unknown,4.8474,0.0696
964,Aplonis opaca,female,5.629,0.0591
965,Aplonis opaca,unknown,4.9957,0.0615
966,Aplonis panayensis,unknown,5.3856,0.0496
967,Aplonis striata,unknown,5.1531,0.0563
968,Aplonis tabuensis,unknown,5.0101,0.0482
969,Aplonis zelandica,unknown,4.8131,0.0678
970,Aprositornis disjuncta,male,5.6577,0.0678
971,Aprositornis disjuncta,unknown,5.4756,0.049
972,Aprosmictus erythropterus,male,7.0475,0.0586
973,Aprosmictus erythropterus,unknown,7.1385,0.0904
974,Aprosmictus jonquillaceus,unknown,6.4247,0.0678
975,Aptenodytes forsteri,unknown,7.4236,0.0907
976,Aptenodytes patagonicus,unknown,7.7114,0.1177
977,Apteryx australis,unknown,5.8536,0.0566
978,Apteryx haastii,female,4.7185,0.024
979,Apteryx haastii,male,6.3087,0.043
980,Apteryx haastii,unknown,4.9764,0.0766
981,Apteryx mantelli,unknown,6.0339,0.0544
982,Apteryx owenii,male,6.7414,0.056
983,Apteryx owenii,unknown,7.0603,0.1001
984,Apteryx rowi,unknown,5.6572,0.06
985,Apus acuticauda,unknown,5.0361,0.0588
986,Apus aequatorialis,unknown,5.4842,0.0521
987,Apus affinis,unknown,5.8252,0.0547
988,Apus alexandri,unknown,5.4836,0.0733
989,Apus apus,unknown,5.4896,0.0571
990,Apus balstoni,unknown,5.5656,0.047
991,Apus barbatus,unknown,5.5432,0.0513
992,Apus batesi,unknown,5.1126,0.0553
993,Apus berliozi,unknown,5.2167,0.0452
994,Apus bradfieldi,unknown,5.3992,0.0456
995,Apus caffer,unknown,5.8464,0.0663
996,Apus cooki,unknown,5.8533,0.0703
997,Apus horus,unknown,5.5343,0.047
998,Apus leuconyx,unknown,5.2183,0.0737
999,Apus melba,unknown,5.8944,0.0644
1000,Apus niansae,male,4.8104,0.0733
1001,Apus niansae,unknown,5.2476,0.0533
1002,Apus nipalensis,unknown,5.4625,0.05
1003,Apus pacificus,unknown,5.7502,0.0603
1004,Apus pallidus,unknown,5.7831,0.0571
1005,Apus salimalii,unknown,5.8492,0.0595
1006,Apus unicolor,unknown,6.0099,0.0801
1007,Aquila adalberti,unknown,6.8914,0.1191
1008,Aquila africana,unknown,6.3765,0.0628
1009,Aquila audax,unknown,6.7744,0.0758
1010,Aquila chrysaetos,female,6.837,NA
1011,Aquila chrysaetos,male,7.1043,0.0902
1012,Aquila chrysaetos,unknown,7.4179,0.0877
1013,Aquila fasciata,female,5.7315,0.0718
1014,Aquila fasciata,unknown,6.6125,0.0696
1015,Aquila gurneyi,unknown,6.8478,0.1003
1016,Aquila heliaca,unknown,7.2801,0.0887
1017,Aquila nipalensis,unknown,7.0003,0.0751
1018,Aquila rapax,female,6.803,0.0101
1019,Aquila rapax,unknown,6.3452,0.0823
1020,Aquila spilogaster,unknown,6.4003,0.058
1021,Aquila verreauxii,unknown,6.8446,0.0665
1022,Ara ambiguus,unknown,6.9081,0.0806
1023,Ara ararauna,unknown,7.3087,0.1057
1024,Ara chloropterus,unknown,6.8967,0.071
1025,Ara glaucogularis,unknown,7.0409,0.0644
1026,Ara macao,unknown,7.2228,0.0777
1027,Ara militaris,unknown,7.2219,0.1034
1028,Ara rubrogenys,unknown,7.2074,0.0899
1029,Ara severus,unknown,6.4222,0.0607
1030,Arachnothera affinis,unknown,5.7562,0.0533
1031,Arachnothera chrysogenys,unknown,6.6776,0.0644
1032,Arachnothera clarae,unknown,5.9983,0.0665
1033,Arachnothera crassirostris,unknown,6.1427,0.0762
1034,Arachnothera dilutior,unknown,5.6554,0.0605
1035,Arachnothera everetti,unknown,6.5028,0.0821
1036,Arachnothera flammifera,unknown,5.447,0.0555
1037,Arachnothera flavigaster,unknown,5.9187,0.0477
1038,Arachnothera juliae,male,6.3718,0.0128
1039,Arachnothera juliae,unknown,5.9572,0.0617
1040,Arachnothera longirostra,unknown,6.5285,0.0729
1041,Arachnothera magna,unknown,6.4601,0.0545
1042,Arachnothera modesta,unknown,5.9237,0.0538
1043,Arachnothera robusta,unknown,6.2459,0.0595
1044,Aramides albiventris,unknown,5.7391,0.0645
1045,Aramides axillaris,unknown,5.6065,0.0517
1046,Aramides cajaneus,unknown,5.6591,0.073
1047,Aramides calopterus,unknown,5.0644,0.0508
1048,Aramides mangle,unknown,5.4262,0.0527
1049,Aramides saracura,unknown,5.7875,0.0559
1050,Aramides wolfi,unknown,4.9711,0.0765
1051,Aramides ypecaha,unknown,5.3226,0.0604
1052,Aramidopsis plateni,female,4.443,0.0726
1053,Aramidopsis plateni,male,5.161,0.1362
1054,Aramidopsis plateni,unknown,4.9536,0.0561
1055,Aramus guarauna,unknown,5.6089,0.0621
1056,Aratinga auricapillus,unknown,6.1721,0.0553
1057,Aratinga jandaya,unknown,6.5481,0.0784
1058,Aratinga maculata,unknown,6.7846,0.0692
1059,Aratinga nenday,unknown,7.3241,0.0905
1060,Aratinga solstitialis,unknown,7.2452,0.1033
1061,Aratinga weddellii,unknown,6.3299,0.0603
1062,Arborophila ardens,male,6.2623,0.0801
1063,Arborophila ardens,unknown,4.1041,0.1127
1064,Arborophila atrogularis,unknown,6.1188,0.0523
1065,Arborophila brunneopectus,unknown,5.6713,0.0561
1066,Arborophila cambodiana,unknown,5.6974,0.0479
1067,Arborophila campbelli,unknown,5.5056,0.0464
1068,Arborophila charltonii,male,4.9818,0.052
1069,Arborophila charltonii,unknown,5.8356,0.0624
1070,Arborophila chloropus,unknown,5.3102,0.0575
1071,Arborophila crudigularis,unknown,5.729,0.0524
1072,Arborophila davidi,unknown,5.3896,0.0615
1073,Arborophila gingica,unknown,6.2398,0.0614
1074,Arborophila hyperythra,male,5.9253,0.024
1075,Arborophila hyperythra,unknown,6.2662,0.0665
1076,Arborophila javanica,unknown,6.0015,0.0534
1077,Arborophila mandellii,unknown,5.8759,0.0777
1078,Arborophila orientalis,unknown,5.6386,0.0452
1079,Arborophila rolli,unknown,4.2805,0.1025
1080,Arborophila rubrirostris,unknown,5.7327,0.0582
1081,Arborophila rufipectus,female,5.6589,0.0459
1082,Arborophila rufipectus,male,5.2179,0.0591
1083,Arborophila rufipectus,unknown,5.8786,0.0756
1084,Arborophila rufogularis,male,6.3717,0.0513
1085,Arborophila rufogularis,unknown,6.525,0.0899
1086,Arborophila torqueola,male,5.6613,0.0591
1087,Arborophila torqueola,unknown,6.5362,0.0789
1088,Arcanator orostruthus,unknown,4.4215,0.0766
1089,Archboldia papuensis,female,4.9731,0.0657
1090,Archboldia papuensis,unknown,5.3649,0.0466
1091,Archilochus alexandri,unknown,7.0639,0.0765
1092,Archilochus colubris,female,6.3645,0.0571
1093,Archilochus colubris,male,7.055,0.086
1094,Archilochus colubris,unknown,6.9762,0.1341
1095,Ardea alba,unknown,6.1376,0.0646
1096,Ardea cinerea,unknown,5.9712,0.0588
1097,Ardea cocoi,unknown,5.9331,0.0605
1098,Ardea goliath,unknown,5.9512,0.0625
1099,Ardea herodias,unknown,6.2407,0.0709
1100,Ardea humbloti,unknown,6.2804,0.0658
1101,Ardea insignis,unknown,5.1469,0.0698
1102,Ardea intermedia,unknown,6.2522,0.0742
1103,Ardea melanocephala,unknown,5.9439,0.0494
1104,Ardea pacifica,unknown,6.0606,0.051
1105,Ardea purpurea,unknown,6.2924,0.0798
1106,Ardea sumatrana,unknown,5.3772,0.058
1107,Ardenna bulleri,unknown,4.9858,0.0623
1108,Ardenna carneipes,unknown,5.452,0.0573
1109,Ardenna creatopus,unknown,5.4588,0.0513
1110,Ardenna gravis,unknown,5.4417,0.059
1111,Ardenna grisea,unknown,5.0384,0.0528
1112,Ardenna pacifica,unknown,5.3229,0.0577
1113,Ardenna tenuirostris,unknown,5.0628,0.0581
1114,Ardeola bacchus,unknown,5.7604,0.0501
1115,Ardeola grayii,unknown,5.0461,0.0577
1116,Ardeola idae,unknown,5.9004,0.0478
1117,Ardeola ralloides,unknown,5.992,0.0568
1118,Ardeola rufiventris,unknown,5.3137,0.054
1119,Ardeola speciosa,unknown,6.3836,0.0789
1120,Ardeotis arabs,unknown,5.5731,0.0586
1121,Ardeotis australis,unknown,4.7817,0.0585
1122,Ardeotis kori,female,4.7566,0.0586
1123,Ardeotis kori,unknown,5.7468,0.0506
1124,Ardeotis nigriceps,unknown,5.1486,0.0584
1125,Arenaria interpres,unknown,5.8491,0.049
1126,Arenaria melanocephala,unknown,4.7352,0.052
1127,Argusianus argus,male,5.4289,0.0637
1128,Argusianus argus,unknown,6.1473,0.0681
1129,Arizelocichla chlorigula,unknown,4.2116,0.0859
1130,Arizelocichla fusciceps,unknown,4.5987,0.091
1131,Arizelocichla masukuensis,unknown,4.9128,0.0541
1132,Arizelocichla milanjensis,unknown,5.3539,0.0578
1133,Arizelocichla montana,unknown,5.4549,0.0619
1134,Arizelocichla neumanni,unknown,5.1858,0.0589
1135,Arizelocichla nigriceps,unknown,5.5282,0.0533
1136,Arizelocichla tephrolaema,unknown,5.5147,0.0485
1137,Arremon abeillei,unknown,5.5951,0.0551
1138,Arremon assimilis,unknown,6.0118,0.0638
1139,Arremon atricapillus,unknown,5.3002,0.0522
1140,Arremon aurantiirostris,unknown,6.2328,0.063
1141,Arremon basilicus,unknown,5.3526,0.0489
1142,Arremon brunneinucha,unknown,5.856,0.0629
1143,Arremon castaneiceps,unknown,5.3981,0.0508
1144,Arremon costaricensis,male,5.7515,0.0503
1145,Arremon costaricensis,unknown,5.2386,0.0675
1146,Arremon crassirostris,unknown,6.1633,0.0638
1147,Arremon flavirostris,female,5.7738,0.0408
1148,Arremon flavirostris,unknown,6.1827,0.0822
1149,Arremon franciscanus,male,5.4748,0.0474
1150,Arremon franciscanus,unknown,5.6361,0.0515
1151,Arremon perijanus,unknown,5.0089,0.0512
1152,Arremon phaeopleurus,unknown,4.5024,0.1079
1153,Arremon phygas,unknown,5.4786,0.0513
1154,Arremon schlegeli,male,5.8136,0.0526
1155,Arremon schlegeli,unknown,5.5564,0.0585
1156,Arremon semitorquatus,male,5.5098,0.0588
1157,Arremon semitorquatus,unknown,5.9416,0.0599
1158,Arremon taciturnus,male,6.1219,0.038
1159,Arremon taciturnus,unknown,5.8945,0.0524
1160,Arremon torquatus,male,5.1903,0.0434
1161,Arremon torquatus,unknown,5.9695,0.0492
1162,Arremon virenticeps,unknown,5.8873,0.0927
1163,Arremonops chloronotus,unknown,5.7335,0.0552
1164,Arremonops conirostris,unknown,5.6617,0.0559
1165,Arremonops rufivirgatus,unknown,5.4168,0.04
1166,Arremonops tocuyensis,unknown,5.5325,0.0442
1167,Arses insularis,unknown,6.836,0.0746
1168,Arses kaupi,male,6.3225,0.0644
1169,Arses kaupi,unknown,6.3415,0.0725
1170,Arses lorealis,unknown,6.5606,0.0828
1171,Arses telescopthalmus,male,6.777,0.0663
1172,Arses telescopthalmus,unknown,6.7729,0.0743
1173,Artamella viridis,unknown,6.4706,0.0689
1174,Artamus cinereus,unknown,6.1072,0.0732
1175,Artamus cyanopterus,unknown,6.7125,0.0701
1176,Artamus fuscus,unknown,5.686,0.0602
1177,Artamus insignis,unknown,5.1793,0.0626
1178,Artamus leucorynchus,unknown,5.8704,0.0648
1179,Artamus maximus,unknown,6.0894,0.0737
1180,Artamus mentalis,unknown,5.8135,0.0552
1181,Artamus minor,unknown,5.8399,0.0581
1182,Artamus monachus,unknown,5.5962,0.0714
1183,Artamus personatus,female,5.5685,0.0562
1184,Artamus personatus,male,6.5291,0.0948
1185,Artamus personatus,unknown,6.5813,0.0713
1186,Artamus superciliosus,male,5.9928,0.0511
1187,Artamus superciliosus,unknown,5.8648,0.0593
1188,Artemisiospiza belli,male,6.201,NA
1189,Artemisiospiza belli,unknown,5.8288,0.0452
1190,Artemisiospiza nevadensis,male,5.9595,0.0672
1191,Artemisiospiza nevadensis,unknown,5.5397,0.0408
1192,Artisornis metopias,unknown,4.8526,0.0642
1193,Artisornis moreaui,unknown,5.304,0.0597
1194,Arundinax aedon,male,5.4021,0.0526
1195,Arundinax aedon,unknown,5.4348,0.0688
1196,Arundinicola leucocephala,male,6.4063,0.0484
1197,Arundinicola leucocephala,unknown,6.8837,0.0906
1198,Asarcornis scutulata,unknown,4.55,0.0621
1199,Asemospiza fuliginosa,male,5.2387,0.0655
1200,Asemospiza fuliginosa,unknown,6.0883,0.0546
1201,Asemospiza obscura,unknown,5.721,0.0592
1202,Ashbyia lovensis,male,6.2148,0.0363
1203,Ashbyia lovensis,unknown,5.3115,0.0587
1204,Asio abyssinicus,unknown,7.0417,0.0839
1205,Asio capensis,unknown,6.9226,0.0903
1206,Asio clamator,unknown,7.0135,0.0875
1207,Asio flammeus,unknown,7.4766,0.0945
1208,Asio madagascariensis,unknown,7.2028,0.0901
1209,Asio otus,unknown,7.0391,0.0827
1210,Asio stygius,male,6.998,0.0909
1211,Asio stygius,unknown,7.2781,0.0739
1212,Aspatha gularis,unknown,7.1945,0.1019
1213,Asthenes anthoides,unknown,5.5288,0.0533
1214,Asthenes baeri,unknown,5.8325,0.0515
1215,Asthenes berlepschi,unknown,5.5789,0.0579
1216,Asthenes coryi,unknown,5.3614,0.053
1217,Asthenes dorbignyi,male,5.099,0.0428
1218,Asthenes dorbignyi,unknown,6.0311,0.054
1219,Asthenes flammulata,unknown,5.729,0.0542
1220,Asthenes fuliginosa,unknown,5.8688,0.0597
1221,Asthenes griseomurina,unknown,5.2688,0.0567
1222,Asthenes harterti,unknown,5.7575,0.0628
1223,Asthenes helleri,unknown,4.9657,0.0603
1224,Asthenes heterura,unknown,5.1886,0.0644
1225,Asthenes hudsoni,unknown,4.9066,0.0648
1226,Asthenes humilis,unknown,5.0557,0.057
1227,Asthenes luizae,unknown,5.2219,0.0565
1228,Asthenes maculicauda,unknown,5.1113,0.0553
1229,Asthenes modesta,unknown,4.8475,0.0465
1230,Asthenes moreirae,unknown,5.5261,0.0479
1231,Asthenes ottonis,unknown,5.6981,0.057
1232,Asthenes palpebralis,unknown,5.3216,0.0462
1233,Asthenes perijana,unknown,5.092,0.0542
1234,Asthenes pudibunda,unknown,5.0617,0.0593
1235,Asthenes pyrrholeuca,unknown,5.2994,0.0468
1236,Asthenes sclateri,unknown,5.0108,0.0546
1237,Asthenes urubambensis,unknown,5.4861,0.0464
1238,Asthenes virgata,unknown,5.8096,0.0565
1239,Asthenes wyatti,unknown,5.2912,0.0533
1240,Astrapia mayeri,male,5.7748,0.0429
1241,Astrapia mayeri,unknown,7.1909,0.0937
1242,Astrapia nigra,female,6.064,NA
1243,Astrapia nigra,male,5.743,0.0597
1244,Astrapia nigra,unknown,6.0761,0.0634
1245,Astrapia rothschildi,male,6.4956,0.0654
1246,Astrapia rothschildi,unknown,6.0832,0.0639
1247,Astrapia splendidissima,female,5.7488,0.0599
1248,Astrapia splendidissima,male,7.121,0.0732
1249,Astrapia splendidissima,unknown,6.7798,0.0793
1250,Astrapia stephaniae,unknown,7.5614,0.1211
1251,Atalotriccus pilaris,unknown,5.2726,0.0662
1252,Atelornis crossleyi,unknown,6.7812,0.0752
1253,Atelornis pittoides,unknown,7.0804,0.0837
1254,Athene blewitti,unknown,7.5517,0.1129
1255,Athene brama,unknown,7.1979,0.0869
1256,Athene cunicularia,unknown,7.0632,0.0723
1257,Athene noctua,unknown,7.3872,0.0906
1258,Athene superciliaris,unknown,7.3857,0.0906
1259,Atimastillas flavicollis,unknown,5.1528,0.0567
1260,Atlapetes albiceps,unknown,5.3718,0.0549
1261,Atlapetes albinucha,unknown,5.9933,0.0642
1262,Atlapetes albofrenatus,unknown,6.1204,0.0794
1263,Atlapetes blancae,unknown,5.3172,0.048
1264,Atlapetes canigenis,unknown,5.7753,0.0597
1265,Atlapetes citrinellus,male,5.4787,0.0431
1266,Atlapetes citrinellus,unknown,5.6941,0.0569
1267,Atlapetes flaviceps,unknown,5.9038,0.0604
1268,Atlapetes forbesi,unknown,5.7834,0.0565
1269,Atlapetes fulviceps,unknown,6.6868,0.0678
1270,Atlapetes fuscoolivaceus,unknown,5.3112,0.0591
1271,Atlapetes latinuchus,unknown,6.2806,0.0622
1272,Atlapetes leucopis,unknown,6.2713,0.0579
1273,Atlapetes leucopterus,unknown,5.7473,0.0739
1274,Atlapetes luteoviridis,unknown,5.5917,0.0501
1275,Atlapetes melanocephalus,unknown,6.4075,0.0614
1276,Atlapetes melanolaemus,unknown,6.5811,0.0646
1277,Atlapetes melanopsis,male,6.1925,0.0461
1278,Atlapetes melanopsis,unknown,6.3068,0.0629
1279,Atlapetes nationi,unknown,5.3069,0.0543
1280,Atlapetes pallidiceps,unknown,5.2334,0.0472
1281,Atlapetes pallidinucha,unknown,6.1741,0.06
1282,Atlapetes personatus,unknown,6.1846,0.072
1283,Atlapetes pileatus,unknown,6.0941,0.0662
1284,Atlapetes rufigenis,unknown,5.743,0.049
1285,Atlapetes rufinucha,unknown,6.7569,0.0743
1286,Atlapetes schistaceus,unknown,5.6988,0.0705
1287,Atlapetes seebohmi,unknown,5.5913,0.0643
1288,Atlapetes semirufus,unknown,6.25,0.0652
1289,Atlapetes tibialis,unknown,5.7504,0.0518
1290,Atlapetes tricolor,unknown,5.9081,0.0593
1291,Atrichornis clamosus,male,5.9636,0.0478
1292,Atrichornis clamosus,unknown,5.3946,0.0424
1293,Atrichornis rufescens,unknown,5.4082,0.0536
1294,Atronanus fuliginosus,unknown,5.5433,0.0455
1295,Attagis gayi,unknown,5.5646,0.0517
1296,Attagis malouinus,unknown,5.4274,0.0531
1297,Atthis ellioti,male,7.0229,0.0816
1298,Atthis ellioti,unknown,7.1676,0.1048
1299,Atthis heloisa,male,6.3983,0.0711
1300,Atthis heloisa,unknown,7.3556,0.1211
1301,Atticora fasciata,unknown,5.8,0.0483
1302,Atticora pileata,unknown,5.8826,0.0538
1303,Atticora tibialis,unknown,5.0439,0.0532
1304,Attila bolivianus,unknown,5.1368,0.0571
1305,Attila cinnamomeus,unknown,6.6395,0.0647
1306,Attila citriniventris,unknown,5.7674,0.0685
1307,Attila phoenicurus,unknown,5.6909,0.058
1308,Attila rufus,unknown,6.2253,0.0556
1309,Attila spadiceus,unknown,5.353,0.0582
1310,Attila torridus,unknown,6.3464,0.0712
1311,Augastes lumachella,male,6.7113,0.0623
1312,Augastes lumachella,unknown,7.318,0.1062
1313,Augastes scutatus,male,7.1795,0.0899
1314,Augastes scutatus,unknown,7.6762,0.1091
1315,Aulacorhynchus albivitta,unknown,7.3372,0.1229
1316,Aulacorhynchus coeruleicinctis,unknown,6.5005,0.0745
1317,Aulacorhynchus derbianus,unknown,6.8119,0.0636
1318,Aulacorhynchus haematopygus,unknown,7.4743,0.1012
1319,Aulacorhynchus huallagae,unknown,5.5175,0.0466
1320,Aulacorhynchus prasinus,unknown,7.4902,0.128
1321,Aulacorhynchus sulcatus,unknown,7.189,0.0821
1322,Aulacorhynchus whitelianus,unknown,6.6984,0.0632
1323,Auriparus flaviceps,unknown,6.0263,0.0605
1324,Automolus exsertus,unknown,5.1474,0.0497
1325,Automolus infuscatus,unknown,5.3992,0.0526
1326,Automolus lammi,unknown,4.6487,0.0757
1327,Automolus leucophthalmus,unknown,6.3526,0.0784
1328,Automolus melanopezus,unknown,4.9802,0.0568
1329,Automolus ochrolaemus,unknown,5.042,0.0537
1330,Automolus paraensis,unknown,5.0518,0.0679
1331,Automolus rufipileatus,unknown,5.0486,0.0524
1332,Automolus subulatus,unknown,5.0036,0.0544
1333,Aviceda cuculoides,unknown,6.1703,0.0724
1334,Aviceda jerdoni,male,6.2733,0.0599
1335,Aviceda jerdoni,unknown,6.7081,0.0655
1336,Aviceda leuphotes,unknown,6.5562,0.071
1337,Aviceda madagascariensis,unknown,6.3134,0.0712
1338,Aviceda subcristata,unknown,6.6965,0.0707
1339,Avocettula recurvirostris,male,6.6508,0.0725
1340,Avocettula recurvirostris,unknown,7.092,0.0821
1341,Aythya affinis,male,5.7033,0.0694
1342,Aythya affinis,unknown,5.306,0.0651
1343,Aythya americana,male,5.7772,0.0666
1344,Aythya americana,unknown,5.1155,0.0836
1345,Aythya australis,male,5.2361,0.0466
1346,Aythya australis,unknown,4.9274,0.0665
1347,Aythya baeri,male,5.3225,0.0632
1348,Aythya baeri,unknown,6.2107,0.0676
1349,Aythya collaris,male,5.8244,0.064
1350,Aythya collaris,unknown,5.7465,0.053
1351,Aythya ferina,female,5.8505,0.0384
1352,Aythya ferina,male,5.4369,0.0485
1353,Aythya ferina,unknown,6.113,0.0658
1354,Aythya fuligula,male,5.9962,0.0595
1355,Aythya fuligula,unknown,6.1727,0.0519
1356,Aythya innotata,unknown,5.5427,0.0609
1357,Aythya marila,female,5.3535,0.0846
1358,Aythya marila,male,4.8811,0.0648
1359,Aythya marila,unknown,5.172,0.0542
1360,Aythya novaeseelandiae,unknown,5.695,0.0503
1361,Aythya nyroca,female,5.5376,0.0748
1362,Aythya nyroca,male,5.6864,0.0538
1363,Aythya nyroca,unknown,6.0995,0.0663
1364,Aythya valisineria,male,5.1399,0.0588
1365,Aythya valisineria,unknown,5.3968,0.0481
1366,Baeolophus atricristatus,unknown,7.4236,0.0915
1367,Baeolophus bicolor,unknown,7.0781,0.0754
1368,Baeolophus inornatus,unknown,5.4322,0.0609
1369,Baeolophus ridgwayi,unknown,6.4814,0.0767
1370,Baeolophus wollweberi,unknown,7.5934,0.1118
1371,Baeopogon clamans,unknown,4.1754,0.1009
1372,Baeopogon indicator,unknown,4.9152,0.0545
1373,Balaeniceps rex,unknown,5.8188,0.0482
1374,Balearica pavonina,unknown,6.7564,0.0796
1375,Balearica regulorum,unknown,7.0339,0.0751
1376,Bambusicola fytchii,female,5.4368,0.0435
1377,Bambusicola fytchii,male,5.816,0.0669
1378,Bambusicola fytchii,unknown,5.7445,0.0645
1379,Bambusicola sonorivox,male,5.8444,0.0381
1380,Bambusicola sonorivox,unknown,5.1626,0.0509
1381,Bambusicola thoracicus,unknown,6.041,0.0613
1382,Bangsia arcaei,unknown,6.8832,0.0906
1383,Bangsia aureocincta,unknown,6.6738,0.0719
1384,Bangsia edwardsi,unknown,6.3687,0.0609
1385,Bangsia melanochlamys,female,6.7294,0.061
1386,Bangsia melanochlamys,unknown,6.7565,0.1003
1387,Bangsia rothschildi,male,6.715,0.058
1388,Bangsia rothschildi,unknown,6.2004,0.0684
1389,Barnardius zonarius,unknown,7.2627,0.0775
1390,Bartramia longicauda,unknown,5.7511,0.0616
1391,Baryphthengus martii,unknown,7.6009,0.1007
1392,Baryphthengus ruficapillus,unknown,6.5743,0.0827
1393,Basileuterus belli,unknown,7.0459,0.0627
1394,Basileuterus culicivorus,unknown,6.027,0.0627
1395,Basileuterus griseiceps,unknown,5.9541,0.0571
1396,Basileuterus ignotus,unknown,5.3815,0.0529
1397,Basileuterus lachrymosus,unknown,6.3756,0.0519
1398,Basileuterus melanogenys,unknown,6.4729,0.0681
1399,Basileuterus melanotis,unknown,5.7853,0.0453
1400,Basileuterus rufifrons,unknown,6.7939,0.0701
1401,Basileuterus tacarcunae,unknown,4.9399,0.072
1402,Basileuterus trifasciatus,unknown,6.2248,0.0575
1403,Basileuterus tristriatus,unknown,5.6941,0.0584
1404,Basilornis celebensis,male,5.5316,0.0445
1405,Basilornis celebensis,unknown,5.3472,0.0634
1406,Basilornis corythaix,unknown,5.6617,0.0448
1407,Basilornis galeatus,unknown,5.2025,0.0579
1408,Batara cinerea,female,6.2558,0.079
1409,Batara cinerea,unknown,6.2158,0.0597
1410,Bathmocercus cerviniventris,unknown,5.0623,0.048
1411,Bathmocercus rufus,unknown,6.282,0.0644
1412,Batis capensis,female,6.8758,0.1234
1413,Batis capensis,male,6.8936,0.0619
1414,Batis capensis,unknown,7.1779,0.1009
1415,Batis crypta,male,7.186,NA
1416,Batis crypta,unknown,6.4008,0.0677
1417,Batis diops,female,6.2592,0.0371
1418,Batis diops,unknown,6.5123,0.1013
1419,Batis erlangeri,female,6.5043,0.0801
1420,Batis erlangeri,male,6.3363,0.0681
1421,Batis erlangeri,unknown,6.8911,0.1564
1422,Batis fratrum,male,6.3832,0.0613
1423,Batis fratrum,unknown,5.6658,0.0424
1424,Batis ituriensis,male,5.8188,0.0682
1425,Batis ituriensis,unknown,5.9573,0.0603
1426,Batis margaritae,unknown,6.2089,0.0667
1427,Batis minima,unknown,5.5564,0.0609
1428,Batis minor,male,5.9056,0.0522
1429,Batis minor,unknown,6.3343,0.0612
1430,Batis minulla,male,6.123,NA
1431,Batis minulla,unknown,6.7221,0.0829
1432,Batis mixta,female,6.0123,0.0558
1433,Batis mixta,male,6.9653,0.0567
1434,Batis mixta,unknown,6.7746,0.0824
1435,Batis molitor,unknown,6.1564,0.0653
1436,Batis occulta,female,5.3318,0.0366
1437,Batis occulta,male,6.2563,0.0567
1438,Batis occulta,unknown,5.7208,0.0707
1439,Batis orientalis,female,6.101,0.0244
1440,Batis orientalis,male,6.2443,0.0587
1441,Batis orientalis,unknown,6.0296,0.0537
1442,Batis perkeo,male,6.1415,0.0606
1443,Batis perkeo,unknown,6.5438,0.0673
1444,Batis poensis,female,5.4473,0.0636
1445,Batis poensis,male,5.8679,0.0618
1446,Batis poensis,unknown,6.5988,0.0782
1447,Batis pririt,female,6.8578,0.0629
1448,Batis pririt,male,7.351,NA
1449,Batis pririt,unknown,6.3488,0.0779
1450,Batis senegalensis,female,7.1368,0.0749
1451,Batis senegalensis,male,6.7603,0.0691
1452,Batis senegalensis,unknown,6.7069,0.0926
1453,Batis soror,male,5.7553,0.0158
1454,Batis soror,unknown,6.341,0.0641
1455,Batrachostomus affinis,female,6.8943,0.0875
1456,Batrachostomus affinis,male,6.4163,0.0417
1457,Batrachostomus affinis,unknown,6.3542,0.0799
1458,Batrachostomus auritus,unknown,6.2654,0.0663
1459,Batrachostomus chaseni,unknown,6.0473,0.074
1460,Batrachostomus cornutus,female,6.1861,0.0453
1461,Batrachostomus cornutus,male,5.967,NA
1462,Batrachostomus cornutus,unknown,6.2748,0.0689
1463,Batrachostomus harterti,unknown,6.4999,0.0735
1464,Batrachostomus hodgsoni,female,6.2036,0.0551
1465,Batrachostomus hodgsoni,unknown,6.035,0.0661
1466,Batrachostomus javensis,unknown,5.9304,0.0692
1467,Batrachostomus mixtus,female,4.92,0.0655
1468,Batrachostomus mixtus,male,5.5684,0.0461
1469,Batrachostomus mixtus,unknown,5.5599,0.0651
1470,Batrachostomus moniliger,female,6.2986,0.0654
1471,Batrachostomus moniliger,male,5.6336,0.0632
1472,Batrachostomus moniliger,unknown,6.3674,0.0635
1473,Batrachostomus poliolophus,male,6.6177,0.0591
1474,Batrachostomus poliolophus,unknown,6.5519,0.0678
1475,Batrachostomus septimus,unknown,5.6452,0.0446
1476,Batrachostomus stellatus,unknown,5.5861,0.0546
1477,Berenicornis comatus,unknown,5.6884,0.0615
1478,Berlepschia rikeri,unknown,5.8604,0.0512
1479,Bernieria madagascariensis,unknown,5.0273,0.0705
1480,Bias musicus,female,6.0984,0.046
1481,Bias musicus,unknown,5.6798,0.0586
1482,Biatas nigropectus,male,5.7807,0.0605
1483,Biatas nigropectus,unknown,5.8956,0.0629
1484,Biziura lobata,female,5.3145,0.0284
1485,Biziura lobata,male,4.6126,0.0722
1486,Biziura lobata,unknown,4.9073,0.0669
1487,Bleda canicapillus,unknown,5.3033,0.0529
1488,Bleda eximius,unknown,5.1645,0.0512
1489,Bleda notatus,unknown,5.4839,0.0592
1490,Bleda syndactylus,unknown,5.4593,0.0664
1491,Blythipicus pyrrhotis,female,6.3395,0.0432
1492,Blythipicus pyrrhotis,male,6.672,NA
1493,Blythipicus pyrrhotis,unknown,6.1773,0.0749
1494,Blythipicus rubiginosus,female,6.6837,0.0781
1495,Blythipicus rubiginosus,unknown,6.3361,0.0749
1496,Boissonneaua flavescens,unknown,7.1766,0.1159
1497,Boissonneaua jardini,unknown,7.798,0.1091
1498,Boissonneaua matthewsii,unknown,7.7336,0.0963
1499,Bolbopsittacus lunulatus,unknown,6.907,0.0715
1500,Bolborhynchus ferrugineifrons,unknown,6.8649,0.0849
1501,Bolborhynchus lineola,unknown,7.2619,0.1065
1502,Bolborhynchus orbygnesius,unknown,6.4666,0.0643
1503,Bolemoreus frenatus,unknown,5.268,0.055
1504,Bolemoreus hindwoodi,unknown,5.5513,0.0604
1505,Bombycilla cedrorum,male,7.24,0.0954
1506,Bombycilla cedrorum,unknown,6.8972,0.0824
1507,Bombycilla garrulus,unknown,7.3329,0.094
1508,Bombycilla japonica,unknown,7.8339,0.1455
1509,Bonasa umbellus,unknown,6.0183,0.0649
1510,Bostrychia bocagei,unknown,5.4729,0.0582
1511,Bostrychia carunculata,unknown,4.8546,0.0549
1512,Bostrychia hagedash,unknown,5.0834,0.0595
1513,Bostrychia olivacea,unknown,4.6203,0.0618
1514,Bostrychia rara,unknown,5.1754,0.0681
1515,Botaurus lentiginosus,unknown,5.6641,0.0505
1516,Botaurus pinnatus,unknown,5.8632,0.0563
1517,Botaurus poiciloptilus,unknown,5.0028,0.047
1518,Botaurus stellaris,unknown,5.3566,0.0592
1519,Brachycope anomala,female,5.6428,0.0596
1520,Brachycope anomala,male,5.235,0.0549
1521,Brachycope anomala,unknown,5.1118,0.0514
1522,Brachygalba albogularis,unknown,6.5709,0.0818
1523,Brachygalba goeringi,unknown,6.617,0.0747
1524,Brachygalba lugubris,unknown,6.3242,0.0536
1525,Brachygalba salmoni,female,6.2895,0.0681
1526,Brachygalba salmoni,unknown,6.1856,0.0566
1527,Brachypodius atriceps,unknown,5.8316,0.0567
1528,Brachypodius eutilotus,unknown,5.2174,0.0561
1529,Brachypodius fuscoflavescens,unknown,5.8214,0.0574
1530,Brachypodius melanoleucos,unknown,5.2079,0.0614
1531,Brachypodius priocephalus,unknown,5.4208,0.0558
1532,Brachypodius urostictus,male,5.1992,0.0712
1533,Brachypodius urostictus,unknown,5.5168,0.056
1534,Brachypteracias leptosomus,unknown,6.6339,0.0607
1535,Brachypteracias squamiger,unknown,6.5795,0.0682
1536,Brachypteryx cruralis,male,7.2279,0.0687
1537,Brachypteryx cruralis,unknown,6.7529,0.0959
1538,Brachypteryx goodfellowi,male,5.7329,0.0603
1539,Brachypteryx goodfellowi,unknown,5.4469,0.0417
1540,Brachypteryx hyperythra,male,5.9652,0.0867
1541,Brachypteryx hyperythra,unknown,6.2331,0.0816
1542,Brachypteryx leucophris,unknown,5.0242,0.0502
1543,Brachypteryx montana,male,5.5806,0.0505
1544,Brachypteryx montana,unknown,6.4819,0.0801
1545,Brachypteryx stellata,unknown,6.5505,0.0687
1546,Brachyramphus brevirostris,unknown,5.5562,0.0504
1547,Brachyramphus marmoratus,female,5.6991,0.067
1548,Brachyramphus marmoratus,unknown,5.6943,0.056
1549,Brachyramphus perdix,unknown,4.8678,0.0658
1550,Bradornis boehmi,unknown,4.8045,0.0636
1551,Bradornis comitatus,unknown,5.6411,0.0541
1552,Bradornis fuliginosus,unknown,5.0567,0.0666
1553,Bradornis mariquensis,unknown,5.0917,0.0518
1554,Bradornis microrhynchus,unknown,5.3432,0.0445
1555,Bradornis ussheri,unknown,4.6533,0.0555
1556,Bradypterus baboecala,unknown,5.2091,0.0505
1557,Bradypterus bangwaensis,unknown,5.5815,0.0527
1558,Bradypterus barratti,unknown,4.6931,0.0574
1559,Bradypterus brunneus,unknown,4.9778,0.0538
1560,Bradypterus carpalis,unknown,4.9593,0.0587
1561,Bradypterus cinnamomeus,male,5.6409,0.0495
1562,Bradypterus cinnamomeus,unknown,5.5986,0.0589
1563,Bradypterus grandis,unknown,4.7701,0.0571
1564,Bradypterus graueri,unknown,4.4566,0.0685
1565,Bradypterus lopezi,unknown,5.1338,0.0674
1566,Bradypterus sylvaticus,female,4.4772,0.0449
1567,Bradypterus sylvaticus,male,4.5032,0.0668
1568,Bradypterus sylvaticus,unknown,4.8646,0.0551
1569,Branta bernicla,unknown,5.899,0.066
1570,Branta canadensis,unknown,6.1209,0.0627
1571,Branta hutchinsii,unknown,5.458,0.0565
1572,Branta leucopsis,unknown,5.5723,0.0686
1573,Branta ruficollis,unknown,6.196,0.068
1574,Branta sandvicensis,unknown,6.1106,0.0622
1575,Brotogeris chiriri,unknown,6.6565,0.0633
1576,Brotogeris chrysoptera,unknown,6.5839,0.0681
1577,Brotogeris cyanoptera,unknown,6.4364,0.0556
1578,Brotogeris jugularis,unknown,6.6122,0.0615
1579,Brotogeris pyrrhoptera,unknown,6.4437,0.0772
1580,Brotogeris sanctithomae,unknown,6.6757,0.074
1581,Brotogeris tirica,unknown,6.825,0.0765
1582,Brotogeris versicolurus,unknown,6.0775,0.0574
1583,Bubalornis albirostris,unknown,5.9,0.0641
1584,Bubalornis niger,male,5.4746,0.0347
1585,Bubalornis niger,unknown,5.3468,0.0587
1586,Bubo africanus,unknown,7.4622,0.0882
1587,Bubo ascalaphus,unknown,6.9027,0.094
1588,Bubo bengalensis,unknown,7.2484,0.1226
1589,Bubo bubo,unknown,7.2021,0.0876
1590,Bubo capensis,unknown,7.0198,0.0827
1591,Bubo cinerascens,unknown,7.2997,0.0839
1592,Bubo coromandus,unknown,6.6848,0.0963
1593,Bubo lacteus,unknown,6.4839,0.0746
1594,Bubo leucostictus,unknown,6.4226,0.0968
1595,Bubo nipalensis,unknown,7.4259,0.0806
1596,Bubo philippensis,unknown,6.6214,0.0669
1597,Bubo poensis,unknown,6.9493,0.0963
1598,Bubo scandiacus,female,7.3025,0.1209
1599,Bubo scandiacus,male,7.6064,0.097
1600,Bubo scandiacus,unknown,7.7404,0.1324
1601,Bubo sumatranus,unknown,7.0247,0.0908
1602,Bubo virginianus,male,7.399,NA
1603,Bubo virginianus,unknown,7.0911,0.0901
1604,Bubo vosseleri,unknown,6.608,0.0631
1605,Bubulcus ibis,unknown,6.4047,0.0831
1606,Bucanetes githagineus,female,5.9653,0.0679
1607,Bucanetes githagineus,unknown,5.727,0.0559
1608,Bucanetes mongolicus,unknown,5.0813,0.0539
1609,Buccanodon duchaillui,male,6.2873,0.0414
1610,Buccanodon duchaillui,unknown,6.0697,0.0679
1611,Bucco capensis,unknown,6.9049,0.0997
1612,Bucco macrodactylus,unknown,5.9472,0.0587
1613,Bucco noanamae,unknown,5.9776,0.0562
1614,Bucco tamatia,unknown,6.6796,0.0737
1615,Bucephala albeola,female,4.8791,0.0437
1616,Bucephala albeola,male,6.6368,0.0523
1617,Bucephala albeola,unknown,6.2343,0.0599
1618,Bucephala clangula,female,5.2129,0.0388
1619,Bucephala clangula,male,6.5468,0.0549
1620,Bucephala clangula,unknown,5.1927,0.046
1621,Bucephala islandica,female,6.0557,0.0656
1622,Bucephala islandica,male,6.3662,0.0509
1623,Bucephala islandica,unknown,5.9302,0.0605
1624,Buceros bicornis,female,6.443,0.0309
1625,Buceros bicornis,unknown,6.7353,0.0631
1626,Buceros hydrocorax,unknown,6.3443,0.0559
1627,Buceros rhinoceros,female,6.6297,0.1323
1628,Buceros rhinoceros,male,6.4022,0.0499
1629,Buceros rhinoceros,unknown,5.8565,0.067
1630,Buceros vigil,female,5.7393,0.0504
1631,Buceros vigil,male,5.4721,0.0546
1632,Buceros vigil,unknown,6.2067,0.0765
1633,Bucorvus abyssinicus,female,5.4629,0.0455
1634,Bucorvus abyssinicus,unknown,5.3146,0.0497
1635,Bucorvus leadbeateri,unknown,5.1478,0.0514
1636,Bugeranus carunculatus,unknown,6.2008,0.0624
1637,Bulweria bulwerii,unknown,5.3906,0.0433
1638,Bulweria fallax,unknown,4.7779,0.0528
1639,Buphagus africanus,unknown,6.0885,0.07
1640,Buphagus erythrorynchus,unknown,5.846,0.0542
1641,Burhinus bistriatus,unknown,5.2884,0.0495
1642,Burhinus capensis,unknown,5.1794,0.0579
1643,Burhinus grallarius,unknown,4.9578,0.0483
1644,Burhinus indicus,unknown,5.157,0.0525
1645,Burhinus oedicnemus,unknown,4.8761,0.0603
1646,Burhinus senegalensis,unknown,5.2404,0.0578
1647,Burhinus superciliaris,unknown,5.4267,0.065
1648,Burhinus vermiculatus,unknown,4.6641,0.0637
1649,Busarellus nigricollis,unknown,6.7299,0.0595
1650,Butastur indicus,unknown,6.1963,0.0564
1651,Butastur liventer,unknown,5.7613,0.0534
1652,Butastur rufipennis,unknown,6.3635,0.0643
1653,Butastur teesa,unknown,5.8494,0.0635
1654,Buteo albigula,unknown,6.241,0.0692
1655,Buteo albonotatus,unknown,6.6577,0.0979
1656,Buteo archeri,unknown,5.2394,0.057
1657,Buteo augur,unknown,6.2997,0.0604
1658,Buteo auguralis,unknown,6.3242,0.069
1659,Buteo bannermani,unknown,5.7686,0.0724
1660,Buteo brachypterus,unknown,5.6142,0.0613
1661,Buteo brachyurus,unknown,6.3965,0.0728
1662,Buteo buteo,unknown,6.2248,0.0682
1663,Buteo galapagoensis,unknown,6.7218,0.0716
1664,Buteo hemilasius,unknown,6.4296,0.0671
1665,Buteo jamaicensis,unknown,6.9102,0.0745
1666,Buteo japonicus,unknown,6.6929,0.0799
1667,Buteo lagopus,male,6.138,0.0721
1668,Buteo lagopus,unknown,7.1055,0.0878
1669,Buteo lineatus,unknown,6.5245,0.1024
1670,Buteo nitidus,unknown,6.8018,0.0731
1671,Buteo oreophilus,unknown,5.4161,0.051
1672,Buteo plagiatus,unknown,6.8727,0.0803
1673,Buteo platypterus,unknown,6.74,0.0817
1674,Buteo refectus,unknown,6.3965,0.0656
1675,Buteo regalis,unknown,6.3558,0.0601
1676,Buteo ridgwayi,female,6.066,0.0619
1677,Buteo ridgwayi,unknown,6.4192,0.0645
1678,Buteo rufinus,unknown,6.4284,0.0604
1679,Buteo rufofuscus,unknown,6.2854,0.0722
1680,Buteo socotraensis,unknown,4.9521,0.062
1681,Buteo solitarius,unknown,5.8075,0.0494
1682,Buteo swainsoni,unknown,6.2563,0.0709
1683,Buteo trizonatus,unknown,5.9551,0.0559
1684,Buteo ventralis,unknown,6.9988,0.0853
1685,Buteogallus aequinoctialis,unknown,6.0826,0.0559
1686,Buteogallus anthracinus,unknown,6.2778,0.0565
1687,Buteogallus coronatus,unknown,6.1785,0.079
1688,Buteogallus gundlachii,unknown,5.5806,0.0637
1689,Buteogallus lacernulatus,unknown,7.0767,0.077
1690,Buteogallus meridionalis,unknown,6.5791,0.0764
1691,Buteogallus schistaceus,unknown,5.8508,0.0603
1692,Buteogallus solitarius,unknown,6.2361,0.0633
1693,Buteogallus urubitinga,unknown,5.9193,0.0618
1694,Buthraupis montana,unknown,6.6715,0.064
1695,Buthraupis wetmorei,unknown,6.7216,0.0675
1696,Butorides striata,unknown,5.5081,0.0574
1697,Butorides virescens,unknown,5.8617,0.0752
1698,Bycanistes albotibialis,male,6.4378,0.0799
1699,Bycanistes albotibialis,unknown,5.7718,0.0595
1700,Bycanistes brevis,male,6.0018,0.0647
1701,Bycanistes brevis,unknown,6.2285,0.0709
1702,Bycanistes bucinator,female,5.6443,0.078
1703,Bycanistes bucinator,male,7.0553,0.1242
1704,Bycanistes bucinator,unknown,6.0511,0.0817
1705,Bycanistes cylindricus,male,6.6224,0.0748
1706,Bycanistes cylindricus,unknown,5.7994,0.065
1707,Bycanistes fistulator,unknown,6.2671,0.0627
1708,Bycanistes subcylindricus,unknown,6.3065,0.0554
1709,Cacatua alba,unknown,6.8142,0.0925
1710,Cacatua ducorpsii,unknown,6.3364,0.0641
1711,Cacatua galerita,unknown,6.5214,0.0765
1712,Cacatua goffiniana,unknown,6.4128,0.0706
1713,Cacatua haematuropygia,unknown,6.4152,0.0696
1714,Cacatua moluccensis,male,6.2213,0.1018
1715,Cacatua moluccensis,unknown,6.3583,0.0738
1716,Cacatua ophthalmica,unknown,6.6445,0.0679
1717,Cacatua pastinator,unknown,6.2692,0.0537
1718,Cacatua sanguinea,unknown,6.7514,0.0742
1719,Cacatua sulphurea,unknown,6.9738,0.0851
1720,Cacatua tenuirostris,unknown,6.1447,0.057
1721,Cacicus cela,male,5.8092,0.0267
1722,Cacicus cela,unknown,6.3249,0.0701
1723,Cacicus chrysonotus,unknown,5.8154,0.0607
1724,Cacicus chrysopterus,unknown,6.4527,0.064
1725,Cacicus haemorrhous,unknown,5.4453,0.0578
1726,Cacicus koepckeae,unknown,5.1837,0.0524
1727,Cacicus latirostris,unknown,5.0299,0.0704
1728,Cacicus oseryi,unknown,5.8589,0.0722
1729,Cacicus sclateri,unknown,5.2097,0.0572
1730,Cacicus solitarius,unknown,5.6173,0.0648
1731,Cacicus uropygialis,unknown,6.7913,0.0658
1732,Cacomantis aeruginosus,unknown,5.5853,0.0582
1733,Cacomantis castaneiventris,male,6.473,0.1506
1734,Cacomantis castaneiventris,unknown,5.9009,0.0592
1735,Cacomantis flabelliformis,female,6.022,0.0493
1736,Cacomantis flabelliformis,unknown,5.7873,0.0593
1737,Cacomantis leucolophus,unknown,4.3649,0.0682
1738,Cacomantis merulinus,unknown,5.6673,0.06
1739,Cacomantis pallidus,female,4.8159,0.035
1740,Cacomantis pallidus,male,5.639,0.0747
1741,Cacomantis pallidus,unknown,5.0818,0.0516
1742,Cacomantis passerinus,male,4.7868,0.0475
1743,Cacomantis passerinus,unknown,5.597,0.0455
1744,Cacomantis sonneratii,unknown,5.1767,0.0494
1745,Cacomantis variolosus,unknown,5.5094,0.0535
1746,Cairina moschata,unknown,4.6971,0.0706
1747,Calamanthus campestris,unknown,5.4899,0.0673
1748,Calamanthus fuliginosus,unknown,5.3744,0.0616
1749,Calamanthus montanellus,unknown,5.1259,0.0529
1750,Calamonastes fasciolatus,unknown,4.7659,0.0519
1751,Calamonastes simplex,unknown,5.4676,0.0597
1752,Calamonastes stierlingi,unknown,5.2091,0.0745
1753,Calamonastes undosus,unknown,5.0144,0.0557
1754,Calamonastides gracilirostris,unknown,5.2048,0.0546
1755,Calamospiza melanocorys,male,4.9693,0.0526
1756,Calamospiza melanocorys,unknown,5.6385,0.0414
1757,Calandrella acutirostris,unknown,4.487,0.0655
1758,Calandrella blanfordi,unknown,5.2016,0.0617
1759,Calandrella brachydactyla,unknown,5.1846,0.0542
1760,Calandrella cinerea,unknown,4.89,0.0491
1761,Calandrella dukhunensis,unknown,4.8538,0.0571
1762,Calandrella eremica,unknown,4.4884,0.071
1763,Calcarius lapponicus,male,5.9169,0.0458
1764,Calcarius lapponicus,unknown,6.0002,0.0581
1765,Calcarius ornatus,male,6.712,0.078
1766,Calcarius ornatus,unknown,6.504,0.0728
1767,Calcarius pictus,male,6.0784,0.0594
1768,Calcarius pictus,unknown,5.7453,0.0548
1769,Calendulauda africanoides,unknown,5.0796,0.0595
1770,Calendulauda albescens,unknown,5.2937,0.0572
1771,Calendulauda alopex,unknown,4.9314,0.0566
1772,Calendulauda barlowi,male,5.1084,0.047
1773,Calendulauda barlowi,unknown,4.9039,0.0557
1774,Calendulauda burra,unknown,5.0957,0.0622
1775,Calendulauda erythrochlamys,unknown,5.3955,0.0466
1776,Calendulauda poecilosterna,unknown,4.9745,0.0625
1777,Calendulauda sabota,unknown,4.7497,0.0526
1778,Calicalicus madagascariensis,female,5.8998,0.0308
1779,Calicalicus madagascariensis,unknown,5.9045,0.0678
1780,Calicalicus rufocarpalis,female,5.256,0.0291
1781,Calicalicus rufocarpalis,male,5.6084,0.028
1782,Calicalicus rufocarpalis,unknown,6.2087,0.0679
1783,Calidris acuminata,unknown,5.8768,0.0637
1784,Calidris alba,unknown,6.1489,0.0759
1785,Calidris alpina,unknown,5.6997,0.0586
1786,Calidris bairdii,unknown,5.9078,0.0586
1787,Calidris canutus,unknown,5.0737,0.0582
1788,Calidris falcinellus,unknown,5.5879,0.0555
1789,Calidris ferruginea,unknown,6.0942,0.0518
1790,Calidris fuscicollis,unknown,5.5,0.061
1791,Calidris himantopus,unknown,5.5326,0.0732
1792,Calidris maritima,unknown,5.863,0.053
1793,Calidris mauri,unknown,6.0727,0.0611
1794,Calidris melanotos,unknown,5.3954,0.0593
1795,Calidris minuta,unknown,5.5104,0.0602
1796,Calidris minutilla,unknown,5.3712,0.0599
1797,Calidris ptilocnemis,unknown,5.5596,0.0772
1798,Calidris pugnax,male,6.2219,0.069
1799,Calidris pugnax,unknown,6.4378,0.0945
1800,Calidris pusilla,unknown,5.829,0.0537
1801,Calidris pygmaea,unknown,6.0942,0.0561
1802,Calidris ruficollis,unknown,5.4845,0.0479
1803,Calidris subminuta,unknown,4.9001,0.064
1804,Calidris subruficollis,female,6.2047,0.0398
1805,Calidris subruficollis,male,6.6001,0.0895
1806,Calidris subruficollis,unknown,5.9635,0.0627
1807,Calidris temminckii,unknown,5.7012,0.0507
1808,Calidris tenuirostris,unknown,5.754,0.0561
1809,Calidris virgata,unknown,5.176,0.0403
1810,Caligavis chrysops,unknown,5.6326,0.0609
1811,Caligavis obscura,unknown,5.2453,0.048
1812,Caligavis subfrenata,unknown,5.6216,0.048
1813,Callacanthis burtoni,female,5.6124,0.0634
1814,Callacanthis burtoni,male,6.3688,0.0501
1815,Callacanthis burtoni,unknown,6.1486,0.061
1816,Callaeas wilsoni,unknown,5.8241,0.0459
1817,Calliope calliope,male,6.5129,0.0521
1818,Calliope calliope,unknown,6.3975,0.0518
1819,Calliope obscura,male,6.1219,0.0503
1820,Calliope obscura,unknown,5.7256,0.0622
1821,Calliope pectardens,female,6.439,NA
1822,Calliope pectardens,male,6.8769,0.0562
1823,Calliope pectardens,unknown,6.7187,0.0595
1824,Calliope pectoralis,male,5.7731,0.0413
1825,Calliope pectoralis,unknown,6.3991,0.0702
1826,Calliope tschebaiewi,male,6.4458,0.0689
1827,Calliope tschebaiewi,unknown,6.3165,0.0684
1828,Callipepla californica,female,6.6178,0.0479
1829,Callipepla californica,male,6.2483,0.0585
1830,Callipepla californica,unknown,6.4451,0.0609
1831,Callipepla douglasii,unknown,6.2886,0.0413
1832,Callipepla gambelii,female,6.0997,0.0556
1833,Callipepla gambelii,unknown,6.3007,0.0542
1834,Callipepla squamata,male,6.075,NA
1835,Callipepla squamata,unknown,6.0663,0.0556
1836,Calliphlox amethystina,male,7.3278,0.0751
1837,Calliphlox amethystina,unknown,7.817,0.0786
1838,Callocephalon fimbriatum,male,6.2443,0.0487
1839,Callocephalon fimbriatum,unknown,6.9471,0.052
1840,Callonetta leucophrys,male,6.5875,0.0503
1841,Callonetta leucophrys,unknown,6.057,0.0476
1842,Calochaetes coccineus,unknown,6.4286,0.0554
1843,Calocitta colliei,unknown,6.8454,0.0851
1844,Calocitta formosa,unknown,7.2029,0.0917
1845,Caloenas nicobarica,unknown,6.7522,0.0807
1846,Calonectris diomedea,unknown,5.2797,0.0572
1847,Calonectris edwardsii,unknown,4.72,0.053
1848,Calonectris leucomelas,unknown,5.2636,0.0417
1849,Caloperdix oculeus,female,6.5884,0.0519
1850,Caloperdix oculeus,male,6.3565,0.1078
1851,Caloperdix oculeus,unknown,6.2474,0.0574
1852,Caloramphus fuliginosus,unknown,5.2764,0.0564
1853,Caloramphus hayii,unknown,5.8198,0.0644
1854,Calothorax lucifer,male,7.0785,0.0669
1855,Calothorax lucifer,unknown,7.3241,0.1
1856,Calothorax pulcher,male,6.748,0.0666
1857,Calothorax pulcher,unknown,6.1657,0.0652
1858,Calypte anna,male,7.0883,0.0804
1859,Calypte anna,unknown,7.3592,0.1038
1860,Calypte costae,unknown,8.0887,0.1497
1861,Calyptocichla serinus,unknown,5.4411,0.0469
1862,Calyptomena hosii,male,6.9564,0.0584
1863,Calyptomena hosii,unknown,6.2721,0.0693
1864,Calyptomena viridis,male,7.176,0.0859
1865,Calyptomena viridis,unknown,6.9848,0.0879
1866,Calyptomena whiteheadi,male,7.3873,0.0763
1867,Calyptomena whiteheadi,unknown,7.23,0.1001
1868,Calyptophilus frugivorus,unknown,5.3271,0.0531
1869,Calyptophilus tertius,unknown,5.5068,0.0595
1870,Calyptorhynchus banksii,female,6.0511,0.0582
1871,Calyptorhynchus banksii,male,6.4988,0.0387
1872,Calyptorhynchus banksii,unknown,6.2056,0.0602
1873,Calyptorhynchus baudinii,female,5.7035,0.0242
1874,Calyptorhynchus baudinii,unknown,6.3372,0.0667
1875,Calyptorhynchus funereus,male,6.4921,0.0613
1876,Calyptorhynchus funereus,unknown,6.2116,0.0765
1877,Calyptorhynchus lathami,female,5.5123,0.0299
1878,Calyptorhynchus lathami,male,6.4077,0.0785
1879,Calyptorhynchus lathami,unknown,6.7134,0.0907
1880,Calyptorhynchus latirostris,female,6.7335,0.0502
1881,Calyptorhynchus latirostris,male,5.4755,0.0586
1882,Calyptorhynchus latirostris,unknown,5.6856,0.0675
1883,Camarhynchus heliobates,female,5.681,0.0667
1884,Camarhynchus heliobates,unknown,4.3507,0.0673
1885,Camarhynchus pallidus,unknown,5.5823,0.0487
1886,Camarhynchus parvulus,female,5.57,0.0026
1887,Camarhynchus parvulus,unknown,5.3971,0.0401
1888,Camarhynchus pauper,female,5.9713,0.0363
1889,Camarhynchus pauper,male,4.8943,0.0433
1890,Camarhynchus pauper,unknown,5.0012,0.0559
1891,Camarhynchus psittacula,male,5.6085,0.0547
1892,Camarhynchus psittacula,unknown,5.588,0.0635
1893,Camaroptera brachyura,unknown,5.3844,0.0521
1894,Camaroptera chloronota,unknown,5.6454,0.0539
1895,Camaroptera harterti,unknown,5.5329,0.0449
1896,Camaroptera superciliaris,male,6.1006,0.049
1897,Camaroptera superciliaris,unknown,5.4983,0.0507
1898,Campephaga flava,female,5.3605,0.0556
1899,Campephaga flava,male,5.756,0.0479
1900,Campephaga flava,unknown,5.7966,0.0571
1901,Campephaga petiti,male,5.6275,0.051
1902,Campephaga petiti,unknown,6.2297,0.0651
1903,Campephaga phoenicea,male,5.7726,0.0469
1904,Campephaga phoenicea,unknown,6.4871,0.065
1905,Campephaga quiscalina,male,5.5262,0.0621
1906,Campephaga quiscalina,unknown,5.4671,0.0437
1907,Campephilus gayaquilensis,male,6.5553,0.0637
1908,Campephilus gayaquilensis,unknown,6.1035,0.067
1909,Campephilus guatemalensis,unknown,6.6606,0.1009
1910,Campephilus haematogaster,unknown,6.372,0.074
1911,Campephilus leucopogon,female,6.9806,0.0825
1912,Campephilus leucopogon,unknown,6.699,0.0695
1913,Campephilus magellanicus,female,6.1628,0.0392
1914,Campephilus magellanicus,male,6.3292,0.051
1915,Campephilus magellanicus,unknown,6.4915,0.0856
1916,Campephilus melanoleucos,female,6.4105,0.0599
1917,Campephilus melanoleucos,male,6.0171,0.047
1918,Campephilus melanoleucos,unknown,6.1545,0.0703
1919,Campephilus pollens,female,6.5592,0.0728
1920,Campephilus pollens,unknown,7.033,0.1078
1921,Campephilus principalis,female,6.4364,0.0381
1922,Campephilus principalis,male,6.3684,0.0533
1923,Campephilus principalis,unknown,6.7094,0.0471
1924,Campephilus robustus,female,6.2545,0.0823
1925,Campephilus robustus,male,6.0633,0.069
1926,Campephilus robustus,unknown,7.1713,0.0814
1927,Campephilus rubricollis,female,6.7271,0.096
1928,Campephilus rubricollis,male,6.7843,0.0317
1929,Campephilus rubricollis,unknown,7.0414,0.0851
1930,Campethera abingoni,male,6.012,0.0484
1931,Campethera abingoni,unknown,6.507,0.0664
1932,Campethera bennettii,female,6.0413,0.0574
1933,Campethera bennettii,unknown,6.3114,0.0715
1934,Campethera cailliautii,female,6.403,NA
1935,Campethera cailliautii,male,5.7657,0.0341
1936,Campethera cailliautii,unknown,6.4126,0.0678
1937,Campethera caroli,unknown,5.8464,0.0561
1938,Campethera maculosa,female,5.7998,0.0673
1939,Campethera maculosa,unknown,5.5887,0.0617
1940,Campethera mombassica,female,5.6303,0.0414
1941,Campethera mombassica,unknown,5.3375,0.0663
1942,Campethera nivosa,female,6.321,NA
1943,Campethera nivosa,male,6.2996,0.0423
1944,Campethera nivosa,unknown,6.1421,0.0627
1945,Campethera notata,female,6.4655,0.0575
1946,Campethera notata,male,5.8176,0.0247
1947,Campethera notata,unknown,6.0338,0.0526
1948,Campethera nubica,unknown,6.1965,0.0535
1949,Campethera punctuligera,female,6.4253,0.0458
1950,Campethera punctuligera,unknown,6.0023,0.0665
1951,Campethera scriptoricauda,female,8.42,NA
1952,Campethera scriptoricauda,male,6.9368,0.1043
1953,Campethera scriptoricauda,unknown,6.3311,0.0706
1954,Campethera tullbergi,male,6.1976,0.051
1955,Campethera tullbergi,unknown,6.6511,0.0727
1956,Campicoloides bifasciatus,female,5.8807,0.0539
1957,Campicoloides bifasciatus,male,6.0195,0.0367
1958,Campicoloides bifasciatus,unknown,6.2674,0.056
1959,Campochaera sloetii,female,7.086,0.1829
1960,Campochaera sloetii,male,6.3431,0.0503
1961,Campochaera sloetii,unknown,6.0831,0.0729
1962,Camptostoma imberbe,unknown,5.1649,0.0644
1963,Camptostoma obsoletum,unknown,5.2657,0.0612
1964,Campylopterus calcirupicola,unknown,6.5977,0.0642
1965,Campylopterus curvipennis,unknown,6.4576,0.0735
1966,Campylopterus duidae,unknown,7.0483,0.0853
1967,Campylopterus ensipennis,unknown,7.6901,0.1077
1968,Campylopterus excellens,unknown,6.3728,0.0687
1969,Campylopterus falcatus,female,7.251,0.0307
1970,Campylopterus falcatus,male,6.6693,0.0598
1971,Campylopterus falcatus,unknown,7.7918,0.1083
1972,Campylopterus hemileucurus,male,7.9988,0.1109
1973,Campylopterus hemileucurus,unknown,7.81,0.1147
1974,Campylopterus hyperythrus,unknown,6.9375,0.075
1975,Campylopterus largipennis,unknown,6.477,0.076
1976,Campylopterus phainopeplus,male,6.6714,0.0618
1977,Campylopterus phainopeplus,unknown,6.2866,0.0677
1978,Campylopterus rufus,unknown,7.3087,0.1018
1979,Campylopterus villaviscensio,male,7.6144,0.0615
1980,Campylopterus villaviscensio,unknown,7.3842,0.096
1981,Campylorhamphus falcularius,unknown,5.547,0.0552
1982,Campylorhamphus procurvoides,unknown,5.7765,0.0431
1983,Campylorhamphus pusillus,unknown,5.4836,0.0481
1984,Campylorhamphus trochilirostris,unknown,5.7823,0.0651
1985,Campylorhynchus albobrunneus,unknown,5.7676,0.0579
1986,Campylorhynchus brunneicapillus,male,5.4353,0.063
1987,Campylorhynchus brunneicapillus,unknown,5.2361,0.0657
1988,Campylorhynchus chiapensis,unknown,6.2901,0.0575
1989,Campylorhynchus fasciatus,unknown,5.1866,0.0551
1990,Campylorhynchus griseus,unknown,5.4516,0.0456
1991,Campylorhynchus gularis,unknown,5.3141,0.0544
1992,Campylorhynchus jocosus,unknown,5.5844,0.0701
1993,Campylorhynchus megalopterus,unknown,5.7698,0.0513
1994,Campylorhynchus nuchalis,unknown,5.4542,0.0482
1995,Campylorhynchus rufinucha,unknown,5.7297,0.0546
1996,Campylorhynchus turdinus,unknown,5.4781,0.0708
1997,Campylorhynchus yucatanicus,unknown,5.4137,0.0519
1998,Campylorhynchus zonatus,unknown,5.5518,0.0561
1999,Canirallus oculeus,unknown,4.297,0.1099
2000,Cantorchilus elutus,unknown,5.2959,0.0531
2001,Cantorchilus griseus,unknown,5.235,0.0471
2002,Cantorchilus guarayanus,unknown,5.4418,0.0539
2003,Cantorchilus leucopogon,unknown,5.5303,0.0556
2004,Cantorchilus leucotis,unknown,5.4417,0.0575
2005,Cantorchilus longirostris,unknown,5.3079,0.0585
2006,Cantorchilus modestus,unknown,5.725,0.0566
2007,Cantorchilus nigricapillus,unknown,6.0726,0.0687
2008,Cantorchilus semibadius,unknown,5.7696,0.0658
2009,Cantorchilus superciliaris,unknown,5.2548,0.0483
2010,Cantorchilus thoracicus,unknown,5.396,0.0562
2011,Cantorchilus zeledoni,female,5.7393,0.0639
2012,Cantorchilus zeledoni,male,5.5818,0.0341
2013,Cantorchilus zeledoni,unknown,5.3348,0.0516
2014,Capito auratus,male,6.5983,0.0599
2015,Capito auratus,unknown,6.8447,0.0818
2016,Capito aurovirens,female,6.7247,0.076
2017,Capito aurovirens,male,6.3965,0.0562
2018,Capito aurovirens,unknown,6.5313,0.065
2019,Capito brunneipectus,male,6.4631,0.059
2020,Capito brunneipectus,unknown,5.041,0.0702
2021,Capito dayi,male,6.3773,0.0518
2022,Capito dayi,unknown,6.5975,0.0704
2023,Capito hypoleucus,male,6.8513,0.0741
2024,Capito hypoleucus,unknown,6.0461,0.076
2025,Capito maculicoronatus,male,6.7572,0.0656
2026,Capito maculicoronatus,unknown,6.4555,0.0679
2027,Capito niger,male,6.682,0.0648
2028,Capito niger,unknown,6.4514,0.0788
2029,Capito quinticolor,unknown,5.8728,0.0633
2030,Capito squamatus,unknown,6.456,0.0709
2031,Capito wallacei,male,6.9578,0.0703
2032,Capito wallacei,unknown,7.6569,0.138
2033,Caprimulgus aegyptius,unknown,5.9499,0.0518
2034,Caprimulgus affinis,male,5.716,0.0222
2035,Caprimulgus affinis,unknown,6.2289,0.0706
2036,Caprimulgus andamanicus,unknown,5.8434,0.0576
2037,Caprimulgus asiaticus,unknown,5.5598,0.051
2038,Caprimulgus atripennis,unknown,5.8667,0.0521
2039,Caprimulgus binotatus,unknown,5.327,0.0651
2040,Caprimulgus celebensis,unknown,5.632,0.0555
2041,Caprimulgus clarus,unknown,5.9115,0.0485
2042,Caprimulgus climacurus,unknown,5.6627,0.0579
2043,Caprimulgus concretus,unknown,4.4415,0.0709
2044,Caprimulgus donaldsoni,male,5.738,0.0546
2045,Caprimulgus donaldsoni,unknown,5.8887,0.0641
2046,Caprimulgus europaeus,female,5.7986,0.0255
2047,Caprimulgus europaeus,male,5.75,NA
2048,Caprimulgus europaeus,unknown,5.8384,0.0606
2049,Caprimulgus eximius,unknown,5.4614,0.048
2050,Caprimulgus fossii,unknown,5.4177,0.054
2051,Caprimulgus fraenatus,unknown,5.5321,0.0502
2052,Caprimulgus indicus,unknown,5.7918,0.0569
2053,Caprimulgus inornatus,unknown,5.8344,0.0619
2054,Caprimulgus jotaka,unknown,5.9363,0.0659
2055,Caprimulgus longipennis,male,5.7478,0.0484
2056,Caprimulgus longipennis,unknown,5.2906,0.0506
2057,Caprimulgus macrurus,unknown,5.7716,0.0587
2058,Caprimulgus madagascariensis,unknown,5.9748,0.0577
2059,Caprimulgus mahrattensis,unknown,5.4417,0.0545
2060,Caprimulgus manillensis,unknown,5.7618,0.0538
2061,Caprimulgus meesi,unknown,5.0103,0.0703
2062,Caprimulgus natalensis,unknown,6.1858,0.0695
2063,Caprimulgus nigriscapularis,unknown,5.4737,0.0552
2064,Caprimulgus nubicus,unknown,5.7223,0.0567
2065,Caprimulgus pectoralis,unknown,5.8164,0.0559
2066,Caprimulgus phalaena,unknown,5.1207,0.0613
2067,Caprimulgus poliocephalus,unknown,4.9543,0.0493
2068,Caprimulgus pulchellus,male,5.2226,0.0428
2069,Caprimulgus pulchellus,unknown,5.5509,0.0703
2070,Caprimulgus ruficollis,unknown,6.1449,0.0457
2071,Caprimulgus rufigena,unknown,5.1253,0.0532
2072,Caprimulgus ruwenzorii,unknown,5.0798,0.0711
2073,Caprimulgus stellatus,male,5.7694,0.0387
2074,Caprimulgus stellatus,unknown,5.7396,0.0476
2075,Caprimulgus tristigma,unknown,5.5143,0.0548
2076,Caprimulgus vexillarius,male,5.8572,0.077
2077,Caprimulgus vexillarius,unknown,5.9533,0.059
2078,Capsiempis flaveola,unknown,5.7468,0.0658
2079,Caracara cheriway,unknown,6.3617,0.0685
2080,Caracara plancus,unknown,6.2427,0.0589
2081,Cardellina canadensis,male,7.1661,0.0699
2082,Cardellina canadensis,unknown,6.6685,0.0915
2083,Cardellina pusilla,male,7.2249,0.0912
2084,Cardellina pusilla,unknown,7.1653,0.0906
2085,Cardellina rubra,unknown,7.3718,0.0862
2086,Cardellina rubrifrons,unknown,6.7735,0.0823
2087,Cardellina versicolor,unknown,7.0317,0.0852
2088,Cardinalis cardinalis,unknown,7.0457,0.0885
2089,Cardinalis phoeniceus,female,7.0251,0.0805
2090,Cardinalis phoeniceus,unknown,6.934,0.0934
2091,Cardinalis sinuatus,male,6.9138,0.0815
2092,Cardinalis sinuatus,unknown,6.6719,0.0713
2093,Carduelis carduelis,male,6.081,0.0306
2094,Carduelis carduelis,unknown,7.2263,0.0803
2095,Carduelis citrinella,male,5.7529,0.0993
2096,Carduelis citrinella,unknown,5.7441,0.0462
2097,Carduelis corsicana,female,5.2877,0.0407
2098,Carduelis corsicana,unknown,6.1424,0.065
2099,Cariama cristata,unknown,5.1508,0.052
2100,Caridonax fulgidus,unknown,6.8011,0.0988
2101,Carpococcyx radiceus,unknown,5.5793,0.0577
2102,Carpococcyx renauldi,unknown,5.8918,0.0534
2103,Carpococcyx viridis,unknown,4.96,0.0523
2104,Carpodacus davidianus,female,5.7286,0.0458
2105,Carpodacus davidianus,male,5.8201,0.0376
2106,Carpodacus davidianus,unknown,6.1341,0.0693
2107,Carpodacus dubius,female,6.141,0.0313
2108,Carpodacus dubius,male,6.4058,0.0618
2109,Carpodacus dubius,unknown,6.6807,0.074
2110,Carpodacus edwardsii,female,5.5119,0.0335
2111,Carpodacus edwardsii,male,5.928,0.0287
2112,Carpodacus edwardsii,unknown,6.0105,0.0685
2113,Carpodacus erythrinus,male,6.3243,0.0477
2114,Carpodacus erythrinus,unknown,5.8888,0.0529
2115,Carpodacus formosanus,female,5.4933,0.0573
2116,Carpodacus formosanus,male,6.2786,0.0615
2117,Carpodacus formosanus,unknown,6.8727,0.0987
2118,Carpodacus grandis,unknown,5.8089,0.0535
2119,Carpodacus pulcherrimus,female,5.8002,0.058
2120,Carpodacus pulcherrimus,male,5.1637,0.0362
2121,Carpodacus pulcherrimus,unknown,6.222,0.0618
2122,Carpodacus puniceus,female,4.9385,0.107
2123,Carpodacus puniceus,male,6.4332,0.0595
2124,Carpodacus puniceus,unknown,6.1097,0.0649
2125,Carpodacus rhodochlamys,female,5.2681,0.0576
2126,Carpodacus rhodochlamys,unknown,5.8297,0.0511
2127,Carpodacus roborowskii,male,6.385,0.0696
2128,Carpodacus roborowskii,unknown,5.7585,0.0637
2129,Carpodacus rodochroa,unknown,6.2758,0.0808
2130,Carpodacus rodopeplus,female,5.4845,0.0534
2131,Carpodacus rodopeplus,male,6.2478,0.0798
2132,Carpodacus rodopeplus,unknown,5.9898,0.0524
2133,Carpodacus roseus,male,6.8803,0.0982
2134,Carpodacus roseus,unknown,7.1245,0.0743
2135,Carpodacus rubicilla,female,5.4882,0.0545
2136,Carpodacus rubicilla,male,6.6096,0.0634
2137,Carpodacus rubicilla,unknown,6.2225,0.0503
2138,Carpodacus rubicilloides,male,6.0572,0.0719
2139,Carpodacus rubicilloides,unknown,6.5804,0.0881
2140,Carpodacus sibiricus,male,6.3336,0.066
2141,Carpodacus sibiricus,unknown,6.5685,0.074
2142,Carpodacus sillemi,unknown,4.9384,0.0635
2143,Carpodacus sipahi,female,5.7915,0.0462
2144,Carpodacus sipahi,male,6.9986,0.0766
2145,Carpodacus sipahi,unknown,6.7063,0.0647
2146,Carpodacus stoliczkae,male,5.774,NA
2147,Carpodacus stoliczkae,unknown,6.1664,0.0681
2148,Carpodacus subhimachalus,male,6.4023,0.0663
2149,Carpodacus subhimachalus,unknown,6.2962,0.0616
2150,Carpodacus synoicus,male,6.4484,0.0519
2151,Carpodacus synoicus,unknown,5.7233,0.0465
2152,Carpodacus thura,female,5.7643,0.0302
2153,Carpodacus thura,male,6.9455,0.0628
2154,Carpodacus thura,unknown,6.5988,0.0712
2155,Carpodacus trifasciatus,female,5.6678,0.0375
2156,Carpodacus trifasciatus,male,5.7917,0.0423
2157,Carpodacus trifasciatus,unknown,6.2253,0.079
2158,Carpodacus verreauxii,female,4.463,0.0718
2159,Carpodacus verreauxii,male,5.7478,0.0728
2160,Carpodacus verreauxii,unknown,5.9616,0.046
2161,Carpodacus vinaceus,female,5.7035,0.0459
2162,Carpodacus vinaceus,male,6.2123,0.1288
2163,Carpodacus vinaceus,unknown,5.7042,0.056
2164,Carpodacus waltoni,male,6.6391,0.0719
2165,Carpodacus waltoni,unknown,6.052,0.0609
2166,Carpodectes antoniae,female,6.4409,0.085
2167,Carpodectes antoniae,unknown,5.4268,0.0572
2168,Carpodectes hopkei,male,6.2468,0.0386
2169,Carpodectes hopkei,unknown,6.5395,0.0708
2170,Carpodectes nitidus,female,6.1185,0.0065
2171,Carpodectes nitidus,male,6.7224,0.0479
2172,Carpodectes nitidus,unknown,6.239,0.072
2173,Carpornis cucullata,unknown,6.4125,0.0692
2174,Carpornis melanocephala,male,5.6171,0.0683
2175,Carpornis melanocephala,unknown,5.8636,0.0514
2176,Carpospiza brachydactyla,unknown,4.9875,0.0574
2177,Carterornis castus,unknown,5.6427,0.0695
2178,Carterornis chrysomela,unknown,6.6579,0.0771
2179,Carterornis leucotis,unknown,6.3023,0.0484
2180,Carterornis pileatus,male,6.1605,0.0604
2181,Carterornis pileatus,unknown,6.1318,0.0791
2182,Caryothraustes canadensis,unknown,6.3958,0.0701
2183,Caryothraustes poliogaster,unknown,6.2606,0.0612
2184,Casiornis fuscus,unknown,5.6201,0.0675
2185,Casiornis rufus,unknown,6.3947,0.071
2186,Cassiculus melanicterus,male,6.9943,0.0598
2187,Cassiculus melanicterus,unknown,7.0079,0.075
2188,Castanozoster thoracicus,unknown,6.3699,0.0541
2189,Casuarius bennetti,unknown,5.2618,0.0493
2190,Casuarius casuarius,unknown,5.574,0.0499
2191,Casuarius unappendiculatus,unknown,5.6034,0.0655
2192,Catamblyrhynchus diadema,unknown,6.2472,0.0649
2193,Catamenia analis,male,5.8615,0.065
2194,Catamenia analis,unknown,5.794,0.0557
2195,Catamenia homochroa,male,5.7918,0.059
2196,Catamenia homochroa,unknown,5.6226,0.0516
2197,Catamenia inornata,female,5.3438,0.0664
2198,Catamenia inornata,male,6.086,NA
2199,Catamenia inornata,unknown,4.8877,0.0463
2200,Cataponera turdoides,unknown,5.2869,0.0515
2201,Catharopeza bishopi,unknown,5.4328,0.0646
2202,Cathartes aura,unknown,4.914,0.0625
2203,Cathartes burrovianus,unknown,5.4766,0.0668
2204,Cathartes melambrotus,unknown,5.5553,0.0554
2205,Catharus aurantiirostris,unknown,5.8637,0.0519
2206,Catharus bicknelli,unknown,4.969,0.0523
2207,Catharus dryas,unknown,6.3364,0.0638
2208,Catharus frantzii,unknown,5.7318,0.0605
2209,Catharus fuscater,unknown,5.5285,0.06
2210,Catharus fuscescens,unknown,5.3266,0.0733
2211,Catharus gracilirostris,unknown,6.0137,0.0598
2212,Catharus guttatus,unknown,5.2423,0.0609
2213,Catharus mexicanus,male,6.0728,0.0518
2214,Catharus mexicanus,unknown,6.115,0.0608
2215,Catharus minimus,unknown,5.0383,0.0656
2216,Catharus occidentalis,unknown,4.9237,0.0598
2217,Catharus ustulatus,unknown,5.1065,0.055
2218,Catherpes mexicanus,female,6.2,0.031
2219,Catherpes mexicanus,unknown,5.5465,0.0502
2220,Catreus wallichii,male,5.8371,0.0409
2221,Catreus wallichii,unknown,5.3827,0.0714
2222,Cecropis abyssinica,male,5.6615,0.0309
2223,Cecropis abyssinica,unknown,6.1714,0.0885
2224,Cecropis badia,unknown,5.6019,0.0562
2225,Cecropis cucullata,unknown,6.3013,0.0597
2226,Cecropis daurica,unknown,5.2155,0.0481
2227,Cecropis hyperythra,unknown,6.1528,0.0578
2228,Cecropis semirufa,unknown,6.1274,0.0611
2229,Cecropis senegalensis,unknown,6.5719,0.0708
2230,Cecropis striolata,unknown,5.7979,0.057
2231,Celebesia abbotti,male,5.921,0.0541
2232,Celebesia abbotti,unknown,5.3556,0.0827
2233,Celebesia parvula,unknown,5.3214,0.0512
2234,Celeus castaneus,female,6.1033,0.0638
2235,Celeus castaneus,unknown,6.6716,0.0853
2236,Celeus elegans,male,6.5333,0.0606
2237,Celeus elegans,unknown,6.6341,0.083
2238,Celeus flavescens,female,6.3198,0.0842
2239,Celeus flavescens,male,7.4476,0.0844
2240,Celeus flavescens,unknown,7.1247,0.0996
2241,Celeus flavus,male,6.9508,0.0596
2242,Celeus flavus,unknown,6.7131,0.1038
2243,Celeus galeatus,female,6.472,0.0766
2244,Celeus galeatus,male,6.954,0.0873
2245,Celeus galeatus,unknown,7.5054,0.057
2246,Celeus grammicus,male,5.7363,0.035
2247,Celeus grammicus,unknown,6.2968,0.0613
2248,Celeus loricatus,male,6.0283,0.031
2249,Celeus loricatus,unknown,6.8395,0.0774
2250,Celeus lugubris,male,6.3135,0.0788
2251,Celeus lugubris,unknown,5.9651,0.0566
2252,Celeus obrieni,male,7.0394,0.0756
2253,Celeus obrieni,unknown,7.1959,0.0955
2254,Celeus ochraceus,female,6.7853,0.0673
2255,Celeus ochraceus,male,6.3946,0.0406
2256,Celeus ochraceus,unknown,6.3716,0.0667
2257,Celeus spectabilis,female,6.7189,0.0673
2258,Celeus spectabilis,male,6.3763,0.0588
2259,Celeus spectabilis,unknown,7.1805,0.0897
2260,Celeus torquatus,female,6.3692,0.0597
2261,Celeus torquatus,male,6.0275,0.0757
2262,Celeus torquatus,unknown,6.5112,0.0498
2263,Celeus undatus,female,6.094,0.0739
2264,Celeus undatus,male,6.7631,0.0464
2265,Celeus undatus,unknown,6.8323,0.0752
2266,Centrocercus minimus,unknown,4.6542,0.0646
2267,Centrocercus urophasianus,unknown,5.7697,0.0616
2268,Centronyx bairdii,male,5.1016,0.0626
2269,Centronyx bairdii,unknown,5.5118,0.0381
2270,Centronyx henslowii,unknown,5.5779,0.0619
2271,Centropus andamanensis,unknown,5.2307,0.0467
2272,Centropus anselli,unknown,5.8931,0.0671
2273,Centropus ateralbus,unknown,5.4048,0.0553
2274,Centropus bengalensis,unknown,6.0246,0.0648
2275,Centropus bernsteini,unknown,5.408,0.0502
2276,Centropus celebensis,unknown,4.9555,0.0603
2277,Centropus chalybeus,unknown,5.3676,0.0519
2278,Centropus chlororhynchos,unknown,5.2609,0.0534
2279,Centropus cupreicaudus,unknown,5.8809,0.0553
2280,Centropus goliath,unknown,5.4266,0.0445
2281,Centropus grillii,unknown,5.6696,0.0467
2282,Centropus leucogaster,unknown,5.3332,0.051
2283,Centropus melanops,unknown,5.8433,0.0581
2284,Centropus menbeki,male,5.0766,0.0644
2285,Centropus menbeki,unknown,6.053,0.051
2286,Centropus milo,unknown,5.6666,0.0527
2287,Centropus monachus,unknown,6.1285,0.0569
2288,Centropus nigrorufus,unknown,5.2012,0.0557
2289,Centropus phasianinus,unknown,6.1259,0.0747
2290,Centropus rectunguis,unknown,5.7511,0.0556
2291,Centropus senegalensis,unknown,5.9194,0.0681
2292,Centropus sinensis,unknown,5.8578,0.0547
2293,Centropus steerii,unknown,4.8957,0.0626
2294,Centropus superciliosus,unknown,6.3511,0.081
2295,Centropus toulou,unknown,5.4574,0.0508
2296,Centropus unirufus,unknown,5.2403,0.0505
2297,Centropus violaceus,unknown,5.3575,0.056
2298,Centropus viridis,unknown,5.4822,0.046
2299,Cephalopterus glabricollis,male,6.7046,0.0821
2300,Cephalopterus glabricollis,unknown,6.1903,0.0526
2301,Cephalopterus ornatus,male,5.9598,0.0644
2302,Cephalopterus ornatus,unknown,5.906,0.0599
2303,Cephalopterus penduliger,female,6.472,0.0135
2304,Cephalopterus penduliger,male,6.0246,0.0577
2305,Cephalopterus penduliger,unknown,6.3448,0.0561
2306,Cephalopyrus flammiceps,male,6.254,0.0538
2307,Cephalopyrus flammiceps,unknown,5.7929,0.0469
2308,Cepphus carbo,unknown,6.7075,0.0599
2309,Cepphus columba,unknown,5.9852,0.0549
2310,Cepphus grylle,unknown,5.9893,0.051
2311,Ceratogymna atrata,male,5.9684,0.0437
2312,Ceratogymna atrata,unknown,5.9774,0.0592
2313,Ceratogymna elata,male,5.8521,0.0574
2314,Ceratogymna elata,unknown,5.1807,0.0589
2315,Ceratopipra chloromeros,unknown,6.6724,0.0707
2316,Ceratopipra cornuta,male,6.7083,0.0727
2317,Ceratopipra cornuta,unknown,6.5856,0.0741
2318,Ceratopipra erythrocephala,male,7.2003,0.1307
2319,Ceratopipra erythrocephala,unknown,6.9048,0.1727
2320,Ceratopipra mentalis,unknown,6.7435,0.0807
2321,Ceratopipra rubrocapilla,male,6.5407,0.1003
2322,Ceratopipra rubrocapilla,unknown,6.7611,0.0859
2323,Cercibis oxycerca,unknown,5.0957,0.0562
2324,Cercococcyx mechowi,unknown,5.1685,0.0574
2325,Cercococcyx montanus,unknown,5.2078,0.0595
2326,Cercococcyx olivinus,unknown,5.4888,0.056
2327,Cercomacra brasiliana,male,5.9303,0.0558
2328,Cercomacra brasiliana,unknown,5.8489,0.0796
2329,Cercomacra carbonaria,male,5.7678,0.0527
2330,Cercomacra carbonaria,unknown,6.1778,0.049
2331,Cercomacra cinerascens,unknown,5.2092,0.0763
2332,Cercomacra ferdinandi,male,5.6669,0.0637
2333,Cercomacra ferdinandi,unknown,5.6327,0.0686
2334,Cercomacra manu,female,5.194,NA
2335,Cercomacra manu,male,5.02,0.0177
2336,Cercomacra manu,unknown,5.1692,0.0567
2337,Cercomacra melanaria,female,5.1127,0.035
2338,Cercomacra melanaria,male,6.4786,0.0362
2339,Cercomacra melanaria,unknown,5.7056,0.0464
2340,Cercomacra nigricans,female,5.563,0.0772
2341,Cercomacra nigricans,male,5.4713,0.0404
2342,Cercomacra nigricans,unknown,5.6852,0.0423
2343,Cercomacroides fuscicauda,female,5.392,0.0648
2344,Cercomacroides fuscicauda,unknown,5.5346,0.0602
2345,Cercomacroides laeta,male,5.8029,0.0659
2346,Cercomacroides laeta,unknown,5.242,0.0538
2347,Cercomacroides nigrescens,female,5.7996,0.0592
2348,Cercomacroides nigrescens,male,5.0542,0.0528
2349,Cercomacroides nigrescens,unknown,5.5153,0.0494
2350,Cercomacroides parkeri,female,5.8778,0.0632
2351,Cercomacroides parkeri,male,5.0733,0.06
2352,Cercomacroides parkeri,unknown,5.4384,0.0705
2353,Cercomacroides serva,female,4.8707,0.0359
2354,Cercomacroides serva,unknown,5.5115,0.045
2355,Cercomacroides tyrannina,female,5.7806,0.062
2356,Cercomacroides tyrannina,male,5.2511,0.0437
2357,Cercomacroides tyrannina,unknown,6.1534,0.0956
2358,Cercotrichas barbata,unknown,5.8623,0.0507
2359,Cercotrichas coryphoeus,unknown,5.3272,0.0597
2360,Cercotrichas galactotes,male,5.7847,0.0646
2361,Cercotrichas galactotes,unknown,5.8158,0.0685
2362,Cercotrichas hartlaubi,unknown,5.613,0.044
2363,Cercotrichas leucophrys,unknown,5.8844,0.0519
2364,Cercotrichas leucosticta,unknown,5.5774,0.0698
2365,Cercotrichas paena,unknown,6.0299,0.0582
2366,Cercotrichas podobe,unknown,6.324,0.0706
2367,Cercotrichas quadrivirgata,unknown,5.834,0.0538
2368,Cercotrichas signata,unknown,5.1338,0.0565
2369,Cereopsis novaehollandiae,unknown,5.5537,0.0554
2370,Cerorhinca monocerata,unknown,4.7001,0.0569
2371,Certhia americana,male,5.5767,0.021
2372,Certhia americana,unknown,5.9257,0.0621
2373,Certhia brachydactyla,male,6.3091,0.0629
2374,Certhia brachydactyla,unknown,5.8542,0.0726
2375,Certhia discolor,unknown,5.5811,0.068
2376,Certhia familiaris,unknown,5.8252,0.0561
2377,Certhia himalayana,unknown,5.6139,0.0516
2378,Certhia hodgsoni,unknown,5.992,0.0539
2379,Certhia manipurensis,unknown,5.1316,0.0444
2380,Certhia nipalensis,unknown,6.0722,0.0658
2381,Certhia tianquanensis,unknown,5.6508,0.0638
2382,Certhiasomus stictolaemus,unknown,5.1525,0.0622
2383,Certhiaxis cinnamomeus,unknown,5.2742,0.0567
2384,Certhiaxis mustelinus,unknown,6.5055,0.0821
2385,Certhidea fusca,unknown,5.8341,0.0612
2386,Certhidea olivacea,unknown,5.2289,0.0431
2387,Certhilauda benguelensis,unknown,4.8141,0.0648
2388,Certhilauda brevirostris,male,4.4894,0.0734
2389,Certhilauda brevirostris,unknown,5.1927,0.0579
2390,Certhilauda chuana,unknown,5.1431,0.0442
2391,Certhilauda curvirostris,unknown,4.6733,0.0872
2392,Certhilauda semitorquata,unknown,4.927,0.0573
2393,Certhilauda subcoronata,unknown,4.5964,0.0559
2394,Certhionyx variegatus,male,5.4762,0.0519
2395,Certhionyx variegatus,unknown,5.4707,0.0558
2396,Ceryle rudis,unknown,6.929,0.1052
2397,Cettia brunnifrons,male,5.8379,0.0474
2398,Cettia brunnifrons,unknown,5.9071,0.0508
2399,Cettia castaneocoronata,unknown,6.8779,0.0728
2400,Cettia cetti,male,5.4893,0.0655
2401,Cettia cetti,unknown,5.9664,0.0666
2402,Cettia major,male,5.8133,0.0597
2403,Cettia major,unknown,4.9849,0.0717
2404,Ceuthmochares aereus,unknown,5.9162,0.0613
2405,Ceuthmochares australis,unknown,5.8908,0.0549
2406,Ceyx argentatus,unknown,6.6323,0.0908
2407,Ceyx azureus,unknown,7.7918,0.1089
2408,Ceyx cajeli,unknown,7.0001,0.1004
2409,Ceyx collectoris,unknown,7.26,0.0923
2410,Ceyx cyanopectus,unknown,7.4002,0.1037
2411,Ceyx erithaca,unknown,8.2077,0.1364
2412,Ceyx fallax,unknown,7.35,0.1032
2413,Ceyx flumenicola,unknown,7.097,0.1021
2414,Ceyx gentianus,unknown,7.2058,0.0892
2415,Ceyx lepidus,unknown,7.3416,0.0887
2416,Ceyx malaitae,unknown,6.8277,0.0768
2417,Ceyx margarethae,unknown,7.5225,0.1344
2418,Ceyx meeki,unknown,6.7909,0.0944
2419,Ceyx melanurus,unknown,6.925,0.092
2420,Ceyx pusillus,unknown,7.6993,0.1223
2421,Ceyx rufidorsa,unknown,7.6659,0.1172
2422,Ceyx sacerdotis,unknown,6.6546,0.0685
2423,Ceyx solitarius,unknown,7.7076,0.1167
2424,Ceyx uropygialis,unknown,7.5401,0.1481
2425,Ceyx wallacii,unknown,7.5322,0.1506
2426,Ceyx websteri,unknown,6.0333,0.0576
2427,Chaetocercus astreans,female,6.885,0.1042
2428,Chaetocercus astreans,unknown,7.1796,0.1302
2429,Chaetocercus berlepschi,unknown,6.9287,0.0889
2430,Chaetocercus bombus,male,7.1633,0.0673
2431,Chaetocercus bombus,unknown,6.8499,0.1047
2432,Chaetocercus heliodor,female,7.5657,0.0902
2433,Chaetocercus heliodor,unknown,7.4601,0.1129
2434,Chaetocercus jourdanii,female,6.8717,0.0353
2435,Chaetocercus jourdanii,male,6.9582,0.0863
2436,Chaetocercus jourdanii,unknown,6.9888,0.0994
2437,Chaetocercus mulsant,female,7.226,0.0415
2438,Chaetocercus mulsant,male,6.3228,0.0146
2439,Chaetocercus mulsant,unknown,7.5887,0.1207
2440,Chaetops aurantius,male,6.4856,0.0754
2441,Chaetops aurantius,unknown,6.2125,0.0576
2442,Chaetops frenatus,male,6.0021,0.0634
2443,Chaetops frenatus,unknown,5.8814,0.0539
2444,Chaetorhynchus papuensis,male,6.32,0.0761
2445,Chaetorhynchus papuensis,unknown,5.1536,0.0545
2446,Chaetornis striata,male,5.024,NA
2447,Chaetornis striata,unknown,5.1955,0.0598
2448,Chaetura brachyura,unknown,5.0305,0.062
2449,Chaetura chapmani,unknown,4.5525,0.0727
2450,Chaetura cinereiventris,unknown,5.093,0.0545
2451,Chaetura egregia,unknown,5.0831,0.058
2452,Chaetura fumosa,unknown,4.9762,0.054
2453,Chaetura martinica,unknown,4.9282,0.0645
2454,Chaetura meridionalis,unknown,5.3908,0.053
2455,Chaetura pelagica,unknown,5.7089,0.0616
2456,Chaetura spinicaudus,unknown,5.4714,0.0566
2457,Chaetura vauxi,unknown,5.4544,0.0571
2458,Chaetura viridipennis,unknown,4.6391,0.072
2459,Chalcomitra adelberti,female,5.0548,0.055
2460,Chalcomitra adelberti,unknown,6.4826,0.076
2461,Chalcomitra amethystina,female,5.6771,0.03
2462,Chalcomitra amethystina,male,5.895,0.0509
2463,Chalcomitra amethystina,unknown,6.0203,0.0701
2464,Chalcomitra balfouri,unknown,5.351,0.0495
2465,Chalcomitra fuliginosa,unknown,5.7471,0.0536
2466,Chalcomitra hunteri,female,5.6939,0.0531
2467,Chalcomitra hunteri,unknown,6.7304,0.0714
2468,Chalcomitra rubescens,male,6.1443,0.0715
2469,Chalcomitra rubescens,unknown,6.764,0.0857
2470,Chalcomitra senegalensis,female,5.8833,0.0047
2471,Chalcomitra senegalensis,male,6.5208,0.0647
2472,Chalcomitra senegalensis,unknown,6.4638,0.0596
2473,Chalcoparia singalensis,female,5.8257,0.0346
2474,Chalcoparia singalensis,male,6.7563,0.0705
2475,Chalcoparia singalensis,unknown,7.2769,0.1423
2476,Chalcophaps indica,male,6.2217,0.0613
2477,Chalcophaps indica,unknown,6.6904,0.0887
2478,Chalcophaps longirostris,unknown,5.8618,0.0545
2479,Chalcophaps stephani,unknown,5.5787,0.0592
2480,Chalcopsitta atra,unknown,5.725,0.0642
2481,Chalcopsitta cardinalis,unknown,6.9814,0.0884
2482,Chalcopsitta duivenbodei,unknown,5.3761,0.0531
2483,Chalcopsitta scintillata,unknown,6.0708,0.0647
2484,Chalcostigma herrani,female,6.711,NA
2485,Chalcostigma herrani,male,6.7251,0.0586
2486,Chalcostigma herrani,unknown,6.625,0.072
2487,Chalcostigma heteropogon,male,6.8025,0.0635
2488,Chalcostigma heteropogon,unknown,7.3121,0.0842
2489,Chalcostigma olivaceum,unknown,5.6607,0.0567
2490,Chalcostigma ruficeps,male,6.5986,0.0823
2491,Chalcostigma ruficeps,unknown,6.2351,0.0727
2492,Chalcostigma stanleyi,unknown,6.2268,0.0695
2493,Chalcothraupis ruficervix,unknown,7.5581,0.1156
2494,Chalybura buffonii,male,6.9992,0.0881
2495,Chalybura buffonii,unknown,6.6534,0.065
2496,Chalybura urochrysia,male,6.9227,0.0829
2497,Chalybura urochrysia,unknown,6.8575,0.0671
2498,Chamaea fasciata,unknown,5.7734,0.0719
2499,Chamaepetes goudotii,unknown,5.7821,0.0585
2500,Chamaepetes unicolor,unknown,5.759,0.0578
2501,Chamaetylas choloensis,unknown,5.9121,0.0704
2502,Chamaetylas fuelleborni,unknown,5.965,0.0488
2503,Chamaetylas poliocephala,unknown,5.4386,0.0575
2504,Chamaetylas poliophrys,unknown,5.4613,0.0476
2505,Chamaeza campanisona,unknown,5.6402,0.0475
2506,Chamaeza meruloides,unknown,5.3367,0.0661
2507,Chamaeza mollissima,unknown,4.8592,0.0641
2508,Chamaeza nobilis,male,5.0707,0.055
2509,Chamaeza nobilis,unknown,4.955,0.0588
2510,Chamaeza ruficauda,unknown,5.1193,0.0563
2511,Chamaeza turdina,unknown,5.2262,0.0676
2512,Charadrius alexandrinus,unknown,6.0638,0.0685
2513,Charadrius alticola,male,5.5312,0.0626
2514,Charadrius alticola,unknown,5.6679,0.0453
2515,Charadrius asiaticus,male,5.8613,0.0353
2516,Charadrius asiaticus,unknown,6.2592,0.0558
2517,Charadrius bicinctus,male,5.2546,0.0407
2518,Charadrius bicinctus,unknown,5.8939,0.0586
2519,Charadrius collaris,unknown,6.6832,0.0684
2520,Charadrius dubius,unknown,6.267,0.0693
2521,Charadrius falklandicus,unknown,6.0285,0.0632
2522,Charadrius forbesi,unknown,5.8493,0.0538
2523,Charadrius hiaticula,male,5.462,0.05
2524,Charadrius hiaticula,unknown,6.4138,0.0624
2525,Charadrius javanicus,unknown,5.9302,0.0588
2526,Charadrius leschenaultii,unknown,6.247,0.067
2527,Charadrius marginatus,unknown,5.407,0.0559
2528,Charadrius melodus,unknown,6.6023,0.065
2529,Charadrius modestus,unknown,6.834,0.0819
2530,Charadrius mongolus,unknown,5.7746,0.0666
2531,Charadrius montanus,unknown,5.7244,0.0662
2532,Charadrius morinellus,unknown,6.3883,0.0665
2533,Charadrius nivosus,unknown,6.7942,0.0598
2534,Charadrius obscurus,female,6.1022,0.0589
2535,Charadrius obscurus,male,6.085,NA
2536,Charadrius obscurus,unknown,6.053,0.0451
2537,Charadrius pallidus,male,6.1793,0.098
2538,Charadrius pallidus,unknown,6.5447,0.0726
2539,Charadrius pecuarius,unknown,5.5902,0.0549
2540,Charadrius peronii,male,5.8641,0.0392
2541,Charadrius peronii,unknown,6.3601,0.0611
2542,Charadrius placidus,unknown,5.6044,0.0476
2543,Charadrius ruficapillus,female,6.0795,0.0679
2544,Charadrius ruficapillus,male,6.4777,0.0796
2545,Charadrius ruficapillus,unknown,6.4211,0.0632
2546,Charadrius sanctaehelenae,unknown,5.8394,0.0614
2547,Charadrius semipalmatus,unknown,6.0771,0.0581
2548,Charadrius thoracicus,male,6.0674,0.0751
2549,Charadrius thoracicus,unknown,6.0428,0.062
2550,Charadrius tricollaris,unknown,5.929,0.0626
2551,Charadrius veredus,unknown,6.2383,0.0663
2552,Charadrius vociferus,unknown,5.9791,0.0513
2553,Charadrius wilsonia,female,5.8403,0.0371
2554,Charadrius wilsonia,unknown,6.1309,0.0591
2555,Charitospiza eucosma,female,6.1156,0.0548
2556,Charitospiza eucosma,male,6.4314,0.0404
2557,Charitospiza eucosma,unknown,5.9925,0.0533
2558,Charmosyna josefinae,unknown,6.4551,0.0683
2559,Charmosyna margarethae,unknown,6.8131,0.0889
2560,Charmosyna meeki,unknown,6.8226,0.099
2561,Charmosyna palmarum,unknown,5.8401,0.052
2562,Charmosyna papou,male,6.9787,0.0891
2563,Charmosyna papou,unknown,7.1553,0.0628
2564,Charmosyna placentis,male,6.8723,0.1032
2565,Charmosyna placentis,unknown,6.9356,0.0698
2566,Charmosyna pulchella,unknown,6.5694,0.0602
2567,Charmosyna rubrigularis,unknown,6.6297,0.0788
2568,Charmosyna rubronotata,unknown,6.2614,0.0562
2569,Charmosyna toxopei,unknown,5.8755,0.0601
2570,Charmosyna wilhelminae,unknown,5.4444,0.0683
2571,Chasiempis ibidis,male,5.8265,0.0592
2572,Chasiempis ibidis,unknown,5.9677,0.0602
2573,Chasiempis sandwichensis,male,6.0639,0.067
2574,Chasiempis sandwichensis,unknown,5.5403,0.05
2575,Chasiempis sclateri,unknown,6.5058,0.0789
2576,Chauna chavaria,unknown,5.2364,0.0476
2577,Chauna torquata,unknown,5.1172,0.0599
2578,Chelictinia riocourii,unknown,6.6687,0.0804
2579,Chelidoptera tenebrosa,unknown,5.7802,0.0517
2580,Chelidorhynx hypoxanthus,female,7.1304,0.0856
2581,Chelidorhynx hypoxanthus,male,6.3907,0.0749
2582,Chelidorhynx hypoxanthus,unknown,6.8372,0.092
2583,Chenonetta jubata,female,5.4368,0.0482
2584,Chenonetta jubata,male,5.8069,0.0515
2585,Chenonetta jubata,unknown,5.8821,0.0442
2586,Chenorhamphus campbelli,unknown,5.7449,0.0636
2587,Cheramoeca leucosterna,unknown,5.9377,0.0571
2588,Chersomanes albofasciata,unknown,5.2541,0.0606
2589,Chersomanes beesleyi,male,5.5835,0.0259
2590,Chersomanes beesleyi,unknown,4.5589,0.0572
2591,Chersophilus duponti,male,4.9241,0.0567
2592,Chersophilus duponti,unknown,4.7175,0.0502
2593,Chionis albus,unknown,5.4673,0.0636
2594,Chionis minor,unknown,5.612,0.0659
2595,Chiroxiphia boliviana,female,5.8612,0.0552
2596,Chiroxiphia boliviana,male,6.343,NA
2597,Chiroxiphia boliviana,unknown,5.7018,0.0464
2598,Chiroxiphia caudata,female,6.536,0.0399
2599,Chiroxiphia caudata,male,7.0475,0.0389
2600,Chiroxiphia caudata,unknown,7.0214,0.1054
2601,Chiroxiphia lanceolata,male,7.1449,0.0806
2602,Chiroxiphia lanceolata,unknown,6.5613,0.0832
2603,Chiroxiphia linearis,male,7.1432,0.0641
2604,Chiroxiphia linearis,unknown,7.1929,0.0976
2605,Chiroxiphia pareola,unknown,7.111,0.0844
2606,Chlamydera cerviniventris,unknown,5.5551,0.0506
2607,Chlamydera guttata,male,6.094,0.0293
2608,Chlamydera guttata,unknown,5.8191,0.0718
2609,Chlamydera lauterbachi,unknown,5.2473,0.0577
2610,Chlamydera maculata,unknown,5.2067,0.0567
2611,Chlamydera nuchalis,unknown,5.5563,0.0614
2612,Chlamydochaera jefferyi,male,5.4604,0.0643
2613,Chlamydochaera jefferyi,unknown,5.7691,0.0695
2614,Chlamydotis macqueenii,male,5.0973,0.0534
2615,Chlamydotis macqueenii,unknown,5.0432,0.0743
2616,Chlamydotis undulata,male,5.7212,0.0563
2617,Chlamydotis undulata,unknown,5.8327,0.0517
2618,Chleuasicus atrosuperciliaris,unknown,5.7989,0.0679
2619,Chlidonias albostriatus,unknown,5.8684,0.0475
2620,Chlidonias hybrida,unknown,5.9922,0.0537
2621,Chlidonias leucopterus,unknown,5.826,0.0628
2622,Chlidonias niger,unknown,5.579,0.0577
2623,Chloephaga hybrida,unknown,6.2016,0.0635
2624,Chloephaga picta,female,5.9545,0.0564
2625,Chloephaga picta,male,4.8382,0.0573
2626,Chloephaga picta,unknown,6.3881,0.0708
2627,Chloephaga poliocephala,female,6.1261,0.0598
2628,Chloephaga poliocephala,male,5.1153,0.0408
2629,Chloephaga poliocephala,unknown,5.7173,0.055
2630,Chloephaga rubidiceps,unknown,5.4547,0.0604
2631,Chlorestes notata,female,7.4023,0.0934
2632,Chlorestes notata,male,7.6333,0.076
2633,Chlorestes notata,unknown,8.0034,0.1618
2634,Chloris ambigua,female,5.3785,0.0577
2635,Chloris ambigua,unknown,5.5656,0.0572
2636,Chloris chloris,female,5.4676,0.0638
2637,Chloris chloris,male,5.6754,0.0808
2638,Chloris chloris,unknown,6.3991,0.0822
2639,Chloris monguilloti,unknown,6.3381,0.0697
2640,Chloris sinica,unknown,5.6808,0.0576
2641,Chloris spinoides,male,6.6159,0.1053
2642,Chloris spinoides,unknown,5.7918,0.0593
2643,Chloroceryle aenea,male,7.3277,0.098
2644,Chloroceryle aenea,unknown,7.6218,0.1104
2645,Chloroceryle amazona,male,6.703,0.0584
2646,Chloroceryle amazona,unknown,7.047,0.0739
2647,Chloroceryle americana,female,7.468,0.0875
2648,Chloroceryle americana,unknown,6.7091,0.075
2649,Chloroceryle inda,male,7.0433,0.0748
2650,Chloroceryle inda,unknown,7.3485,0.1059
2651,Chlorocharis emiliae,unknown,5.5558,0.057
2652,Chlorochrysa calliparaea,male,6.5342,0.0335
2653,Chlorochrysa calliparaea,unknown,7.2577,0.0892
2654,Chlorochrysa nitidissima,male,7.052,0.0535
2655,Chlorochrysa nitidissima,unknown,7.8078,0.1042
2656,Chlorochrysa phoenicotis,male,6.8448,0.0763
2657,Chlorochrysa phoenicotis,unknown,7.0108,0.0685
2658,Chlorocichla falkensteini,unknown,5.4534,0.0585
2659,Chlorocichla flaviventris,unknown,5.6009,0.051
2660,Chlorocichla laetissima,male,5.1204,0.0183
2661,Chlorocichla laetissima,unknown,5.8255,0.0732
2662,Chlorocichla simplex,unknown,5.0075,0.0538
2663,Chlorodrepanis flava,female,5.9455,0.018
2664,Chlorodrepanis flava,male,6.1404,0.0563
2665,Chlorodrepanis flava,unknown,6.5085,0.0754
2666,Chlorodrepanis stejnegeri,unknown,6.0344,0.0638
2667,Chlorodrepanis virens,male,6.2491,0.0724
2668,Chlorodrepanis virens,unknown,6.691,0.0824
2669,Chlorophanes spiza,female,6.2384,0.0619
2670,Chlorophanes spiza,male,7.0354,0.0571
2671,Chlorophanes spiza,unknown,6.8872,0.1006
2672,Chlorophonia callophrys,female,6.6964,0.0749
2673,Chlorophonia callophrys,male,6.8237,0.0506
2674,Chlorophonia callophrys,unknown,7.3775,0.0914
2675,Chlorophonia cyanea,male,7.6276,0.0857
2676,Chlorophonia cyanea,unknown,7.4143,0.112
2677,Chlorophonia flavirostris,female,6.043,NA
2678,Chlorophonia flavirostris,male,6.7013,0.0559
2679,Chlorophonia flavirostris,unknown,6.5163,0.0674
2680,Chlorophonia occipitalis,female,7.0876,0.0577
2681,Chlorophonia occipitalis,male,6.957,NA
2682,Chlorophonia occipitalis,unknown,6.7504,0.0691
2683,Chlorophonia pyrrhophrys,female,6.4294,0.087
2684,Chlorophonia pyrrhophrys,male,6.6054,0.0738
2685,Chlorophonia pyrrhophrys,unknown,7.0452,0.0874
2686,Chloropicus abyssinicus,male,6.5126,0.0442
2687,Chloropicus abyssinicus,unknown,6.3065,0.0561
2688,Chloropicus elachus,male,6.1038,0.0551
2689,Chloropicus elachus,unknown,6.0102,0.0526
2690,Chloropicus elliotii,female,5.74,0.1273
2691,Chloropicus elliotii,male,5.876,0.072
2692,Chloropicus elliotii,unknown,5.4898,0.0456
2693,Chloropicus fuscescens,male,6.5842,0.0605
2694,Chloropicus fuscescens,unknown,6.3035,0.0519
2695,Chloropicus gabonensis,female,5.5408,0.0595
2696,Chloropicus gabonensis,male,5.9209,0.0546
2697,Chloropicus gabonensis,unknown,6.0193,0.078
2698,Chloropicus goertae,unknown,6.2721,0.069
2699,Chloropicus griseocephalus,unknown,6.2138,0.0579
2700,Chloropicus lugubris,female,5.2138,0.0595
2701,Chloropicus lugubris,unknown,5.0956,0.0537
2702,Chloropicus namaquus,female,6.3131,0.0701
2703,Chloropicus namaquus,unknown,6.0941,0.0468
2704,Chloropicus obsoletus,female,6.1617,0.0677
2705,Chloropicus obsoletus,male,5.9592,0.0384
2706,Chloropicus obsoletus,unknown,6.459,0.0622
2707,Chloropicus poecilolaemus,female,5.5698,0.0464
2708,Chloropicus poecilolaemus,male,6.0016,0.0533
2709,Chloropicus poecilolaemus,unknown,6.0252,0.0753
2710,Chloropicus pyrrhogaster,male,5.9698,0.0698
2711,Chloropicus pyrrhogaster,unknown,5.9514,0.0457
2712,Chloropicus spodocephalus,male,7.1715,0.0236
2713,Chloropicus spodocephalus,unknown,6.4303,0.0677
2714,Chloropicus stierlingi,female,5.535,0.0459
2715,Chloropicus stierlingi,male,5.6034,0.0468
2716,Chloropicus stierlingi,unknown,5.9077,0.0657
2717,Chloropicus xantholophus,unknown,5.4929,0.0653
2718,Chloropipo flavicapilla,male,7.0134,0.0755
2719,Chloropipo flavicapilla,unknown,6.4543,0.0808
2720,Chloropipo unicolor,unknown,4.955,0.0636
2721,Chloropsis aurifrons,male,6.8407,0.0445
2722,Chloropsis aurifrons,unknown,6.6581,0.0875
2723,Chloropsis cochinchinensis,unknown,7.085,0.0693
2724,Chloropsis cyanopogon,female,6.7623,0.0622
2725,Chloropsis cyanopogon,male,6.8366,0.0675
2726,Chloropsis cyanopogon,unknown,7.3876,0.0887
2727,Chloropsis flavipennis,unknown,5.633,0.0577
2728,Chloropsis hardwickii,female,6.2836,0.0632
2729,Chloropsis hardwickii,male,7.515,0.1047
2730,Chloropsis hardwickii,unknown,7.3202,0.081
2731,Chloropsis jerdoni,female,6.7155,0.0416
2732,Chloropsis jerdoni,unknown,7.1492,0.0894
2733,Chloropsis kinabaluensis,female,6.9675,0.0517
2734,Chloropsis kinabaluensis,male,6.7978,0.054
2735,Chloropsis kinabaluensis,unknown,6.6627,0.078
2736,Chloropsis media,unknown,7.0017,0.1039
2737,Chloropsis palawanensis,unknown,6.2665,0.0642
2738,Chloropsis sonnerati,unknown,6.7339,0.0925
2739,Chloropsis venusta,male,6.7449,0.0728
2740,Chloropsis venusta,unknown,6.9148,0.0844
2741,Chlorornis riefferii,unknown,6.6965,0.0615
2742,Chlorospingus canigularis,unknown,5.7817,0.0545
2743,Chlorospingus flavigularis,unknown,5.7086,0.0497
2744,Chlorospingus flavopectus,unknown,5.9974,0.0563
2745,Chlorospingus flavovirens,unknown,5.2421,0.0582
2746,Chlorospingus inornatus,unknown,5.9931,0.0635
2747,Chlorospingus parvirostris,unknown,5.5567,0.0618
2748,Chlorospingus pileatus,unknown,5.9759,0.051
2749,Chlorospingus semifuscus,unknown,5.7611,0.047
2750,Chlorospingus tacarcunae,unknown,5.3277,0.0543
2751,Chlorostilbon alice,female,7.0749,0.2052
2752,Chlorostilbon alice,male,6.8073,0.0733
2753,Chlorostilbon alice,unknown,7.9628,0.1732
2754,Chlorostilbon assimilis,female,7.155,0.0861
2755,Chlorostilbon assimilis,male,6.9357,0.0738
2756,Chlorostilbon assimilis,unknown,7.7164,0.1269
2757,Chlorostilbon auriceps,female,6.6134,0.0553
2758,Chlorostilbon auriceps,unknown,6.8463,0.1342
2759,Chlorostilbon canivetii,unknown,6.9069,0.1001
2760,Chlorostilbon forficatus,unknown,7.1829,0.1037
2761,Chlorostilbon gibsoni,female,7.289,0.0856
2762,Chlorostilbon gibsoni,male,6.9239,0.0649
2763,Chlorostilbon gibsoni,unknown,7.9003,0.1117
2764,Chlorostilbon lucidus,female,6.7981,0.0308
2765,Chlorostilbon lucidus,male,7.639,0.0863
2766,Chlorostilbon lucidus,unknown,7.1281,0.111
2767,Chlorostilbon maugaeus,female,6.5056,0.0732
2768,Chlorostilbon maugaeus,male,7.3652,0.0521
2769,Chlorostilbon maugaeus,unknown,7.5331,0.1208
2770,Chlorostilbon melanorhynchus,male,7.4895,0.0721
2771,Chlorostilbon melanorhynchus,unknown,7.2677,0.073
2772,Chlorostilbon mellisugus,female,7.035,0.0631
2773,Chlorostilbon mellisugus,male,7.9094,0.1171
2774,Chlorostilbon mellisugus,unknown,7.3692,0.1442
2775,Chlorostilbon poortmani,female,7.1768,0.0762
2776,Chlorostilbon poortmani,male,6.9052,0.0802
2777,Chlorostilbon poortmani,unknown,7.2467,0.1146
2778,Chlorostilbon ricordii,male,7.2946,0.073
2779,Chlorostilbon ricordii,unknown,7.6841,0.1039
2780,Chlorostilbon russatus,unknown,6.3285,0.0603
2781,Chlorostilbon stenurus,male,7.2832,0.0721
2782,Chlorostilbon stenurus,unknown,7.3978,0.1003
2783,Chlorostilbon swainsonii,female,7.505,0.0411
2784,Chlorostilbon swainsonii,unknown,6.4656,0.0677
2785,Chlorothraupis carmioli,unknown,5.4181,0.0514
2786,Chlorothraupis olivacea,unknown,6.3685,0.0799
2787,Chlorothraupis stolzmanni,unknown,5.1533,0.0584
2788,Cholornis paradoxus,unknown,5.7091,0.0543
2789,Cholornis unicolor,unknown,5.5576,0.0466
2790,Chondestes grammacus,unknown,5.9953,0.0594
2791,Chondrohierax uncinatus,female,6.4445,0.0565
2792,Chondrohierax uncinatus,male,6.0281,0.0595
2793,Chondrohierax uncinatus,unknown,6.1173,0.0694
2794,Chordeiles acutipennis,male,5.6283,0.0586
2795,Chordeiles acutipennis,unknown,5.6017,0.0546
2796,Chordeiles gundlachii,female,6.2044,0.0357
2797,Chordeiles gundlachii,male,5.522,NA
2798,Chordeiles gundlachii,unknown,5.8869,0.0649
2799,Chordeiles minor,male,6.6452,0.0337
2800,Chordeiles minor,unknown,6.5266,0.0754
2801,Chordeiles nacunda,male,6.2158,0.0392
2802,Chordeiles nacunda,unknown,5.4299,0.0616
2803,Chordeiles pusillus,unknown,5.6187,0.0543
2804,Chordeiles rupestris,unknown,5.0722,0.0376
2805,Chroicocephalus brunnicephalus,unknown,5.7499,0.0615
2806,Chroicocephalus bulleri,unknown,5.3864,0.0578
2807,Chroicocephalus cirrocephalus,unknown,5.5747,0.0594
2808,Chroicocephalus genei,unknown,5.1581,0.0558
2809,Chroicocephalus hartlaubii,unknown,5.3936,0.0502
2810,Chroicocephalus maculipennis,unknown,5.4898,0.0614
2811,Chroicocephalus novaehollandiae,unknown,5.0462,0.052
2812,Chroicocephalus philadelphia,unknown,6.2443,0.0585
2813,Chroicocephalus ridibundus,unknown,5.5759,0.0539
2814,Chroicocephalus serranus,female,5.6404,0.043
2815,Chroicocephalus serranus,unknown,5.9912,0.0588
2816,Chrysococcyx basalis,male,4.9974,0.0485
2817,Chrysococcyx basalis,unknown,5.6843,0.0603
2818,Chrysococcyx caprius,male,6.1021,0.0498
2819,Chrysococcyx caprius,unknown,6.8318,0.0915
2820,Chrysococcyx cupreus,male,6.8253,0.0411
2821,Chrysococcyx cupreus,unknown,6.5007,0.073
2822,Chrysococcyx flavigularis,male,6.2171,0.0717
2823,Chrysococcyx flavigularis,unknown,6.0859,0.0555
2824,Chrysococcyx klaas,female,5.9056,0.0492
2825,Chrysococcyx klaas,unknown,6.9102,0.1073
2826,Chrysococcyx lucidus,male,5.4824,0.0553
2827,Chrysococcyx lucidus,unknown,6.3704,0.06
2828,Chrysococcyx maculatus,unknown,6.1109,0.0615
2829,Chrysococcyx megarhynchus,unknown,5.0089,0.0575
2830,Chrysococcyx meyerii,female,6.114,0.1336
2831,Chrysococcyx meyerii,male,5.4282,0.0643
2832,Chrysococcyx meyerii,unknown,6.4165,0.0659
2833,Chrysococcyx minutillus,male,6.2651,0.0527
2834,Chrysococcyx minutillus,unknown,5.6316,0.0634
2835,Chrysococcyx osculans,unknown,5.2399,0.0495
2836,Chrysococcyx ruficollis,male,6.5283,0.0578
2837,Chrysococcyx ruficollis,unknown,6.1658,0.0521
2838,Chrysococcyx xanthorhynchus,female,5.797,0.104
2839,Chrysococcyx xanthorhynchus,male,6.0929,0.058
2840,Chrysococcyx xanthorhynchus,unknown,5.8991,0.0684
2841,Chrysocolaptes erythrocephalus,male,6.0445,0.0488
2842,Chrysocolaptes erythrocephalus,unknown,6.1426,0.0713
2843,Chrysocolaptes festivus,female,6.2277,0.0491
2844,Chrysocolaptes festivus,male,5.9826,0.0551
2845,Chrysocolaptes festivus,unknown,6.7194,0.0578
2846,Chrysocolaptes guttacristatus,female,6.1823,0.108
2847,Chrysocolaptes guttacristatus,unknown,7.0187,0.0822
2848,Chrysocolaptes haematribon,male,5.4289,0.0419
2849,Chrysocolaptes haematribon,unknown,6.4173,0.0775
2850,Chrysocolaptes lucidus,female,6.0171,0.0509
2851,Chrysocolaptes lucidus,male,5.948,0.0599
2852,Chrysocolaptes lucidus,unknown,6.2854,0.0768
2853,Chrysocolaptes stricklandi,male,5.8704,0.0481
2854,Chrysocolaptes stricklandi,unknown,6.5222,0.0847
2855,Chrysocolaptes strictus,male,5.2198,0.0461
2856,Chrysocolaptes strictus,unknown,5.3376,0.0562
2857,Chrysocolaptes xanthocephalus,male,6.3725,0.0742
2858,Chrysocolaptes xanthocephalus,unknown,6.6315,0.0948
2859,Chrysocorythus estherae,female,4.9311,0.081
2860,Chrysocorythus estherae,male,5.2625,0.0376
2861,Chrysocorythus estherae,unknown,4.9127,0.0571
2862,Chrysolampis mosquitus,male,7.6816,0.0493
2863,Chrysolampis mosquitus,unknown,7.3725,0.0994
2864,Chrysolophus amherstiae,male,6.6437,0.0727
2865,Chrysolophus amherstiae,unknown,6.6534,0.1031
2866,Chrysolophus pictus,male,6.6643,0.0931
2867,Chrysolophus pictus,unknown,6.4077,0.0567
2868,Chrysomma altirostre,unknown,5.6029,0.0459
2869,Chrysomma poecilotis,unknown,5.6835,0.0541
2870,Chrysomma sinense,unknown,6.1568,0.06
2871,Chrysomus icterocephalus,male,6.6606,0.1201
2872,Chrysomus icterocephalus,unknown,6.8863,0.0824
2873,Chrysomus ruficapillus,male,5.6817,0.0467
2874,Chrysomus ruficapillus,unknown,5.4376,0.0524
2875,Chrysophlegma flavinucha,female,6.4443,0.0615
2876,Chrysophlegma flavinucha,male,6.8698,0.0972
2877,Chrysophlegma flavinucha,unknown,6.483,0.0757
2878,Chrysophlegma mentale,male,6.4478,0.0421
2879,Chrysophlegma mentale,unknown,6.5163,0.0456
2880,Chrysophlegma miniaceum,male,5.9345,0.0227
2881,Chrysophlegma miniaceum,unknown,6.882,0.0861
2882,Chrysothlypis chrysomelas,unknown,6.9908,0.0878
2883,Chrysothlypis salmoni,male,6.2486,0.0768
2884,Chrysothlypis salmoni,unknown,7.0682,0.0857
2885,Chrysuronia oenone,female,7.0191,0.0954
2886,Chrysuronia oenone,unknown,7.1356,0.0967
2887,Chunga burmeisteri,unknown,5.4642,0.0532
2888,Ciccaba albitarsis,unknown,6.7546,0.0948
2889,Ciccaba huhula,female,7.463,0.0742
2890,Ciccaba huhula,unknown,7.3312,0.1057
2891,Ciccaba nigrolineata,male,7.003,0.0347
2892,Ciccaba nigrolineata,unknown,6.5294,0.0695
2893,Ciccaba virgata,unknown,6.6759,0.0624
2894,Cichladusa arquata,unknown,5.5902,0.0587
2895,Cichladusa guttata,unknown,5.788,0.0564
2896,Cichladusa ruficauda,male,6.383,0.0586
2897,Cichladusa ruficauda,unknown,5.876,0.0508
2898,Cichlocolaptes leucophrus,unknown,5.2088,0.0663
2899,Cichlopsis leucogenys,male,5.1352,0.0508
2900,Cichlopsis leucogenys,unknown,5.0278,0.0333
2901,Cicinnurus magnificus,male,6.4741,0.0622
2902,Cicinnurus magnificus,unknown,7.2389,0.1172
2903,Cicinnurus regius,unknown,6.8175,0.1004
2904,Cicinnurus respublica,male,6.6641,0.0797
2905,Cicinnurus respublica,unknown,7.3813,0.0923
2906,Ciconia abdimii,unknown,5.1328,0.0542
2907,Ciconia boyciana,female,5.469,0.036
2908,Ciconia boyciana,unknown,6.2135,0.0621
2909,Ciconia ciconia,unknown,6.5641,0.0589
2910,Ciconia episcopus,unknown,5.4222,0.0677
2911,Ciconia maguari,unknown,6.1399,0.0662
2912,Ciconia nigra,unknown,6.3442,0.0515
2913,Ciconia stormi,unknown,5.641,0.0613
2914,Cinclidium frontale,unknown,6.4456,0.078
2915,Cinclocerthia gutturalis,unknown,5.1362,0.0501
2916,Cinclocerthia ruficauda,unknown,5.1468,0.0538
2917,Cinclodes albidiventris,unknown,4.894,0.0612
2918,Cinclodes albiventris,unknown,5.626,0.0587
2919,Cinclodes antarcticus,unknown,4.9185,0.0695
2920,Cinclodes aricomae,unknown,5.0245,0.0478
2921,Cinclodes atacamensis,unknown,4.8631,0.055
2922,Cinclodes comechingonus,unknown,4.8706,0.0569
2923,Cinclodes excelsior,unknown,5.2328,0.0496
2924,Cinclodes fuscus,unknown,5.2284,0.0557
2925,Cinclodes nigrofumosus,unknown,5.1903,0.0498
2926,Cinclodes olrogi,unknown,5.4753,0.0532
2927,Cinclodes oustaleti,female,5.0012,0.0344
2928,Cinclodes oustaleti,unknown,5.5249,0.0542
2929,Cinclodes pabsti,unknown,5.3624,0.054
2930,Cinclodes palliatus,unknown,5.3743,0.0468
2931,Cinclodes patagonicus,unknown,5.3925,0.0479
2932,Cinclodes taczanowskii,unknown,5.1588,0.0536
2933,Cincloramphus bivittatus,unknown,5.1037,0.0578
2934,Cincloramphus cruralis,male,5.1242,0.0742
2935,Cincloramphus cruralis,unknown,4.9251,0.0537
2936,Cincloramphus macrurus,female,5.027,0.037
2937,Cincloramphus macrurus,male,5.8765,0.0614
2938,Cincloramphus macrurus,unknown,4.8661,0.069
2939,Cincloramphus mariei,unknown,5.2035,0.0501
2940,Cincloramphus mathewsi,unknown,5.8168,0.056
2941,Cincloramphus timoriensis,unknown,5.4024,0.056
2942,Cincloramphus whitneyi,unknown,5.2201,0.0546
2943,Cinclosoma ajax,unknown,4.4747,0.0661
2944,Cinclosoma alisteri,male,5.2384,0.0474
2945,Cinclosoma alisteri,unknown,5.3307,0.0651
2946,Cinclosoma castaneothorax,male,5.0297,0.0369
2947,Cinclosoma castaneothorax,unknown,5.9493,0.0553
2948,Cinclosoma castanotum,male,5.2018,0.0545
2949,Cinclosoma castanotum,unknown,5.9232,0.0439
2950,Cinclosoma cinnamomeum,male,5.3056,0.0425
2951,Cinclosoma cinnamomeum,unknown,5.7405,0.0583
2952,Cinclosoma clarum,female,5.3374,0.0309
2953,Cinclosoma clarum,male,5.8004,0.0594
2954,Cinclosoma clarum,unknown,5.7789,0.0532
2955,Cinclosoma marginatum,unknown,5.6347,0.0546
2956,Cinclosoma punctatum,female,5.8078,0.0424
2957,Cinclosoma punctatum,male,6.2953,0.0552
2958,Cinclosoma punctatum,unknown,5.8741,0.0564
2959,Cinclus cinclus,unknown,6.4293,0.0716
2960,Cinclus leucocephalus,male,6.4417,0.0475
2961,Cinclus leucocephalus,unknown,6.2734,0.065
2962,Cinclus mexicanus,unknown,6.0095,0.0616
2963,Cinclus pallasii,unknown,5.7217,0.0397
2964,Cinclus schulzii,unknown,6.0239,0.0603
2965,Cinnycerthia fulva,unknown,5.8739,0.0452
2966,Cinnycerthia olivascens,unknown,5.4821,0.0573
2967,Cinnycerthia peruana,unknown,5.6687,0.0598
2968,Cinnycerthia unirufa,unknown,5.727,0.0601
2969,Cinnyricinclus leucogaster,female,5.4033,0.0319
2970,Cinnyricinclus leucogaster,male,6.6169,0.0657
2971,Cinnyricinclus leucogaster,unknown,6.7475,0.0954
2972,Cinnyris afer,female,6.571,0.0378
2973,Cinnyris afer,male,7.0553,0.0994
2974,Cinnyris afer,unknown,7.1254,0.0942
2975,Cinnyris asiaticus,male,6.5456,0.0548
2976,Cinnyris asiaticus,unknown,7.1471,0.1009
2977,Cinnyris batesi,unknown,4.356,0.0777
2978,Cinnyris bifasciatus,female,6.3981,0.058
2979,Cinnyris bifasciatus,unknown,7.0094,0.1033
2980,Cinnyris bouvieri,unknown,6.4657,0.0749
2981,Cinnyris buettikoferi,female,5.8206,0.0499
2982,Cinnyris buettikoferi,male,6.1121,0.0527
2983,Cinnyris buettikoferi,unknown,6.4997,0.0595
2984,Cinnyris chalcomelas,male,6.4931,0.0618
2985,Cinnyris chalcomelas,unknown,5.7881,0.0523
2986,Cinnyris chalybeus,female,6.1133,0.0171
2987,Cinnyris chalybeus,male,7.037,0.1838
2988,Cinnyris chalybeus,unknown,6.5269,0.056
2989,Cinnyris chloropygius,male,7.4827,0.0873
2990,Cinnyris chloropygius,unknown,6.7179,0.0897
2991,Cinnyris coccinigastrus,male,6.6363,0.076
2992,Cinnyris coccinigastrus,unknown,6.6421,0.0694
2993,Cinnyris comorensis,female,5.7628,0.0504
2994,Cinnyris comorensis,male,5.4731,0.0397
2995,Cinnyris comorensis,unknown,6.5058,0.0658
2996,Cinnyris congensis,unknown,6.2086,0.0769
2997,Cinnyris coquerellii,unknown,6.8057,0.078
2998,Cinnyris cupreus,unknown,6.6542,0.0737
2999,Cinnyris dussumieri,male,5.4728,0.0455
3000,Cinnyris dussumieri,unknown,6.5492,0.0729
3001,Cinnyris erythrocercus,male,6.962,0.0558
3002,Cinnyris erythrocercus,unknown,6.7912,0.0757
3003,Cinnyris fuelleborni,male,7.3118,0.1038
3004,Cinnyris fuelleborni,unknown,7.2456,0.0786
3005,Cinnyris fuscus,male,5.8637,0.0522
3006,Cinnyris fuscus,unknown,5.5093,0.05
3007,Cinnyris gertrudis,male,5.9653,0.0489
3008,Cinnyris gertrudis,unknown,6.5556,0.0714
3009,Cinnyris habessinicus,female,5.2303,0.0562
3010,Cinnyris habessinicus,male,6.2506,0.1016
3011,Cinnyris habessinicus,unknown,7.1127,0.0666
3012,Cinnyris humbloti,male,6.2052,0.0816
3013,Cinnyris humbloti,unknown,5.9208,0.0524
3014,Cinnyris johannae,male,6.319,0.0509
3015,Cinnyris johannae,unknown,7.234,0.0872
3016,Cinnyris jugularis,male,7.21,0.0655
3017,Cinnyris jugularis,unknown,7.1359,0.0661
3018,Cinnyris lotenius,unknown,6.6917,0.0684
3019,Cinnyris loveridgei,male,7.2523,0.1022
3020,Cinnyris loveridgei,unknown,6.0522,0.0649
3021,Cinnyris ludovicensis,male,7.1933,0.0768
3022,Cinnyris ludovicensis,unknown,7.4128,0.1103
3023,Cinnyris manoensis,male,6.5698,0.0478
3024,Cinnyris manoensis,unknown,6.6664,0.0895
3025,Cinnyris mariquensis,male,6.7266,0.0418
3026,Cinnyris mariquensis,unknown,6.6716,0.0704
3027,Cinnyris mediocris,unknown,7.4712,0.0916
3028,Cinnyris minullus,male,7.1256,0.0801
3029,Cinnyris minullus,unknown,6.8641,0.0697
3030,Cinnyris moreaui,male,6.6219,0.0707
3031,Cinnyris moreaui,unknown,6.8301,0.0689
3032,Cinnyris nectarinioides,male,7.2637,0.1003
3033,Cinnyris nectarinioides,unknown,6.6344,0.0647
3034,Cinnyris neergaardi,male,6.9134,0.0636
3035,Cinnyris neergaardi,unknown,7.0395,0.1111
3036,Cinnyris notatus,male,6.9408,0.0639
3037,Cinnyris notatus,unknown,6.5191,0.0725
3038,Cinnyris osea,female,5.686,0.0584
3039,Cinnyris osea,male,6.7536,0.0547
3040,Cinnyris osea,unknown,7.0019,0.0697
3041,Cinnyris oustaleti,unknown,7.16,0.087
3042,Cinnyris pembae,unknown,6.8449,0.0855
3043,Cinnyris pulchellus,unknown,7.4055,0.091
3044,Cinnyris regius,unknown,7.7037,0.1105
3045,Cinnyris reichenowi,unknown,7.1443,0.084
3046,Cinnyris rufipennis,male,6.002,0.0568
3047,Cinnyris rufipennis,unknown,5.9917,0.0478
3048,Cinnyris shelleyi,female,6.0197,0.0592
3049,Cinnyris shelleyi,male,6.2684,0.0563
3050,Cinnyris shelleyi,unknown,6.0479,0.0641
3051,Cinnyris solaris,male,6.5466,0.0489
3052,Cinnyris solaris,unknown,7.1343,0.119
3053,Cinnyris sovimanga,female,6.4472,0.0968
3054,Cinnyris sovimanga,male,6.4413,0.0479
3055,Cinnyris sovimanga,unknown,6.2052,0.058
3056,Cinnyris stuhlmanni,male,6.8208,0.0647
3057,Cinnyris stuhlmanni,unknown,6.7175,0.0579
3058,Cinnyris superbus,female,6.639,0.06
3059,Cinnyris superbus,unknown,6.1991,0.0764
3060,Cinnyris talatala,male,7.0724,0.1802
3061,Cinnyris talatala,unknown,6.6198,0.0694
3062,Cinnyris tsavoensis,unknown,5.6621,0.0692
3063,Cinnyris ursulae,male,6.1517,0.086
3064,Cinnyris ursulae,unknown,5.5933,0.0658
3065,Cinnyris usambaricus,female,6.5185,0.028
3066,Cinnyris usambaricus,male,6.4638,0.0546
3067,Cinnyris usambaricus,unknown,6.9918,0.1108
3068,Cinnyris venustus,male,6.637,0.0698
3069,Cinnyris venustus,unknown,7.2275,0.0976
3070,Circaetus beaudouini,female,5.8272,0.052
3071,Circaetus beaudouini,male,6.52,NA
3072,Circaetus beaudouini,unknown,5.7338,0.0601
3073,Circaetus cinerascens,unknown,6.462,0.0617
3074,Circaetus cinereus,unknown,6.1575,0.0661
3075,Circaetus fasciolatus,unknown,6.4257,0.0656
3076,Circaetus gallicus,unknown,6.6179,0.0699
3077,Circaetus pectoralis,unknown,5.8698,0.0511
3078,Circus aeruginosus,female,6.1607,0.0471
3079,Circus aeruginosus,male,5.8911,0.0438
3080,Circus aeruginosus,unknown,6.3494,0.0613
3081,Circus approximans,unknown,6.3866,0.0647
3082,Circus assimilis,male,6.1105,0.0487
3083,Circus assimilis,unknown,6.7844,0.0726
3084,Circus buffoni,unknown,6.9809,0.0926
3085,Circus cinereus,female,6.5163,0.0433
3086,Circus cinereus,male,6.2362,0.0497
3087,Circus cinereus,unknown,6.3878,0.0686
3088,Circus cyaneus,female,5.916,NA
3089,Circus cyaneus,male,6.251,0.0438
3090,Circus cyaneus,unknown,6.5403,0.0864
3091,Circus hudsonius,female,6.1736,0.0826
3092,Circus hudsonius,male,6.301,NA
3093,Circus hudsonius,unknown,6.7182,0.0858
3094,Circus macrosceles,female,6.241,0.1004
3095,Circus macrosceles,male,6.6222,0.0608
3096,Circus macrosceles,unknown,6.4032,0.055
3097,Circus macrourus,female,6.544,0.0416
3098,Circus macrourus,male,5.902,0.0486
3099,Circus macrourus,unknown,7.3814,0.0949
3100,Circus maillardi,unknown,6.0728,0.0629
3101,Circus maurus,female,6.7395,0.0065
3102,Circus maurus,male,6.486,0.1064
3103,Circus maurus,unknown,5.8346,0.0553
3104,Circus melanoleucos,male,6.4987,0.0607
3105,Circus melanoleucos,unknown,6.817,0.0614
3106,Circus pygargus,male,6.8688,0.0256
3107,Circus pygargus,unknown,6.8164,0.0731
3108,Circus ranivorus,unknown,5.8021,0.0644
3109,Circus spilonotus,unknown,6.3191,0.051
3110,Circus spilothorax,male,5.6127,0.0472
3111,Circus spilothorax,unknown,5.9842,0.048
3112,Cissa chinensis,male,6.551,0.0265
3113,Cissa chinensis,unknown,7.5188,0.1142
3114,Cissa hypoleuca,unknown,6.7997,0.0804
3115,Cissa jefferyi,unknown,6.5489,0.0686
3116,Cissomela pectoralis,unknown,6.28,0.0743
3117,Cissopis leverianus,unknown,6.197,0.0607
3118,Cisticola aberdare,unknown,5.3172,0.0533
3119,Cisticola aberrans,unknown,5.8857,0.0518
3120,Cisticola angusticauda,unknown,5.7297,0.0585
3121,Cisticola anonymus,unknown,4.7616,0.0637
3122,Cisticola aridulus,unknown,5.9291,0.0539
3123,Cisticola ayresii,unknown,4.7872,0.0563
3124,Cisticola bodessa,unknown,4.7913,0.065
3125,Cisticola brachypterus,unknown,5.2533,0.0454
3126,Cisticola brunnescens,unknown,5.2463,0.0506
3127,Cisticola bulliens,unknown,4.7809,0.0571
3128,Cisticola cantans,unknown,5.3593,0.0584
3129,Cisticola carruthersi,unknown,5.5491,0.054
3130,Cisticola cherina,unknown,5.1745,0.0476
3131,Cisticola chiniana,unknown,4.7988,0.0618
3132,Cisticola chubbi,unknown,5.2338,0.0628
3133,Cisticola cinereolus,unknown,4.625,0.0551
3134,Cisticola cinnamomeus,male,5.5544,0.0585
3135,Cisticola cinnamomeus,unknown,5.5627,0.054
3136,Cisticola dambo,unknown,4.6741,0.0725
3137,Cisticola erythrops,unknown,5.2851,0.058
3138,Cisticola exilis,male,5.901,0.0579
3139,Cisticola exilis,unknown,5.8373,0.0611
3140,Cisticola eximius,unknown,4.97,0.0616
3141,Cisticola fulvicapilla,unknown,5.2382,0.0577
3142,Cisticola galactotes,unknown,5.0783,0.0643
3143,Cisticola guinea,unknown,5.0731,0.0493
3144,Cisticola haematocephalus,male,5.3623,0.0627
3145,Cisticola haematocephalus,unknown,5.3089,0.0475
3146,Cisticola hunteri,unknown,5.6393,0.0497
3147,Cisticola juncidis,unknown,5.4693,0.0632
3148,Cisticola lais,unknown,5.3656,0.0503
3149,Cisticola lateralis,unknown,4.5814,0.0661
3150,Cisticola luapula,unknown,4.918,0.0575
3151,Cisticola lugubris,unknown,5.5302,0.0542
3152,Cisticola marginatus,unknown,5.1722,0.0597
3153,Cisticola nana,unknown,5.7587,0.0545
3154,Cisticola natalensis,male,4.5563,0.0798
3155,Cisticola natalensis,unknown,4.9235,0.0586
3156,Cisticola nigriloris,unknown,4.7866,0.0571
3157,Cisticola njombe,unknown,5.3728,0.0528
3158,Cisticola pipiens,unknown,5.2424,0.0498
3159,Cisticola robustus,unknown,5.3665,0.0593
3160,Cisticola ruficeps,unknown,4.9467,0.0516
3161,Cisticola rufilatus,unknown,5.1978,0.0629
3162,Cisticola rufus,unknown,5.2019,0.062
3163,Cisticola subruficapilla,unknown,5.0407,0.0436
3164,Cisticola textrix,unknown,5.5766,0.0492
3165,Cisticola tinniens,unknown,5.3459,0.052
3166,Cisticola troglodytes,unknown,5.2787,0.0612
3167,Cisticola woosnami,unknown,5.5585,0.0531
3168,Cistothorus apolinari,unknown,5.1588,0.063
3169,Cistothorus meridae,unknown,5.3408,0.0612
3170,Cistothorus palustris,unknown,5.8537,0.0928
3171,Cistothorus platensis,male,5.379,0.0166
3172,Cistothorus platensis,unknown,5.8443,0.0475
3173,Cittura cyanotis,female,6.3098,0.0544
3174,Cittura cyanotis,unknown,6.1946,0.0578
3175,Cladorhynchus leucocephalus,unknown,6.867,0.0768
3176,Clamator coromandus,unknown,6.9109,0.0848
3177,Clamator glandarius,unknown,5.8475,0.062
3178,Clamator jacobinus,unknown,5.7628,0.0518
3179,Clamator levaillantii,unknown,6.2516,0.0756
3180,Clanga clanga,unknown,6.956,0.0903
3181,Clanga hastata,unknown,6.4136,0.0566
3182,Clanga pomarina,unknown,6.1735,0.0561
3183,Clangula hyemalis,female,5.4253,0.0545
3184,Clangula hyemalis,male,5.5823,0.0543
3185,Clangula hyemalis,unknown,6.5019,0.0734
3186,Claravis pretiosa,unknown,5.3261,0.0559
3187,Cleptornis marchei,unknown,6.4072,0.0936
3188,Clibanornis dendrocolaptoides,unknown,5.3905,0.0551
3189,Clibanornis erythrocephalus,unknown,5.6522,0.0469
3190,Clibanornis rectirostris,unknown,5.3697,0.0485
3191,Clibanornis rubiginosus,unknown,5.4734,0.0466
3192,Clibanornis rufipectus,unknown,5.2246,0.0512
3193,Climacteris affinis,female,5.0692,0.0533
3194,Climacteris affinis,male,5.594,NA
3195,Climacteris affinis,unknown,5.3418,0.0492
3196,Climacteris erythrops,unknown,5.6167,0.0496
3197,Climacteris melanurus,unknown,5.183,0.0478
3198,Climacteris picumnus,unknown,5.0155,0.0483
3199,Climacteris rufus,male,5.4443,0.0544
3200,Climacteris rufus,unknown,5.9729,0.0486
3201,Clytoceyx rex,unknown,5.0969,0.0563
3202,Clytoctantes alixii,unknown,5.8556,0.0542
3203,Clytoctantes atrogularis,female,5.6419,0.07
3204,Clytoctantes atrogularis,unknown,4.0465,0.0735
3205,Clytolaema rubricauda,male,7.5378,0.0839
3206,Clytolaema rubricauda,unknown,6.5664,0.0752
3207,Clytomyias insignis,unknown,6.5475,0.089
3208,Clytorhynchus hamlini,unknown,5.3478,0.0509
3209,Clytorhynchus nigrogularis,male,6.1743,0.0598
3210,Clytorhynchus nigrogularis,unknown,5.2389,0.0595
3211,Clytorhynchus pachycephaloides,unknown,5.6724,0.0575
3212,Clytorhynchus vitiensis,unknown,5.3188,0.0556
3213,Clytospiza monteiri,unknown,5.5289,0.0414
3214,Cnemarchus erythropygius,unknown,5.7577,0.0593
3215,Cnemathraupis aureodorsalis,unknown,6.4987,0.0821
3216,Cnemathraupis eximia,unknown,6.4515,0.062
3217,Cnemophilus loriae,female,5.6165,0.0676
3218,Cnemophilus loriae,male,5.8836,0.0648
3219,Cnemophilus loriae,unknown,5.4343,0.0508
3220,Cnemophilus macgregorii,unknown,5.9266,0.0694
3221,Cnemoscopus rubrirostris,unknown,6.0015,0.0611
3222,Cnemotriccus fuscatus,unknown,4.9521,0.0552
3223,Cnipodectes subbrunneus,unknown,5.3186,0.0518
3224,Cnipodectes superrufus,unknown,5.7938,0.0558
3225,Coccopygia bocagei,unknown,5.6871,0.0342
3226,Coccopygia melanotis,male,6.9646,0.0687
3227,Coccopygia melanotis,unknown,7.1318,0.0746
3228,Coccopygia quartinia,unknown,6.5809,0.0712
3229,Coccothraustes abeillei,male,6.3083,0.0378
3230,Coccothraustes abeillei,unknown,6.3116,0.0617
3231,Coccothraustes coccothraustes,female,5.9193,0.0799
3232,Coccothraustes coccothraustes,male,6.3253,0.0792
3233,Coccothraustes coccothraustes,unknown,6.6475,0.0945
3234,Coccothraustes vespertinus,male,6.0559,0.0517
3235,Coccothraustes vespertinus,unknown,6.3508,0.0643
3236,Coccycua cinerea,unknown,5.4228,0.0586
3237,Coccycua minuta,unknown,6.0041,0.0507
3238,Coccycua pumila,unknown,5.7057,0.0514
3239,Coccyzus americanus,unknown,5.9402,0.053
3240,Coccyzus erythropthalmus,unknown,5.5525,0.0592
3241,Coccyzus euleri,male,5.6381,0.0641
3242,Coccyzus euleri,unknown,5.401,0.0452
3243,Coccyzus ferrugineus,unknown,5.79,0.0632
3244,Coccyzus lansbergi,unknown,6.3088,0.0664
3245,Coccyzus longirostris,unknown,6.2084,0.0605
3246,Coccyzus melacoryphus,unknown,5.6801,0.0672
3247,Coccyzus merlini,unknown,6.1994,0.0593
3248,Coccyzus minor,female,6.2926,0.0411
3249,Coccyzus minor,unknown,6.2397,0.0897
3250,Coccyzus pluvialis,unknown,7.042,0.0964
3251,Coccyzus rufigularis,unknown,5.9139,0.0516
3252,Coccyzus vetula,unknown,6.2463,0.0682
3253,Coccyzus vieilloti,unknown,5.7502,0.0561
3254,Cochlearius cochlearius,unknown,6.3167,0.0718
3255,Cochoa azurea,male,5.8688,0.0574
3256,Cochoa azurea,unknown,5.8759,0.0508
3257,Cochoa beccarii,male,5.7755,0.0722
3258,Cochoa beccarii,unknown,5.183,0.0554
3259,Cochoa purpurea,male,5.2031,0.0531
3260,Cochoa purpurea,unknown,5.5847,0.0538
3261,Cochoa viridis,female,6.1908,0.0439
3262,Cochoa viridis,male,6.2011,0.0651
3263,Cochoa viridis,unknown,7.201,0.0875
3264,Coeligena bonapartei,male,7.4829,0.1026
3265,Coeligena bonapartei,unknown,7.3965,0.1343
3266,Coeligena coeligena,unknown,6.6353,0.0584
3267,Coeligena helianthea,female,7.2319,0.0774
3268,Coeligena helianthea,male,7.258,0.0729
3269,Coeligena helianthea,unknown,7.1528,0.0816
3270,Coeligena iris,male,7.1145,0.0583
3271,Coeligena iris,unknown,7.3626,0.0991
3272,Coeligena lutetiae,male,7.5308,0.1285
3273,Coeligena lutetiae,unknown,7.9958,0.1431
3274,Coeligena orina,unknown,7.6411,0.1152
3275,Coeligena phalerata,male,7.8248,0.0947
3276,Coeligena phalerata,unknown,6.9896,0.1151
3277,Coeligena prunellei,unknown,6.7116,0.07
3278,Coeligena torquata,male,7.0415,0.043
3279,Coeligena torquata,unknown,7.3645,0.118
3280,Coeligena violifer,male,6.9303,0.0884
3281,Coeligena violifer,unknown,6.8477,0.0874
3282,Coeligena wilsoni,unknown,6.6049,0.069
3283,Coenocorypha aucklandica,unknown,4.9238,0.0496
3284,Coenocorypha huegeli,unknown,5.2759,0.0481
3285,Coenocorypha pusilla,unknown,4.7574,0.0576
3286,Coereba flaveola,unknown,6.0335,0.0534
3287,Colaptes atricollis,female,6.587,NA
3288,Colaptes atricollis,male,6.14,0.0429
3289,Colaptes atricollis,unknown,6.3018,0.0737
3290,Colaptes auratus,male,6.28,0.0847
3291,Colaptes auratus,unknown,6.4863,0.0755
3292,Colaptes auricularis,female,6.214,0.0683
3293,Colaptes auricularis,male,6.2163,0.072
3294,Colaptes auricularis,unknown,5.9141,0.059
3295,Colaptes campestris,unknown,6.4053,0.0632
3296,Colaptes chrysoides,unknown,6.3962,0.0609
3297,Colaptes fernandinae,female,6.2024,0.0649
3298,Colaptes fernandinae,unknown,7.174,0.0758
3299,Colaptes melanochloros,female,6.2684,0.0528
3300,Colaptes melanochloros,male,6.4106,0.0715
3301,Colaptes melanochloros,unknown,6.6037,0.0825
3302,Colaptes pitius,unknown,5.5872,0.0652
3303,Colaptes punctigula,male,6.718,0.0664
3304,Colaptes punctigula,unknown,6.2838,0.0734
3305,Colaptes rivolii,male,6.383,NA
3306,Colaptes rivolii,unknown,7.0141,0.0802
3307,Colaptes rubiginosus,female,6.05,NA
3308,Colaptes rubiginosus,male,6.4506,0.0547
3309,Colaptes rubiginosus,unknown,6.5485,0.0785
3310,Colaptes rupicola,female,6.1083,0.0444
3311,Colaptes rupicola,unknown,6.5354,0.0716
3312,Colibri coruscans,unknown,7.6793,0.1008
3313,Colibri cyanotus,unknown,8.1598,0.1372
3314,Colibri delphinae,unknown,6.4205,0.0683
3315,Colibri serrirostris,male,7.5991,0.1099
3316,Colibri serrirostris,unknown,7.698,0.1104
3317,Colibri thalassinus,male,6.837,NA
3318,Colibri thalassinus,unknown,7.6434,0.1063
3319,Colinus cristatus,unknown,5.7817,0.0511
3320,Colinus nigrogularis,male,5.5528,0.0481
3321,Colinus nigrogularis,unknown,6.2938,0.045
3322,Colinus virginianus,male,6.061,0.0562
3323,Colinus virginianus,unknown,6.378,0.072
3324,Colius castanotus,unknown,5.831,0.058
3325,Colius colius,unknown,6.6672,0.0868
3326,Colius leucocephalus,unknown,6.2798,0.0605
3327,Colius striatus,unknown,6.0766,0.0549
3328,Collocalia affinis,unknown,5.7064,0.0546
3329,Collocalia dodgei,unknown,5.3717,0.0451
3330,Collocalia esculenta,male,4.9126,0.0449
3331,Collocalia esculenta,unknown,5.378,0.0477
3332,Collocalia isonota,unknown,5.5918,0.0594
3333,Collocalia linchi,unknown,5.3089,0.0552
3334,Collocalia marginata,unknown,5.4995,0.0651
3335,Collocalia natalis,unknown,5.3536,0.06
3336,Collocalia neglecta,unknown,4.6808,0.0641
3337,Collocalia sumbawae,unknown,4.2609,0.073
3338,Collocalia troglodytes,unknown,4.9785,0.0452
3339,Collocalia uropygialis,unknown,5.5287,0.054
3340,Colluricincla boweri,unknown,5.0849,0.0501
3341,Colluricincla harmonica,unknown,5.0653,0.0496
3342,Colluricincla megarhyncha,unknown,4.8641,0.0531
3343,Colluricincla woodwardi,unknown,5.0425,0.061
3344,Colonia colonus,unknown,6.2425,0.0693
3345,Colorhamphus parvirostris,unknown,5.6089,0.0482
3346,Columba albinucha,unknown,4.5769,0.0921
3347,Columba albitorques,unknown,5.7869,0.0514
3348,Columba argentina,unknown,5.098,0.0535
3349,Columba arquatrix,unknown,5.4714,0.0418
3350,Columba bollii,unknown,4.9982,0.0721
3351,Columba delegorguei,female,5.447,0.0844
3352,Columba delegorguei,male,4.5995,0.0725
3353,Columba delegorguei,unknown,5.8058,0.0681
3354,Columba elphinstonii,unknown,6.2981,0.0599
3355,Columba eversmanni,unknown,5.0317,0.0642
3356,Columba guinea,unknown,5.4596,0.0519
3357,Columba hodgsonii,male,4.714,0.0376
3358,Columba hodgsonii,unknown,5.1106,0.0567
3359,Columba iriditorques,male,5.1846,0.0319
3360,Columba iriditorques,unknown,5.4978,0.0539
3361,Columba janthina,unknown,5.6594,0.0576
3362,Columba junoniae,unknown,5.0433,0.0568
3363,Columba larvata,unknown,5.5907,0.0606
3364,Columba leucomela,male,5.2437,0.0545
3365,Columba leucomela,unknown,6.0165,0.0517
3366,Columba leuconota,unknown,5.3728,0.0583
3367,Columba livia,unknown,4.5617,0.0624
3368,Columba malherbii,male,4.9814,0.0492
3369,Columba malherbii,unknown,5.0645,0.0686
3370,Columba oenas,male,6.098,NA
3371,Columba oenas,unknown,5.1101,0.0545
3372,Columba oliviae,unknown,4.6193,0.0584
3373,Columba pallidiceps,unknown,5.1035,0.0571
3374,Columba palumboides,unknown,5.2575,0.0545
3375,Columba palumbus,unknown,5.2235,0.0511
3376,Columba pollenii,unknown,4.9571,0.0631
3377,Columba pulchricollis,unknown,5.3186,0.0589
3378,Columba punicea,male,5.3545,0.0468
3379,Columba punicea,unknown,5.5627,0.0428
3380,Columba rupestris,male,4.5953,0.0846
3381,Columba rupestris,unknown,4.9904,0.0536
3382,Columba sjostedti,unknown,4.5231,0.0843
3383,Columba thomensis,female,5.484,0.0386
3384,Columba thomensis,male,5.7103,0.0383
3385,Columba thomensis,unknown,4.8053,0.057
3386,Columba torringtoniae,unknown,5.0076,0.0494
3387,Columba trocaz,unknown,5.019,0.0589
3388,Columba unicincta,male,4.4236,0.0488
3389,Columba unicincta,unknown,4.9407,0.0457
3390,Columba vitiensis,unknown,5.7211,0.0616
3391,Columbina buckleyi,unknown,5.148,0.0619
3392,Columbina cruziana,unknown,5.5759,0.042
3393,Columbina cyanopis,unknown,6.2733,0.0635
3394,Columbina inca,unknown,5.5035,0.054
3395,Columbina minuta,unknown,4.8583,0.0671
3396,Columbina passerina,unknown,5.5614,0.0513
3397,Columbina picui,unknown,5.5445,0.0538
3398,Columbina squammata,unknown,5.5377,0.0583
3399,Columbina talpacoti,male,5.1929,0.056
3400,Columbina talpacoti,unknown,5.5513,0.052
3401,Compsothraupis loricata,male,5.7782,0.0454
3402,Compsothraupis loricata,unknown,6.0008,0.053
3403,Conioptilon mcilhennyi,unknown,5.1651,0.0548
3404,Conirostrum albifrons,male,5.6664,0.0583
3405,Conirostrum albifrons,unknown,6.2777,0.067
3406,Conirostrum bicolor,male,5.8099,0.0316
3407,Conirostrum bicolor,unknown,6.0053,0.0479
3408,Conirostrum binghami,male,5.6893,0.0388
3409,Conirostrum binghami,unknown,5.9587,0.0504
3410,Conirostrum cinereum,unknown,5.1606,0.058
3411,Conirostrum ferrugineiventre,unknown,6.3876,0.0869
3412,Conirostrum leucogenys,male,5.2774,0.0771
3413,Conirostrum leucogenys,unknown,5.7889,0.0521
3414,Conirostrum margaritae,unknown,5.3921,0.0606
3415,Conirostrum rufum,unknown,5.8409,0.0659
3416,Conirostrum sitticolor,unknown,6.9704,0.0788
3417,Conirostrum speciosum,female,5.352,NA
3418,Conirostrum speciosum,male,6.1624,0.0411
3419,Conirostrum speciosum,unknown,6.2288,0.0529
3420,Conirostrum tamarugense,unknown,5.9277,0.0526
3421,Conopias albovittatus,unknown,6.1041,0.061
3422,Conopias cinchoneti,unknown,6.3115,0.0774
3423,Conopias parvus,unknown,6.164,0.0576
3424,Conopias trivirgatus,unknown,5.6149,0.0571
3425,Conopophaga ardesiaca,unknown,5.8692,0.0458
3426,Conopophaga aurita,female,5.7237,0.0382
3427,Conopophaga aurita,male,5.9604,0.051
3428,Conopophaga aurita,unknown,6.1826,0.0961
3429,Conopophaga castaneiceps,male,5.321,0.0581
3430,Conopophaga castaneiceps,unknown,5.7733,0.0474
3431,Conopophaga cearae,male,6.3002,0.067
3432,Conopophaga cearae,unknown,6.0886,0.0595
3433,Conopophaga lineata,female,4.8518,0.0297
3434,Conopophaga lineata,unknown,5.6046,0.0534
3435,Conopophaga melanogaster,unknown,6.0524,0.0668
3436,Conopophaga melanops,male,5.9912,0.0699
3437,Conopophaga melanops,unknown,6.5815,0.0873
3438,Conopophaga peruviana,unknown,5.2905,0.0529
3439,Conopophaga roberti,female,5.6368,0.0545
3440,Conopophaga roberti,male,6.1322,0.077
3441,Conopophaga roberti,unknown,5.7751,0.0542
3442,Conopophila albogularis,unknown,5.3884,0.0596
3443,Conopophila rufogularis,male,5.3725,0.0482
3444,Conopophila rufogularis,unknown,5.8549,0.0703
3445,Conopophila whitei,unknown,4.4171,0.0658
3446,Conostoma aemodium,unknown,5.2985,0.0368
3447,Conothraupis mesoleuca,male,6.0469,0.0653
3448,Conothraupis mesoleuca,unknown,5.5667,0.0554
3449,Conothraupis speculigera,male,5.2503,0.0341
3450,Conothraupis speculigera,unknown,5.6299,0.0548
3451,Contopus albogularis,unknown,5.1591,0.0572
3452,Contopus caribaeus,male,5.4956,0.0315
3453,Contopus caribaeus,unknown,5.5264,0.0744
3454,Contopus cinereus,unknown,5.4337,0.0597
3455,Contopus cooperi,unknown,5.7829,0.0619
3456,Contopus fumigatus,unknown,5.6828,0.0664
3457,Contopus hispaniolensis,unknown,5.4631,0.0509
3458,Contopus latirostris,unknown,5.8394,0.0524
3459,Contopus lugubris,unknown,5.1416,0.0618
3460,Contopus nigrescens,unknown,5.1274,0.046
3461,Contopus ochraceus,unknown,5.144,0.0623
3462,Contopus pallidus,unknown,5.9329,0.0639
3463,Contopus pertinax,unknown,5.6167,0.0435
3464,Contopus sordidulus,unknown,5.4429,0.0593
3465,Contopus virens,unknown,5.1549,0.0494
3466,Copsychus albiventris,unknown,6.264,0.0567
3467,Copsychus albospecularis,male,6.3773,0.0688
3468,Copsychus albospecularis,unknown,6.0019,0.063
3469,Copsychus cebuensis,male,5.9582,0.0411
3470,Copsychus cebuensis,unknown,5.7485,0.0517
3471,Copsychus fulicatus,female,6.3065,0.0837
3472,Copsychus fulicatus,male,5.7396,0.0615
3473,Copsychus fulicatus,unknown,6.2874,0.0701
3474,Copsychus luzoniensis,male,5.885,0.0552
3475,Copsychus luzoniensis,unknown,6.3359,0.0666
3476,Copsychus malabaricus,male,6.256,0.0589
3477,Copsychus malabaricus,unknown,6.3412,0.0629
3478,Copsychus mindanensis,female,5.8478,0.0189
3479,Copsychus mindanensis,male,5.6527,0.1072
3480,Copsychus mindanensis,unknown,6.0942,0.0477
3481,Copsychus niger,unknown,5.9238,0.0624
3482,Copsychus pyrropygus,female,6.2913,0.0985
3483,Copsychus pyrropygus,male,5.7429,0.0346
3484,Copsychus pyrropygus,unknown,5.6635,0.0476
3485,Copsychus saularis,male,6.3078,0.1167
3486,Copsychus saularis,unknown,6.0089,0.0727
3487,Copsychus sechellarum,unknown,5.9842,0.0668
3488,Copsychus superciliaris,unknown,6.0629,0.0624
3489,Coracias abyssinicus,unknown,7.6169,0.1138
3490,Coracias affinis,unknown,7.1895,0.0948
3491,Coracias benghalensis,unknown,7.6593,0.1037
3492,Coracias caudatus,male,7.4058,0.0737
3493,Coracias caudatus,unknown,7.6324,0.0958
3494,Coracias cyanogaster,unknown,6.7574,0.0784
3495,Coracias garrulus,unknown,7.2122,0.1031
3496,Coracias naevius,unknown,6.1618,0.0549
3497,Coracias spatulatus,unknown,6.5987,0.0712
3498,Coracias temminckii,unknown,7.1515,0.086
3499,Coracina atriceps,male,5.0504,0.0609
3500,Coracina atriceps,unknown,5.4453,0.0659
3501,Coracina bicolor,male,4.8266,0.0646
3502,Coracina bicolor,unknown,5.4207,0.0524
3503,Coracina boyeri,unknown,5.5666,0.0598
3504,Coracina caeruleogrisea,unknown,5.2803,0.0525
3505,Coracina caesia,male,5.9725,0.0409
3506,Coracina caesia,unknown,5.9852,0.0461
3507,Coracina caledonica,unknown,5.9321,0.0644
3508,Coracina cinerea,female,5.6371,0.0393
3509,Coracina cinerea,unknown,5.9842,0.0467
3510,Coracina cucullata,male,5.3488,0.0411
3511,Coracina cucullata,unknown,5.3847,0.0492
3512,Coracina dobsoni,unknown,5.2445,0.0544
3513,Coracina fortis,unknown,4.9004,0.0616
3514,Coracina ingens,unknown,5.2178,0.0633
3515,Coracina javensis,unknown,5.2008,0.0604
3516,Coracina larvata,male,5.6,NA
3517,Coracina larvata,unknown,4.9845,0.065
3518,Coracina leucopygia,unknown,5.0893,0.0532
3519,Coracina lineata,unknown,5.6629,0.0473
3520,Coracina longicauda,female,5.2583,0.1157
3521,Coracina longicauda,male,5.5379,0.0589
3522,Coracina longicauda,unknown,5.0794,0.0758
3523,Coracina macei,male,5.6262,0.0515
3524,Coracina macei,unknown,5.3303,0.0575
3525,Coracina maxima,unknown,5.5587,0.0593
3526,Coracina novaehollandiae,unknown,5.7595,0.0623
3527,Coracina papuensis,unknown,5.5771,0.0577
3528,Coracina pectoralis,unknown,5.3776,0.0507
3529,Coracina personata,unknown,5.3233,0.0549
3530,Coracina schistacea,female,5.088,0.0659
3531,Coracina schistacea,male,4.2554,0.0905
3532,Coracina schistacea,unknown,4.8758,0.0603
3533,Coracina striata,female,5.569,0.0411
3534,Coracina striata,male,5.454,0.0588
3535,Coracina striata,unknown,5.528,0.0609
3536,Coracina temminckii,unknown,5.6814,0.061
3537,Coracina welchmani,unknown,5.3306,0.0505
3538,Coracopsis barklyi,unknown,5.6366,0.0563
3539,Coracopsis nigra,unknown,5.5781,0.0604
3540,Coracopsis vasa,unknown,5.9049,0.0543
3541,Coracornis raveni,unknown,4.7771,0.0565
3542,Coracornis sanghirensis,unknown,4.6952,0.0522
3543,Coragyps atratus,unknown,4.6305,0.0656
3544,Corapipo altera,male,6.286,0.1494
3545,Corapipo altera,unknown,6.8283,0.0852
3546,Corapipo gutturalis,female,6.2765,0.0556
3547,Corapipo gutturalis,unknown,6.1254,0.058
3548,Corapipo leucorrhoa,male,5.8878,0.0609
3549,Corapipo leucorrhoa,unknown,5.7929,0.0539
3550,Corcorax melanorhamphos,unknown,5.3137,0.0584
3551,Cormobates leucophaea,female,4.7453,0.1136
3552,Cormobates leucophaea,male,4.7136,0.0752
3553,Cormobates leucophaea,unknown,5.5151,0.0627
3554,Cormobates placens,unknown,4.8749,0.0622
3555,Corvinella corvina,unknown,6.0222,0.0727
3556,Corvinella melanoleuca,unknown,6.0052,0.0557
3557,Corvus albicollis,unknown,5.982,0.0595
3558,Corvus albus,unknown,6.043,0.0644
3559,Corvus bennetti,unknown,5.6096,0.0546
3560,Corvus brachyrhynchos,unknown,5.8875,0.069
3561,Corvus capensis,unknown,5.2585,0.0516
3562,Corvus caurinus,unknown,6.0782,0.0578
3563,Corvus corax,unknown,6.2411,0.0713
3564,Corvus cornix,unknown,4.9942,0.0499
3565,Corvus corone,unknown,5.7503,0.0671
3566,Corvus coronoides,unknown,6.0491,0.0549
3567,Corvus crassirostris,unknown,5.7129,0.0474
3568,Corvus cryptoleucus,unknown,5.8207,0.0557
3569,Corvus dauuricus,unknown,6.0775,0.0554
3570,Corvus edithae,unknown,5.9343,0.0678
3571,Corvus enca,unknown,5.9884,0.0574
3572,Corvus florensis,unknown,5.1765,0.064
3573,Corvus frugilegus,unknown,5.1572,0.0581
3574,Corvus fuscicapillus,unknown,5.1901,0.0592
3575,Corvus hawaiiensis,unknown,5.0693,0.0552
3576,Corvus imparatus,unknown,5.4489,0.0661
3577,Corvus insularis,unknown,5.1988,0.0539
3578,Corvus jamaicensis,unknown,5.5776,0.0443
3579,Corvus kubaryi,unknown,4.8961,0.0718
3580,Corvus leucognaphalus,unknown,5.2266,0.0606
3581,Corvus macrorhynchos,unknown,5.9487,0.0636
3582,Corvus meeki,unknown,4.6622,0.0617
3583,Corvus mellori,unknown,6.4295,0.0649
3584,Corvus monedula,unknown,5.2302,0.0442
3585,Corvus moneduloides,unknown,5.0992,0.0589
3586,Corvus nasicus,unknown,5.8503,0.061
3587,Corvus orru,unknown,5.9683,0.0516
3588,Corvus ossifragus,unknown,5.8832,0.0568
3589,Corvus palmarum,unknown,5.7994,0.0573
3590,Corvus pectoralis,unknown,5.941,0.059
3591,Corvus rhipidurus,female,6.611,0.0561
3592,Corvus rhipidurus,unknown,5.6786,0.0596
3593,Corvus ruficollis,unknown,5.1759,0.0482
3594,Corvus sinaloae,unknown,5.5294,0.0647
3595,Corvus splendens,unknown,5.0426,0.064
3596,Corvus tasmanicus,unknown,6.4185,0.0575
3597,Corvus tristis,unknown,5.5268,0.0598
3598,Corvus typicus,unknown,5.1562,0.0615
3599,Corvus unicolor,unknown,5.4191,0.0501
3600,Corvus validus,unknown,5.8139,0.0579
3601,Corvus violaceus,unknown,5.1345,0.0593
3602,Corvus woodfordi,unknown,5.4536,0.0572
3603,Corydon sumatranus,unknown,6.694,0.0718
3604,Coryphaspiza melanotis,male,5.8841,0.0518
3605,Coryphaspiza melanotis,unknown,5.928,0.0609
3606,Coryphistera alaudina,unknown,5.537,0.0505
3607,Coryphospingus cucullatus,female,6.2765,0.0999
3608,Coryphospingus cucullatus,male,6.9413,0.0612
3609,Coryphospingus cucullatus,unknown,7.0054,0.0867
3610,Coryphospingus pileatus,female,5.119,0.0512
3611,Coryphospingus pileatus,male,6.8456,0.0776
3612,Coryphospingus pileatus,unknown,6.0528,0.0689
3613,Corythaeola cristata,unknown,7.1536,0.0901
3614,Corythaixoides concolor,unknown,6.3658,0.0551
3615,Corythaixoides leucogaster,unknown,6.5969,0.0591
3616,Corythaixoides personatus,unknown,6.2615,0.0689
3617,Corythopis delalandi,unknown,5.1512,0.0532
3618,Corythopis torquatus,unknown,5.2854,0.0619
3619,Corythornis cristatus,unknown,7.595,0.0984
3620,Corythornis leucogaster,unknown,7.4107,0.1243
3621,Corythornis madagascariensis,unknown,7.3281,0.0832
3622,Corythornis vintsioides,unknown,8.0527,0.1207
3623,Coscoroba coscoroba,unknown,5.9317,0.0563
3624,Cossypha albicapillus,unknown,6.2895,0.0646
3625,Cossypha anomala,unknown,5.3921,0.0549
3626,Cossypha archeri,unknown,6.5131,0.0612
3627,Cossypha caffra,unknown,6.3869,0.0812
3628,Cossypha cyanocampter,unknown,6.0438,0.0673
3629,Cossypha dichroa,unknown,6.778,0.0768
3630,Cossypha heinrichi,unknown,6.1384,0.0647
3631,Cossypha heuglini,male,6.4921,0.0957
3632,Cossypha heuglini,unknown,6.477,0.0719
3633,Cossypha humeralis,unknown,5.9617,0.0524
3634,Cossypha isabellae,unknown,6.455,0.0709
3635,Cossypha natalensis,unknown,6.6829,0.0648
3636,Cossypha niveicapilla,unknown,6.7843,0.0627
3637,Cossypha polioptera,unknown,6.4944,0.0649
3638,Cossypha semirufa,unknown,6.6645,0.0822
3639,Cossyphicula roberti,unknown,5.6842,0.0669
3640,Cotinga amabilis,female,5.3632,0.0544
3641,Cotinga amabilis,male,7.3263,0.1487
3642,Cotinga amabilis,unknown,6.652,0.1034
3643,Cotinga cayana,female,5.8733,0.0595
3644,Cotinga cayana,male,7.1925,0.0889
3645,Cotinga cayana,unknown,6.9184,0.0968
3646,Cotinga cotinga,female,5.7068,0.0519
3647,Cotinga cotinga,male,6.6981,0.0971
3648,Cotinga cotinga,unknown,6.0897,0.0536
3649,Cotinga maculata,male,7.2106,0.1137
3650,Cotinga maculata,unknown,7.2726,0.1128
3651,Cotinga maynana,female,4.8668,0.0445
3652,Cotinga maynana,male,5.801,NA
3653,Cotinga maynana,unknown,7.2133,0.0893
3654,Cotinga nattererii,male,7.1827,0.0725
3655,Cotinga nattererii,unknown,5.596,0.0574
3656,Cotinga ridgwayi,female,5.485,0.0383
3657,Cotinga ridgwayi,male,6.4986,0.0571
3658,Cotinga ridgwayi,unknown,6.8052,0.0761
3659,Coturnicops exquisitus,unknown,5.065,0.0588
3660,Coturnicops notatus,unknown,5.2147,0.051
3661,Coturnicops noveboracensis,male,5.0318,0.0476
3662,Coturnicops noveboracensis,unknown,5.4626,0.0498
3663,Coturnix coromandelica,male,6.1136,0.0509
3664,Coturnix coromandelica,unknown,6.3269,0.0599
3665,Coturnix coturnix,female,6.456,NA
3666,Coturnix coturnix,male,5.5388,0.0394
3667,Coturnix coturnix,unknown,5.526,0.0508
3668,Coturnix delegorguei,male,6.362,0.0362
3669,Coturnix delegorguei,unknown,6.3125,0.0772
3670,Coturnix japonica,female,5.2483,0.062
3671,Coturnix japonica,unknown,4.8129,0.0646
3672,Coturnix pectoralis,female,5.9613,0.0309
3673,Coturnix pectoralis,male,5.0483,0.1483
3674,Coturnix pectoralis,unknown,5.262,0.0453
3675,Coua caerulea,unknown,6.8338,0.0867
3676,Coua coquereli,unknown,6.5211,0.0798
3677,Coua cristata,unknown,7.313,0.0818
3678,Coua cursor,unknown,6.6302,0.0632
3679,Coua gigas,unknown,6.2426,0.0511
3680,Coua reynaudii,unknown,6.2653,0.0687
3681,Coua ruficeps,unknown,5.6535,0.056
3682,Coua serriana,unknown,6.2143,0.0712
3683,Coua verreauxi,unknown,6.3898,0.0758
3684,Cracticus argenteus,unknown,5.4384,0.06
3685,Cracticus cassicus,female,5.4848,0.0576
3686,Cracticus cassicus,male,5.7846,0.036
3687,Cracticus cassicus,unknown,6.5529,0.0713
3688,Cracticus mentalis,unknown,5.6227,0.0544
3689,Cracticus nigrogularis,unknown,5.8275,0.0567
3690,Cracticus quoyi,unknown,5.6375,0.0545
3691,Cracticus torquatus,female,6.33,0.0269
3692,Cracticus torquatus,unknown,6.2558,0.0554
3693,Cranioleuca albicapilla,unknown,6.6217,0.0517
3694,Cranioleuca albiceps,unknown,5.6521,0.07
3695,Cranioleuca antisiensis,unknown,5.9723,0.0615
3696,Cranioleuca curtata,unknown,6.6762,0.0668
3697,Cranioleuca demissa,unknown,5.2925,0.0592
3698,Cranioleuca dissita,unknown,4.9746,0.0552
3699,Cranioleuca erythrops,unknown,5.7063,0.0666
3700,Cranioleuca gutturata,unknown,5.3731,0.0582
3701,Cranioleuca hellmayri,unknown,5.4873,0.0537
3702,Cranioleuca henricae,unknown,6.2225,0.0618
3703,Cranioleuca marcapatae,unknown,5.6327,0.0574
3704,Cranioleuca muelleri,unknown,4.923,0.0542
3705,Cranioleuca obsoleta,male,5.7015,0.0826
3706,Cranioleuca obsoleta,unknown,5.8504,0.0596
3707,Cranioleuca pallida,unknown,5.8711,0.0485
3708,Cranioleuca pyrrhophia,unknown,5.8558,0.0534
3709,Cranioleuca semicinerea,unknown,5.5352,0.058
3710,Cranioleuca subcristata,unknown,5.6407,0.055
3711,Cranioleuca vulpecula,unknown,5.1901,0.0558
3712,Cranioleuca vulpina,unknown,5.982,0.0687
3713,Crateroscelis murina,unknown,4.6693,0.0738
3714,Crateroscelis nigrorufa,unknown,4.6804,0.0786
3715,Crateroscelis robusta,unknown,5.0918,0.0505
3716,Crax alberti,female,5.674,0.0099
3717,Crax alberti,unknown,5.9752,0.065
3718,Crax alector,unknown,5.4459,0.05
3719,Crax blumenbachii,female,5.9099,0.0467
3720,Crax blumenbachii,male,5.7022,0.064
3721,Crax blumenbachii,unknown,5.8206,0.0531
3722,Crax daubentoni,unknown,6.1247,0.0624
3723,Crax fasciolata,male,5.4195,0.0238
3724,Crax fasciolata,unknown,6.1116,0.0546
3725,Crax globulosa,male,4.9749,0.0676
3726,Crax globulosa,unknown,4.96,0.0505
3727,Crax rubra,female,6.4834,0.0724
3728,Crax rubra,male,5.6069,0.061
3729,Crax rubra,unknown,6.1584,0.0324
3730,Creagrus furcatus,unknown,5.3408,0.0463
3731,Creatophora cinerea,male,5.9564,0.0532
3732,Creatophora cinerea,unknown,6.1869,0.0634
3733,Creurgops dentatus,female,5.8966,0.0663
3734,Creurgops dentatus,male,5.66,0.0876
3735,Creurgops dentatus,unknown,5.7446,0.0416
3736,Creurgops verticalis,unknown,5.7634,0.0585
3737,Crex crex,male,5.2762,0.0477
3738,Crex crex,unknown,5.2668,0.0496
3739,Crex egregia,unknown,5.2137,0.062
3740,Crinifer piscator,unknown,6.3966,0.0703
3741,Crinifer zonurus,unknown,6.4556,0.0602
3742,Criniger barbatus,unknown,5.2446,0.0565
3743,Criniger calurus,unknown,4.8782,0.0642
3744,Criniger chloronotus,unknown,5.5801,0.0535
3745,Criniger ndussumensis,unknown,4.5611,0.0727
3746,Criniger olivaceus,unknown,6.0506,0.0772
3747,Crithagra albogularis,male,5.972,NA
3748,Crithagra albogularis,unknown,5.5755,0.0568
3749,Crithagra ankoberensis,unknown,5.4254,0.0552
3750,Crithagra atrogularis,unknown,5.1778,0.0565
3751,Crithagra buchanani,unknown,5.5883,0.0518
3752,Crithagra burtoni,unknown,4.6382,0.0701
3753,Crithagra canicapilla,unknown,4.7859,0.067
3754,Crithagra capistrata,male,6.272,0.0167
3755,Crithagra capistrata,unknown,6.067,0.0822
3756,Crithagra citrinelloides,male,5.5015,0.0032
3757,Crithagra citrinelloides,unknown,5.417,0.0549
3758,Crithagra citrinipectus,male,5.9221,0.0349
3759,Crithagra citrinipectus,unknown,5.141,0.0544
3760,Crithagra concolor,unknown,4.6723,0.0691
3761,Crithagra donaldsoni,unknown,5.3416,0.06
3762,Crithagra dorsostriata,unknown,6.1473,0.0613
3763,Crithagra flavigula,unknown,5.6492,0.0629
3764,Crithagra flaviventris,female,6.714,NA
3765,Crithagra flaviventris,male,6.483,0.027
3766,Crithagra flaviventris,unknown,6.3894,0.0754
3767,Crithagra frontalis,female,5.7313,0.0847
3768,Crithagra frontalis,male,5.9272,0.0543
3769,Crithagra frontalis,unknown,6.2529,0.0652
3770,Crithagra gularis,unknown,5.1123,0.0522
3771,Crithagra hyposticta,unknown,5.6051,0.0591
3772,Crithagra koliensis,female,5.1394,0.0656
3773,Crithagra koliensis,male,5.6762,0.0452
3774,Crithagra koliensis,unknown,5.7852,0.0734
3775,Crithagra leucoptera,unknown,5.0788,0.0665
3776,Crithagra leucopygia,unknown,4.9743,0.0677
3777,Crithagra melanochroa,unknown,4.5798,0.0539
3778,Crithagra menachensis,unknown,5.0121,0.0506
3779,Crithagra mennelli,unknown,5.5142,0.0605
3780,Crithagra mozambica,male,6.0946,0.0583
3781,Crithagra mozambica,unknown,6.0142,0.0524
3782,Crithagra reichardi,unknown,4.8341,0.06
3783,Crithagra reichenowi,unknown,4.7275,0.0703
3784,Crithagra rothschildi,unknown,4.7622,0.0728
3785,Crithagra rufobrunnea,unknown,4.989,0.0661
3786,Crithagra scotops,unknown,5.734,0.0637
3787,Crithagra striolata,unknown,5.5011,0.044
3788,Crithagra sulphurata,unknown,6.3044,0.0762
3789,Crithagra symonsi,male,5.3013,0.0483
3790,Crithagra symonsi,unknown,5.6532,0.0682
3791,Crithagra totta,male,5.3318,0.0634
3792,Crithagra totta,unknown,5.8556,0.0542
3793,Crithagra tristriata,unknown,4.9979,0.0527
3794,Crithagra whytii,unknown,5.4054,0.0585
3795,Crithagra xantholaema,male,5.6936,0.0085
3796,Crithagra xantholaema,unknown,5.985,0.0666
3797,Crithagra xanthopygia,unknown,4.8558,0.065
3798,Crocias albonotatus,unknown,5.4195,0.0553
3799,Crocias langbianis,unknown,5.4495,0.0532
3800,Crossleyia xanthophrys,unknown,5.2826,0.0482
3801,Crossoptilon auritum,unknown,5.7647,0.0572
3802,Crossoptilon crossoptilon,unknown,5.5989,0.0546
3803,Crossoptilon harmani,male,5.8276,0.0577
3804,Crossoptilon harmani,unknown,5.7572,0.05
3805,Crossoptilon mantchuricum,unknown,6.1991,0.0842
3806,Crotophaga ani,unknown,5.7484,0.0553
3807,Crotophaga major,unknown,5.5256,0.0522
3808,Crotophaga sulcirostris,unknown,5.9315,0.0473
3809,Crypsirina cucullata,unknown,5.8131,0.0695
3810,Crypsirina temia,unknown,7.0087,0.0913
3811,Cryptillas victorini,male,4.564,NA
3812,Cryptillas victorini,unknown,5.4642,0.0485
3813,Cryptoleucopteryx plumbea,unknown,5.1868,0.0447
3814,Cryptophaps poecilorrhoa,unknown,5.2735,0.0608
3815,Cryptopipo holochlora,unknown,6.3312,0.0721
3816,Cryptospiza jacksoni,male,6.0725,0.0417
3817,Cryptospiza jacksoni,unknown,6.2705,0.0682
3818,Cryptospiza reichenovii,unknown,5.9788,0.0536
3819,Cryptospiza salvadorii,unknown,5.5085,0.0509
3820,Cryptosylvicola randrianasoloi,male,4.8282,0.0804
3821,Cryptosylvicola randrianasoloi,unknown,5.2938,0.0453
3822,Crypturellus atrocapillus,unknown,4.4309,0.058
3823,Crypturellus bartletti,unknown,4.748,0.0797
3824,Crypturellus berlepschi,unknown,4.7289,0.0795
3825,Crypturellus boucardi,unknown,4.7969,0.033
3826,Crypturellus brevirostris,unknown,5.6411,0.066
3827,Crypturellus cinereus,unknown,5.0742,0.0548
3828,Crypturellus cinnamomeus,unknown,5.4044,0.0571
3829,Crypturellus duidae,unknown,4.2833,0.0675
3830,Crypturellus erythropus,unknown,4.4495,0.0635
3831,Crypturellus kerriae,unknown,4.2544,0.0861
3832,Crypturellus noctivagus,unknown,5.3371,0.0615
3833,Crypturellus obsoletus,unknown,5.1254,0.0586
3834,Crypturellus parvirostris,unknown,5.2463,0.0563
3835,Crypturellus ptaritepui,unknown,5.2244,0.0634
3836,Crypturellus soui,unknown,5.2108,0.0607
3837,Crypturellus strigulosus,unknown,4.891,0.0553
3838,Crypturellus tataupa,unknown,4.7738,0.0601
3839,Crypturellus transfasciatus,unknown,5.0489,0.0541
3840,Crypturellus undulatus,unknown,4.7891,0.059
3841,Crypturellus variegatus,male,5.1764,0.0484
3842,Crypturellus variegatus,unknown,4.9756,0.0691
3843,Cuculus canorus,unknown,5.4156,0.0487
3844,Cuculus clamosus,male,4.9005,0.0487
3845,Cuculus clamosus,unknown,5.1307,0.0466
3846,Cuculus crassirostris,unknown,5.282,0.0504
3847,Cuculus gularis,male,5.9534,0.066
3848,Cuculus gularis,unknown,5.4142,0.0477
3849,Cuculus lepidus,unknown,5.1388,0.052
3850,Cuculus micropterus,unknown,4.9065,0.0488
3851,Cuculus optatus,unknown,5.3919,0.0485
3852,Cuculus poliocephalus,male,5.0848,0.0894
3853,Cuculus poliocephalus,unknown,5.9124,0.0598
3854,Cuculus rochii,unknown,5.5648,0.0503
3855,Cuculus saturatus,male,5.3083,0.0876
3856,Cuculus saturatus,unknown,5.612,0.0487
3857,Cuculus solitarius,unknown,5.7572,0.0649
3858,Culicicapa ceylonensis,male,6.9944,0.0756
3859,Culicicapa ceylonensis,unknown,7.1401,0.083
3860,Culicicapa helianthea,unknown,6.0236,0.0624
3861,Culicivora caudacuta,unknown,5.9063,0.0582
3862,Curaeus curaeus,unknown,5.4091,0.0591
3863,Cursorius coromandelicus,unknown,6.3937,0.0609
3864,Cursorius cursor,unknown,6.6852,0.0688
3865,Cursorius rufus,unknown,5.5541,0.0731
3866,Cursorius somalensis,unknown,6.0841,0.0522
3867,Cursorius temminckii,unknown,5.6139,0.0529
3868,Cutia legalleni,male,5.554,0.0187
3869,Cutia legalleni,unknown,6.0761,0.0577
3870,Cutia nipalensis,male,5.6538,0.0498
3871,Cutia nipalensis,unknown,7.1649,0.0795
3872,Cyanerpes caeruleus,female,6.3422,0.0226
3873,Cyanerpes caeruleus,unknown,7.3731,0.08
3874,Cyanerpes cyaneus,male,7.0397,0.0865
3875,Cyanerpes cyaneus,unknown,7.4069,0.0973
3876,Cyanerpes lucidus,female,5.6234,0.0676
3877,Cyanerpes lucidus,male,6.5248,0.0633
3878,Cyanerpes lucidus,unknown,7.0055,0.1069
3879,Cyanerpes nitidus,female,5.8918,0.0646
3880,Cyanerpes nitidus,male,6.5558,0.074
3881,Cyanerpes nitidus,unknown,7.2413,0.0779
3882,Cyanicterus cyanicterus,unknown,6.7773,0.0903
3883,Cyanistes caeruleus,male,6.9952,0.0535
3884,Cyanistes caeruleus,unknown,7.0114,0.0779
3885,Cyanistes cyanus,unknown,7.222,0.1089
3886,Cyanistes teneriffae,unknown,6.8153,0.0895
3887,Cyanochen cyanoptera,unknown,5.296,0.0507
3888,Cyanocitta cristata,unknown,7.2288,0.1443
3889,Cyanocitta stelleri,unknown,7.4201,0.0999
3890,Cyanocompsa parellina,male,7.116,0.0634
3891,Cyanocompsa parellina,unknown,7.1257,0.0892
3892,Cyanocorax affinis,unknown,6.3176,0.0551
3893,Cyanocorax beecheii,unknown,6.8675,0.0855
3894,Cyanocorax caeruleus,unknown,6.716,0.0863
3895,Cyanocorax cayanus,unknown,6.5854,0.0762
3896,Cyanocorax chrysops,unknown,6.3492,0.0632
3897,Cyanocorax cristatellus,unknown,6.325,0.0542
3898,Cyanocorax cyanomelas,unknown,5.2651,0.0537
3899,Cyanocorax cyanopogon,unknown,5.9219,0.0512
3900,Cyanocorax dickeyi,unknown,6.5725,0.0718
3901,Cyanocorax heilprini,unknown,5.318,0.053
3902,Cyanocorax melanocyaneus,unknown,6.6193,0.0997
3903,Cyanocorax mystacalis,unknown,5.9385,0.0616
3904,Cyanocorax sanblasianus,unknown,7.2032,0.1076
3905,Cyanocorax violaceus,unknown,6.1235,0.0674
3906,Cyanocorax yncas,unknown,7.0688,0.0886
3907,Cyanocorax yucatanicus,unknown,7.0819,0.0781
3908,Cyanoderma ambiguum,unknown,5.2131,0.0571
3909,Cyanoderma chrysaeum,unknown,6.1463,0.0656
3910,Cyanoderma erythropterum,unknown,5.7104,0.0598
3911,Cyanoderma melanothorax,unknown,5.9128,0.0566
3912,Cyanoderma pyrrhops,unknown,5.1118,0.0501
3913,Cyanoderma ruficeps,unknown,6.2463,0.0559
3914,Cyanoderma rufifrons,unknown,5.7634,0.0566
3915,Cyanograucalus azureus,male,5.2557,0.0202
3916,Cyanograucalus azureus,unknown,6.4241,0.0737
3917,Cyanolanius madagascarinus,male,6.9097,0.0724
3918,Cyanolanius madagascarinus,unknown,7.8269,0.128
3919,Cyanoliseus patagonus,unknown,6.6728,0.1007
3920,Cyanoloxia brissonii,female,5.8963,0.0388
3921,Cyanoloxia brissonii,male,6.5257,0.0324
3922,Cyanoloxia brissonii,unknown,6.7661,0.0461
3923,Cyanoloxia cyanoides,male,6.231,0.035
3924,Cyanoloxia cyanoides,unknown,5.5745,0.0638
3925,Cyanoloxia glaucocaerulea,male,7.161,0.0893
3926,Cyanoloxia glaucocaerulea,unknown,7.1096,0.0802
3927,Cyanoloxia rothschildii,male,6.2715,0.0663
3928,Cyanoloxia rothschildii,unknown,6.4904,0.0569
3929,Cyanolyca argentigula,unknown,6.9397,0.0835
3930,Cyanolyca armillata,unknown,7.4669,0.0809
3931,Cyanolyca cucullata,unknown,6.6981,0.0731
3932,Cyanolyca mirabilis,unknown,6.2728,0.06
3933,Cyanolyca nanus,unknown,6.0388,0.0684
3934,Cyanolyca pulchra,unknown,6.8532,0.0917
3935,Cyanolyca pumilo,unknown,6.5221,0.0928
3936,Cyanolyca turcosa,unknown,6.8902,0.0783
3937,Cyanolyca viridicyanus,unknown,6.7213,0.0878
3938,Cyanomitra alinae,unknown,5.8484,0.0593
3939,Cyanomitra bannermani,male,6.4307,0.0726
3940,Cyanomitra bannermani,unknown,4.8576,0.0565
3941,Cyanomitra cyanolaema,female,6.179,0.0684
3942,Cyanomitra cyanolaema,male,5.5988,0.0494
3943,Cyanomitra cyanolaema,unknown,5.761,0.0608
3944,Cyanomitra olivacea,unknown,5.6279,0.0627
3945,Cyanomitra oritis,male,6.9736,0.0554
3946,Cyanomitra oritis,unknown,6.8295,0.0733
3947,Cyanomitra veroxii,unknown,6.0752,0.064
3948,Cyanomitra verticalis,male,6.802,0.0618
3949,Cyanomitra verticalis,unknown,6.5079,0.0719
3950,Cyanophaia bicolor,female,7.204,0.1028
3951,Cyanophaia bicolor,male,7.0633,0.1272
3952,Cyanophaia bicolor,unknown,7.1039,0.0873
3953,Cyanopica cooki,unknown,6.8607,0.0852
3954,Cyanopica cyanus,unknown,6.7193,0.07
3955,Cyanopsitta spixii,unknown,5.3095,0.0537
3956,Cyanoptila cumatilis,male,6.243,0.0267
3957,Cyanoptila cumatilis,unknown,6.8139,0.0806
3958,Cyanoptila cyanomelana,male,6.8578,0.0463
3959,Cyanoptila cyanomelana,unknown,6.2384,0.0627
3960,Cyanoramphus auriceps,unknown,6.7294,0.0623
3961,Cyanoramphus cookii,unknown,6.7237,0.087
3962,Cyanoramphus forbesi,unknown,6.718,0.0643
3963,Cyanoramphus hochstetteri,unknown,7.2278,0.0895
3964,Cyanoramphus malherbi,unknown,7.0982,0.0695
3965,Cyanoramphus novaezelandiae,unknown,7.1586,0.0687
3966,Cyanoramphus saisseti,unknown,6.8341,0.0766
3967,Cyanoramphus unicolor,unknown,6.4993,0.0553
3968,Cyclarhis gujanensis,male,6.0182,0.0502
3969,Cyclarhis gujanensis,unknown,6.0781,0.0655
3970,Cyclarhis nigrirostris,unknown,5.0793,0.0477
3971,Cyclopsitta diophthalma,female,7.0282,0.0742
3972,Cyclopsitta diophthalma,male,6.9188,0.0635
3973,Cyclopsitta diophthalma,unknown,7.7002,0.111
3974,Cyclopsitta gulielmitertii,unknown,7.1746,0.0936
3975,Cygnus atratus,female,6.2153,0.0864
3976,Cygnus atratus,unknown,6.6128,0.078
3977,Cygnus buccinator,unknown,6.1869,0.0711
3978,Cygnus columbianus,unknown,6.558,0.0698
3979,Cygnus cygnus,unknown,6.7457,0.0866
3980,Cygnus melancoryphus,unknown,5.2456,0.0434
3981,Cygnus olor,male,6.3264,0.0516
3982,Cygnus olor,unknown,6.5111,0.084
3983,Cymbilaimus lineatus,female,5.4783,0.0164
3984,Cymbilaimus lineatus,male,5.9118,0.0427
3985,Cymbilaimus lineatus,unknown,5.9719,0.0603
3986,Cymbilaimus sanctaemariae,male,5.4854,0.0632
3987,Cymbilaimus sanctaemariae,unknown,6.0186,0.0585
3988,Cymbirhynchus macrorhynchos,unknown,7.6527,0.1188
3989,Cynanthus latirostris,male,7.2534,0.0772
3990,Cynanthus latirostris,unknown,7.4014,0.1165
3991,Cynanthus sordidus,female,6.417,0.0176
3992,Cynanthus sordidus,unknown,6.7208,0.0826
3993,Cyornis banyumas,female,6.2391,0.0608
3994,Cyornis banyumas,male,6.5403,0.0254
3995,Cyornis banyumas,unknown,7.2604,0.1278
3996,Cyornis brunneatus,unknown,5.8702,0.0452
3997,Cyornis caerulatus,female,6.1766,0.0574
3998,Cyornis caerulatus,male,5.4767,0.0678
3999,Cyornis caerulatus,unknown,6.0179,0.0546
4000,Cyornis colonus,unknown,6.0668,0.0506
4001,Cyornis concretus,male,6.6227,0.0483
4002,Cyornis concretus,unknown,5.7607,0.0619
4003,Cyornis glaucicomans,male,6.1966,0.0697
4004,Cyornis glaucicomans,unknown,6.7904,0.0839
4005,Cyornis hainanus,male,6.9998,0.0961
4006,Cyornis hainanus,unknown,6.7231,0.0788
4007,Cyornis herioti,unknown,5.3274,0.0593
4008,Cyornis hoevelli,female,6.0817,0.0447
4009,Cyornis hoevelli,male,6.1547,0.0432
4010,Cyornis hoevelli,unknown,6.6627,0.0833
4011,Cyornis hyacinthinus,female,5.4097,0.0496
4012,Cyornis hyacinthinus,male,6.9246,0.0746
4013,Cyornis hyacinthinus,unknown,6.8342,0.0765
4014,Cyornis lemprieri,unknown,7.1206,0.0919
4015,Cyornis magnirostris,male,7.0939,0.0692
4016,Cyornis magnirostris,unknown,6.974,0.0968
4017,Cyornis nicobaricus,unknown,5.6476,0.0538
4018,Cyornis olivaceus,unknown,5.6073,0.0617
4019,Cyornis omissus,male,5.8741,0.0462
4020,Cyornis omissus,unknown,5.8478,0.0674
4021,Cyornis oscillans,unknown,5.2671,0.0454
4022,Cyornis pallidipes,female,5.9949,0.0577
4023,Cyornis pallidipes,male,6.4221,0.0752
4024,Cyornis pallidipes,unknown,6.3481,0.0856
4025,Cyornis pelingensis,unknown,4.493,0.0709
4026,Cyornis poliogenys,unknown,5.7046,0.0655
4027,Cyornis rubeculoides,female,5.991,0.0548
4028,Cyornis rubeculoides,male,6.7721,0.0728
4029,Cyornis rubeculoides,unknown,6.4229,0.0875
4030,Cyornis ruficauda,unknown,5.5174,0.0613
4031,Cyornis rufigastra,female,5.996,NA
4032,Cyornis rufigastra,unknown,6.5089,0.0671
4033,Cyornis sanfordi,unknown,5.399,0.0501
4034,Cyornis sumatrensis,male,6.038,0.0563
4035,Cyornis sumatrensis,unknown,6.8635,0.0894
4036,Cyornis superbus,male,6.812,0.0542
4037,Cyornis superbus,unknown,5.9209,0.0579
4038,Cyornis tickelliae,male,6.2933,0.0831
4039,Cyornis tickelliae,unknown,7.0306,0.0787
4040,Cyornis turcosus,male,6.8953,0.096
4041,Cyornis turcosus,unknown,7.0322,0.0707
4042,Cyornis umbratilis,unknown,5.4195,0.0702
4043,Cyornis unicolor,female,5.6467,0.0193
4044,Cyornis unicolor,male,6.7354,0.0848
4045,Cyornis unicolor,unknown,6.9862,0.1188
4046,Cyphorhinus arada,unknown,6.1383,0.0545
4047,Cyphorhinus phaeocephalus,unknown,5.1824,0.0458
4048,Cyphorhinus thoracicus,unknown,5.711,0.0636
4049,Cypseloides cherriei,unknown,5.1952,0.0625
4050,Cypseloides cryptus,female,4.7652,0.0628
4051,Cypseloides cryptus,male,5.093,NA
4052,Cypseloides cryptus,unknown,5.6636,0.0461
4053,Cypseloides fumigatus,unknown,5.2951,0.0563
4054,Cypseloides lemosi,unknown,5.4445,0.051
4055,Cypseloides niger,unknown,5.3322,0.0506
4056,Cypseloides rothschildi,unknown,5.0499,0.0656
4057,Cypseloides senex,unknown,5.0068,0.0587
4058,Cypseloides storeri,male,4.8498,0.0723
4059,Cypseloides storeri,unknown,4.6767,0.069
4060,Cypsiurus balasiensis,unknown,5.2772,0.0515
4061,Cypsiurus parvus,unknown,5.762,0.0597
4062,Cypsnagra hirundinacea,unknown,5.8779,0.0635
4063,Cyrtonyx montezumae,male,6.7106,0.0673
4064,Cyrtonyx montezumae,unknown,6.2809,0.0719
4065,Cyrtonyx ocellatus,male,5.86,0.0657
4066,Cyrtonyx ocellatus,unknown,5.9219,0.0641
4067,Dacelo gaudichaud,female,7.0939,0.0658
4068,Dacelo gaudichaud,unknown,7.1659,0.096
4069,Dacelo leachii,male,6.9948,0.0779
4070,Dacelo leachii,unknown,6.785,0.0733
4071,Dacelo novaeguineae,unknown,6.6467,0.082
4072,Dacelo tyro,male,6.9196,0.1028
4073,Dacelo tyro,unknown,6.6252,0.0771
4074,Dacnis albiventris,male,6.1358,0.0714
4075,Dacnis albiventris,unknown,6.0197,0.0766
4076,Dacnis berlepschi,male,7.0898,0.0791
4077,Dacnis berlepschi,unknown,7.1722,0.0975
4078,Dacnis cayana,female,6.0992,0.0434
4079,Dacnis cayana,male,7.1718,0.0407
4080,Dacnis cayana,unknown,7.6787,0.1026
4081,Dacnis flaviventer,male,5.8757,0.073
4082,Dacnis flaviventer,unknown,5.9467,0.0587
4083,Dacnis hartlaubi,female,5.5418,0.0801
4084,Dacnis hartlaubi,male,7.3473,0.0994
4085,Dacnis hartlaubi,unknown,7.924,0.0952
4086,Dacnis lineata,unknown,7.5064,0.0937
4087,Dacnis nigripes,female,6.6187,0.052
4088,Dacnis nigripes,male,7.426,0.1447
4089,Dacnis nigripes,unknown,6.9902,0.0967
4090,Dacnis venusta,male,7.0491,0.0771
4091,Dacnis venusta,unknown,7.3793,0.1102
4092,Dacnis viguieri,female,5.0612,0.0611
4093,Dacnis viguieri,male,6.155,0.0439
4094,Dacnis viguieri,unknown,6.979,0.0841
4095,Dactylortyx thoracicus,male,5.7141,0.0556
4096,Dactylortyx thoracicus,unknown,5.3192,0.0554
4097,Daphoenositta chrysoptera,unknown,5.664,0.06
4098,Daphoenositta miranda,unknown,5.5909,0.0533
4099,Daphoenositta papuensis,unknown,4.9736,0.055
4100,Daption capense,unknown,5.4793,0.0499
4101,Daptrius ater,unknown,5.8556,0.0491
4102,Dasycrotapha plateni,unknown,5.4086,0.0517
4103,Dasycrotapha pygmaea,unknown,4.9325,0.063
4104,Dasycrotapha speciosa,unknown,5.9893,0.0584
4105,Dasylophus cumingi,unknown,6.5055,0.0626
4106,Dasylophus superciliosus,unknown,5.4814,0.0548
4107,Dasyornis brachypterus,unknown,4.7906,0.0544
4108,Dasyornis broadbenti,unknown,5.0565,0.0475
4109,Dasyornis longirostris,male,5.4782,0.0422
4110,Dasyornis longirostris,unknown,5.0807,0.0536
4111,Deconychura longicauda,unknown,5.0343,0.0573
4112,Deleornis axillaris,male,5.9767,0.0258
4113,Deleornis axillaris,unknown,5.4051,0.0563
4114,Deleornis fraseri,unknown,5.314,0.0551
4115,Delichon dasypus,unknown,5.631,0.0652
4116,Delichon nipalense,unknown,6.1989,0.0584
4117,Delichon urbicum,unknown,6.4471,0.0584
4118,Deltarhynchus flammulatus,unknown,5.2155,0.0466
4119,Dendragapus fuliginosus,male,5.6747,0.0488
4120,Dendragapus fuliginosus,unknown,5.7133,0.0536
4121,Dendragapus obscurus,male,5.5358,0.0514
4122,Dendragapus obscurus,unknown,5.8263,0.0578
4123,Dendrexetastes rufigula,unknown,5.1985,0.0618
4124,Dendrocincla anabatina,unknown,4.9407,0.0535
4125,Dendrocincla fuliginosa,male,4.6144,0.0765
4126,Dendrocincla fuliginosa,unknown,5.5993,0.0509
4127,Dendrocincla homochroa,unknown,4.9977,0.0743
4128,Dendrocincla merula,unknown,5.0486,0.0595
4129,Dendrocincla turdina,unknown,6.0255,0.06
4130,Dendrocincla tyrannina,unknown,5.1593,0.0568
4131,Dendrocitta bayleii,unknown,5.6295,0.0545
4132,Dendrocitta cinerascens,unknown,5.7117,0.0465
4133,Dendrocitta formosae,unknown,6.1596,0.0602
4134,Dendrocitta frontalis,unknown,6.8571,0.0973
4135,Dendrocitta leucogastra,unknown,6.3447,0.0708
4136,Dendrocitta occipitalis,unknown,5.2231,0.0537
4137,Dendrocitta vagabunda,unknown,6.8675,0.0866
4138,Dendrocolaptes certhia,unknown,5.6084,0.0491
4139,Dendrocolaptes hoffmannsi,unknown,4.5106,0.0575
4140,Dendrocolaptes picumnus,unknown,5.3869,0.0609
4141,Dendrocolaptes platyrostris,unknown,5.5405,0.0592
4142,Dendrocolaptes sanctithomae,unknown,5.4121,0.0622
4143,Dendrocopos analis,female,6.3075,0.0584
4144,Dendrocopos analis,male,6.111,NA
4145,Dendrocopos analis,unknown,5.9771,0.0606
4146,Dendrocopos assimilis,unknown,6.5657,0.0739
4147,Dendrocopos atratus,female,6.3893,0.047
4148,Dendrocopos atratus,male,6.9501,0.0704
4149,Dendrocopos atratus,unknown,6.2143,0.0776
4150,Dendrocopos darjellensis,female,6.0065,0.099
4151,Dendrocopos darjellensis,male,6.265,NA
4152,Dendrocopos darjellensis,unknown,7.1204,0.0737
4153,Dendrocopos himalayensis,female,5.9317,0.063
4154,Dendrocopos himalayensis,unknown,5.942,0.0444
4155,Dendrocopos hyperythrus,male,6.5365,0.0642
4156,Dendrocopos hyperythrus,unknown,6.5728,0.0675
4157,Dendrocopos leucopterus,female,6.3025,0.0313
4158,Dendrocopos leucopterus,male,5.8768,0.04
4159,Dendrocopos leucopterus,unknown,6.7913,0.0785
4160,Dendrocopos leucotos,female,6.1358,0.064
4161,Dendrocopos leucotos,male,7.0638,0.122
4162,Dendrocopos leucotos,unknown,7.113,0.0966
4163,Dendrocopos macei,unknown,6.735,0.0705
4164,Dendrocopos major,female,6.7135,0.0582
4165,Dendrocopos major,unknown,6.3598,0.0602
4166,Dendrocopos noguchii,male,6.2341,0.0855
4167,Dendrocopos noguchii,unknown,5.6691,0.0503
4168,Dendrocopos syriacus,female,5.959,0.1129
4169,Dendrocopos syriacus,unknown,5.9378,0.0605
4170,Dendrocoptes auriceps,female,6.5135,0.0495
4171,Dendrocoptes auriceps,male,6.4603,0.0551
4172,Dendrocoptes auriceps,unknown,6.885,0.0894
4173,Dendrocoptes dorae,unknown,4.8633,0.0502
4174,Dendrocoptes medius,male,6.4936,0.0538
4175,Dendrocoptes medius,unknown,6.634,0.0759
4176,Dendrocygna arborea,unknown,5.7977,0.0566
4177,Dendrocygna arcuata,unknown,5.5983,0.0639
4178,Dendrocygna autumnalis,unknown,6.0181,0.0685
4179,Dendrocygna bicolor,unknown,5.8483,0.0475
4180,Dendrocygna eytoni,unknown,5.4891,0.0568
4181,Dendrocygna guttata,unknown,5.1958,0.051
4182,Dendrocygna javanica,unknown,5.2177,0.0505
4183,Dendrocygna viduata,unknown,5.6419,0.0543
4184,Dendronanthus indicus,unknown,6.1166,0.0519
4185,Dendroperdix sephaena,unknown,5.3582,0.0618
4186,Dendroplex kienerii,unknown,5.3927,0.0572
4187,Dendroplex picus,unknown,5.5212,0.0467
4188,Dendrortyx barbatus,unknown,5.4917,0.0555
4189,Dendrortyx leucophrys,male,5.1336,0.048
4190,Dendrortyx leucophrys,unknown,5.829,0.0634
4191,Dendrortyx macroura,unknown,5.4343,0.0531
4192,Deroptyus accipitrinus,unknown,6.7061,0.1082
4193,Dicaeum aeneum,male,4.9934,0.043
4194,Dicaeum aeneum,unknown,6.5818,0.0972
4195,Dicaeum agile,male,5.8723,0.0663
4196,Dicaeum agile,unknown,4.7618,0.061
4197,Dicaeum annae,unknown,4.7385,0.0644
4198,Dicaeum anthonyi,male,5.8975,0.0537
4199,Dicaeum anthonyi,unknown,6.3313,0.0969
4200,Dicaeum aureolimbatum,unknown,6.3125,0.0648
4201,Dicaeum australe,male,5.6102,0.0633
4202,Dicaeum australe,unknown,6.1756,0.061
4203,Dicaeum bicolor,female,5.1872,0.053
4204,Dicaeum bicolor,male,6.1139,0.065
4205,Dicaeum bicolor,unknown,6.7781,0.071
4206,Dicaeum celebicum,male,6.5071,0.0632
4207,Dicaeum celebicum,unknown,5.6169,0.0559
4208,Dicaeum chrysorrheum,unknown,6.3771,0.0667
4209,Dicaeum concolor,unknown,4.9445,0.064
4210,Dicaeum cruentatum,female,6.2643,0.0346
4211,Dicaeum cruentatum,male,6.9995,0.0764
4212,Dicaeum cruentatum,unknown,6.5529,0.0794
4213,Dicaeum erythrorhynchos,unknown,5.3625,0.0607
4214,Dicaeum erythrothorax,male,6.7152,0.0638
4215,Dicaeum erythrothorax,unknown,6.3243,0.0604
4216,Dicaeum everetti,unknown,4.764,0.0603
4217,Dicaeum eximium,male,5.6913,0.0258
4218,Dicaeum eximium,unknown,5.4548,0.0569
4219,Dicaeum geelvinkianum,unknown,5.8916,0.0594
4220,Dicaeum haematostictum,male,5.556,0.0538
4221,Dicaeum haematostictum,unknown,5.9358,0.0542
4222,Dicaeum hirundinaceum,male,6.7577,0.0691
4223,Dicaeum hirundinaceum,unknown,5.9767,0.0738
4224,Dicaeum hypoleucum,unknown,5.5262,0.0444
4225,Dicaeum igniferum,male,6.2987,0.0671
4226,Dicaeum igniferum,unknown,6.368,0.0631
4227,Dicaeum ignipectus,male,6.8938,0.0869
4228,Dicaeum ignipectus,unknown,6.8957,0.0852
4229,Dicaeum maugei,male,5.8558,0.0703
4230,Dicaeum maugei,unknown,6.2676,0.0684
4231,Dicaeum melanozanthum,male,5.6278,0.0764
4232,Dicaeum melanozanthum,unknown,6.5587,0.067
4233,Dicaeum minullum,unknown,5.6484,0.0406
4234,Dicaeum monticolum,male,6.277,0.0664
4235,Dicaeum monticolum,unknown,6.3346,0.0715
4236,Dicaeum nehrkorni,male,6.2033,0.0606
4237,Dicaeum nehrkorni,unknown,6.0005,0.0561
4238,Dicaeum nigrilore,unknown,5.5137,0.0555
4239,Dicaeum pectorale,male,6.2381,0.0651
4240,Dicaeum pectorale,unknown,6.2153,0.0561
4241,Dicaeum proprium,unknown,5.1642,0.0456
4242,Dicaeum pygmaeum,unknown,5.352,0.0459
4243,Dicaeum retrocinctum,unknown,5.0981,0.0546
4244,Dicaeum sanguinolentum,male,6.7908,0.0566
4245,Dicaeum sanguinolentum,unknown,6.7522,0.0741
4246,Dicaeum schistaceiceps,male,6.1528,0.0716
4247,Dicaeum schistaceiceps,unknown,5.8952,0.058
4248,Dicaeum trigonostigma,male,6.8253,0.068
4249,Dicaeum trigonostigma,unknown,6.5077,0.0859
4250,Dicaeum tristrami,unknown,5.261,0.0342
4251,Dicaeum trochileum,male,5.7564,0.0646
4252,Dicaeum trochileum,unknown,5.4632,0.0515
4253,Dicaeum vincens,unknown,6.4097,0.0725
4254,Dicaeum virescens,unknown,5.1702,0.0423
4255,Dicaeum vulneratum,male,6.2001,0.0658
4256,Dicaeum vulneratum,unknown,6.252,0.0798
4257,Dichrozona cincta,male,5.3571,0.0379
4258,Dichrozona cincta,unknown,6.0855,0.0544
4259,Dicrurus adsimilis,unknown,5.5838,0.0522
4260,Dicrurus aeneus,unknown,6.832,0.0818
4261,Dicrurus aldabranus,unknown,4.9408,0.0547
4262,Dicrurus andamanensis,unknown,5.953,0.0628
4263,Dicrurus annectens,unknown,6.1115,0.0675
4264,Dicrurus atactus,unknown,5.7598,0.0568
4265,Dicrurus atripennis,unknown,5.6355,0.0498
4266,Dicrurus balicassius,unknown,5.6775,0.0574
4267,Dicrurus bracteatus,female,6.4803,0.0539
4268,Dicrurus bracteatus,unknown,5.8789,0.0628
4269,Dicrurus caerulescens,unknown,5.5961,0.0537
4270,Dicrurus densus,male,5.8008,0.0605
4271,Dicrurus densus,unknown,6.092,0.049
4272,Dicrurus divaricatus,unknown,5.5693,0.0587
4273,Dicrurus forficatus,unknown,5.8626,0.059
4274,Dicrurus fuscipennis,unknown,5.6263,0.0684
4275,Dicrurus hottentottus,unknown,6.4723,0.0669
4276,Dicrurus leucophaeus,unknown,5.6416,0.0704
4277,Dicrurus lophorinus,unknown,5.8595,0.0653
4278,Dicrurus ludwigii,unknown,5.9203,0.0658
4279,Dicrurus macrocercus,unknown,5.8645,0.0688
4280,Dicrurus megarhynchus,unknown,5.839,0.0619
4281,Dicrurus menagei,unknown,5.8633,0.0514
4282,Dicrurus modestus,unknown,5.61,0.061
4283,Dicrurus montanus,unknown,5.397,0.0508
4284,Dicrurus occidentalis,unknown,5.375,0.0523
4285,Dicrurus paradiseus,unknown,6.0564,0.0679
4286,Dicrurus remifer,male,5.885,0.0515
4287,Dicrurus remifer,unknown,6.2837,0.0625
4288,Dicrurus sharpei,unknown,5.7124,0.0583
4289,Dicrurus sumatranus,unknown,5.7752,0.0558
4290,Dicrurus waldenii,unknown,5.5043,0.0541
4291,Diglossa albilatera,female,5.7077,0.0855
4292,Diglossa albilatera,male,5.3844,0.0685
4293,Diglossa albilatera,unknown,5.5937,0.0398
4294,Diglossa baritula,male,6.0828,0.0603
4295,Diglossa baritula,unknown,6.0843,0.0622
4296,Diglossa brunneiventris,unknown,6.0561,0.0647
4297,Diglossa caerulescens,unknown,6.6275,0.0554
4298,Diglossa carbonaria,male,5.4919,0.0427
4299,Diglossa carbonaria,unknown,6.1683,0.0645
4300,Diglossa cyanea,unknown,6.631,0.0786
4301,Diglossa duidae,unknown,5.0848,0.0518
4302,Diglossa glauca,unknown,6.2897,0.0853
4303,Diglossa gloriosa,unknown,5.96,0.0581
4304,Diglossa gloriosissima,unknown,6.7795,0.0696
4305,Diglossa humeralis,unknown,5.5184,0.055
4306,Diglossa indigotica,unknown,7.2346,0.099
4307,Diglossa lafresnayii,unknown,5.8013,0.0434
4308,Diglossa major,unknown,5.8025,0.0453
4309,Diglossa mystacalis,unknown,6.183,0.0582
4310,Diglossa plumbea,male,5.834,0.0296
4311,Diglossa plumbea,unknown,6.2658,0.0671
4312,Diglossa sittoides,male,6.3322,0.0643
4313,Diglossa sittoides,unknown,5.8135,0.0621
4314,Diglossa venezuelensis,female,5.7698,0.0617
4315,Diglossa venezuelensis,male,5.416,0.0421
4316,Diglossa venezuelensis,unknown,5.8146,0.0387
4317,Dinemellia dinemelli,unknown,6.6336,0.0783
4318,Dinopium benghalense,male,6.3874,0.0692
4319,Dinopium benghalense,unknown,7.1715,0.1102
4320,Dinopium everetti,male,6.1988,0.0808
4321,Dinopium everetti,unknown,6.2528,0.0799
4322,Dinopium javanense,female,6.158,0.1391
4323,Dinopium javanense,unknown,6.528,0.0546
4324,Dinopium psarodes,unknown,7.1542,0.0855
4325,Dinopium rafflesii,male,6.0465,0.0666
4326,Dinopium rafflesii,unknown,6.2694,0.0701
4327,Dinopium shorii,female,6.6473,0.0792
4328,Dinopium shorii,unknown,6.0918,0.0603
4329,Diomedea epomophora,unknown,6.0197,0.0597
4330,Diomedea exulans,male,5.298,0.0245
4331,Diomedea exulans,unknown,5.7657,0.0484
4332,Diopsittaca nobilis,unknown,6.6958,0.0725
4333,Discosura conversii,female,7.5502,0.1294
4334,Discosura conversii,male,7.474,NA
4335,Discosura conversii,unknown,7.2143,0.1159
4336,Discosura langsdorffi,female,6.895,0.0378
4337,Discosura langsdorffi,male,6.7318,0.0582
4338,Discosura langsdorffi,unknown,7.1006,0.0913
4339,Discosura longicaudus,male,7.5607,0.1034
4340,Discosura longicaudus,unknown,7.7371,0.1208
4341,Discosura popelairii,male,7.4194,0.1246
4342,Discosura popelairii,unknown,8.0771,0.1416
4343,Diuca diuca,male,5.7358,0.0468
4344,Diuca diuca,unknown,6.0727,0.0742
4345,Dives dives,male,5.5063,0.065
4346,Dives dives,unknown,5.7671,0.0525
4347,Dives warczewiczi,unknown,5.7052,0.0594
4348,Dixiphia pipra,unknown,6.5178,0.0735
4349,Dolichonyx oryzivorus,male,6.4977,0.054
4350,Dolichonyx oryzivorus,unknown,6.148,0.0593
4351,Doliornis remseni,female,5.5751,0.0241
4352,Doliornis remseni,male,5.3367,0.05
4353,Doliornis remseni,unknown,6.3953,0.0672
4354,Doliornis sclateri,male,5.767,0.0707
4355,Doliornis sclateri,unknown,5.5943,0.049
4356,Donacobius atricapilla,unknown,6.1729,0.0598
4357,Donacospiza albifrons,male,5.7687,0.0529
4358,Donacospiza albifrons,unknown,5.5278,0.0606
4359,Doricha eliza,male,7.0691,0.0871
4360,Doricha eliza,unknown,7.1174,0.0701
4361,Doricha enicura,male,7.3268,0.1086
4362,Doricha enicura,unknown,6.8594,0.0791
4363,Doryfera johannae,female,7.0465,0.073
4364,Doryfera johannae,male,6.7385,0.0578
4365,Doryfera johannae,unknown,7.5396,0.1063
4366,Doryfera ludovicae,male,6.9442,0.0754
4367,Doryfera ludovicae,unknown,6.3702,0.0624
4368,Drepanis coccinea,unknown,6.44,0.0897
4369,Drepanoptila holosericea,male,6.183,0.0777
4370,Drepanoptila holosericea,unknown,6.652,0.0785
4371,Drepanorhynchus reichenowi,male,6.8277,0.0861
4372,Drepanorhynchus reichenowi,unknown,6.1904,0.053
4373,Drepanornis albertisi,unknown,5.241,0.0486
4374,Drepanornis bruijnii,male,5.4979,0.0307
4375,Drepanornis bruijnii,unknown,5.5792,0.0582
4376,Dreptes thomensis,female,5.5927,0.0637
4377,Dreptes thomensis,unknown,5.9625,0.0604
4378,Dromaius novaehollandiae,unknown,4.8554,0.0617
4379,Dromas ardeola,unknown,6.4552,0.0783
4380,Dromococcyx pavoninus,unknown,6.0855,0.0632
4381,Dromococcyx phasianellus,unknown,4.9453,0.0527
4382,Drymocichla incana,unknown,5.5432,0.0619
4383,Drymodes beccarii,unknown,5.1187,0.0643
4384,Drymodes brunneopygia,unknown,5.5191,0.0529
4385,Drymodes superciliaris,unknown,6.0332,0.0509
4386,Drymophila caudata,male,5.3048,0.0552
4387,Drymophila caudata,unknown,5.5539,0.0478
4388,Drymophila devillei,unknown,4.9116,0.0555
4389,Drymophila ferruginea,male,6.1293,0.0462
4390,Drymophila ferruginea,unknown,6.0892,0.0519
4391,Drymophila genei,male,5.632,0.058
4392,Drymophila genei,unknown,6.1176,0.0515
4393,Drymophila hellmayri,male,5.6833,0.0367
4394,Drymophila hellmayri,unknown,5.4848,0.0563
4395,Drymophila klagesi,male,5.1319,0.0462
4396,Drymophila klagesi,unknown,6.2751,0.0558
4397,Drymophila malura,male,5.2391,0.0393
4398,Drymophila malura,unknown,5.8839,0.066
4399,Drymophila ochropyga,female,5.7561,0.0439
4400,Drymophila ochropyga,male,6.0935,0.0511
4401,Drymophila ochropyga,unknown,6.2226,0.0631
4402,Drymophila rubricollis,unknown,6.2137,0.0683
4403,Drymophila squamata,male,6.2908,0.0493
4404,Drymophila squamata,unknown,5.9158,0.054
4405,Drymophila striaticeps,male,7.1113,0.1026
4406,Drymophila striaticeps,unknown,6.0422,0.0648
4407,Drymornis bridgesii,male,6.0272,0.0431
4408,Drymornis bridgesii,unknown,5.1228,0.0546
4409,Drymotoxeres pucheranii,unknown,5.1797,0.0587
4410,Dryobates affinis,male,6.5118,0.0594
4411,Dryobates affinis,unknown,6.1704,0.0695
4412,Dryobates albolarvatus,female,6.1725,0.0343
4413,Dryobates albolarvatus,male,6.315,0.043
4414,Dryobates albolarvatus,unknown,6.7331,0.0854
4415,Dryobates arizonae,male,6.3166,0.0455
4416,Dryobates arizonae,unknown,6.2933,0.0629
4417,Dryobates borealis,unknown,6.2184,0.0582
4418,Dryobates callonotus,male,6.1756,0.0699
4419,Dryobates callonotus,unknown,6.5796,0.0631
4420,Dryobates cassini,male,6.6345,0.1372
4421,Dryobates cassini,unknown,6.0706,0.0519
4422,Dryobates cathpharius,male,6.468,0.0848
4423,Dryobates cathpharius,unknown,6.8127,0.1009
4424,Dryobates chocoensis,male,6.141,0.0582
4425,Dryobates chocoensis,unknown,6.5198,0.0582
4426,Dryobates dignus,male,5.772,0.0474
4427,Dryobates dignus,unknown,6.5965,0.0529
4428,Dryobates frontalis,unknown,5.7309,0.0444
4429,Dryobates fumigatus,female,6.1557,0.047
4430,Dryobates fumigatus,unknown,6.0965,0.0375
4431,Dryobates kirkii,female,6.021,0.0342
4432,Dryobates kirkii,male,5.6882,0.0608
4433,Dryobates kirkii,unknown,6.5063,0.0664
4434,Dryobates lignarius,female,6.2766,0.0582
4435,Dryobates lignarius,male,6.0862,0.0358
4436,Dryobates lignarius,unknown,6.4497,0.0625
4437,Dryobates maculifrons,female,6.436,0.0611
4438,Dryobates maculifrons,unknown,6.452,0.0536
4439,Dryobates minor,male,6.4175,0.0622
4440,Dryobates minor,unknown,6.2109,0.0753
4441,Dryobates mixtus,female,5.5961,0.0539
4442,Dryobates mixtus,unknown,5.7802,0.0685
4443,Dryobates nigriceps,female,5.2885,0.03
4444,Dryobates nigriceps,male,6.5996,0.0723
4445,Dryobates nigriceps,unknown,6.7446,0.0657
4446,Dryobates nuttallii,female,6.608,0.0416
4447,Dryobates nuttallii,male,6.3943,0.0349
4448,Dryobates nuttallii,unknown,6.4312,0.0675
4449,Dryobates passerinus,female,6.4613,0.082
4450,Dryobates passerinus,male,6.2343,0.0604
4451,Dryobates passerinus,unknown,6.0063,0.0701
4452,Dryobates pubescens,male,6.0694,0.0624
4453,Dryobates pubescens,unknown,6.7454,0.0534
4454,Dryobates sanguineus,male,5.731,NA
4455,Dryobates sanguineus,unknown,5.9771,0.0532
4456,Dryobates scalaris,female,5.848,0.0351
4457,Dryobates scalaris,unknown,6.6779,0.0681
4458,Dryobates spilogaster,female,6.0667,0.0598
4459,Dryobates spilogaster,male,6.2451,0.0531
4460,Dryobates spilogaster,unknown,5.6614,0.0527
4461,Dryobates stricklandi,male,5.8151,0.0672
4462,Dryobates stricklandi,unknown,6.0315,0.0557
4463,Dryobates villosus,female,6.3586,0.0544
4464,Dryobates villosus,male,5.9979,0.0559
4465,Dryobates villosus,unknown,6.2876,0.0575
4466,Dryocopus hodgei,female,6.007,0.0617
4467,Dryocopus hodgei,male,6.0357,0.0347
4468,Dryocopus hodgei,unknown,6.2886,0.0718
4469,Dryocopus javensis,male,6.1372,0.0491
4470,Dryocopus javensis,unknown,6.3414,0.0652
4471,Dryocopus lineatus,male,6.3325,0.0712
4472,Dryocopus lineatus,unknown,7.2729,0.1033
4473,Dryocopus martius,male,6.2099,0.0409
4474,Dryocopus martius,unknown,6.8398,0.0941
4475,Dryocopus pileatus,female,6.1207,0.0237
4476,Dryocopus pileatus,male,6.4224,0.0667
4477,Dryocopus pileatus,unknown,6.542,0.086
4478,Dryocopus schulzii,female,6.3472,0.046
4479,Dryocopus schulzii,male,6.2395,0.058
4480,Dryocopus schulzii,unknown,6.4994,0.0392
4481,Dryolimnas cuvieri,unknown,5.6314,0.0549
4482,Dryoscopus angolensis,female,5.2791,0.0741
4483,Dryoscopus angolensis,male,6.1107,0.0434
4484,Dryoscopus angolensis,unknown,5.8591,0.0415
4485,Dryoscopus cubla,female,6.0455,0.0269
4486,Dryoscopus cubla,male,5.9494,0.0322
4487,Dryoscopus cubla,unknown,5.757,0.0549
4488,Dryoscopus gambensis,unknown,5.8935,0.0447
4489,Dryoscopus pringlii,female,5.7307,0.0092
4490,Dryoscopus pringlii,male,6.0212,0.0523
4491,Dryoscopus pringlii,unknown,5.7306,0.0575
4492,Dryoscopus sabini,male,6.2662,0.0663
4493,Dryoscopus sabini,unknown,5.0452,0.0635
4494,Dryoscopus senegalensis,male,5.6499,0.0407
4495,Dryoscopus senegalensis,unknown,6.358,0.0625
4496,Dryotriorchis spectabilis,unknown,6.1599,0.0517
4497,Dubusia castaneoventris,unknown,6.5986,0.0671
4498,Dubusia taeniata,unknown,6.5966,0.0674
4499,Ducula aenea,unknown,5.9371,0.0484
4500,Ducula aurorae,unknown,5.6371,0.0611
4501,Ducula badia,unknown,5.3788,0.056
4502,Ducula bakeri,unknown,5.3073,0.059
4503,Ducula basilica,unknown,5.7985,0.0557
4504,Ducula bicolor,unknown,5.6685,0.0537
4505,Ducula brenchleyi,unknown,5.5449,0.0522
4506,Ducula carola,unknown,4.8345,0.0594
4507,Ducula chalconota,unknown,5.5968,0.0622
4508,Ducula cineracea,unknown,5.0333,0.0525
4509,Ducula concinna,unknown,5.2555,0.0542
4510,Ducula finschii,male,5.7788,0.0497
4511,Ducula finschii,unknown,6.0544,0.0477
4512,Ducula forsteni,unknown,6.0844,0.0708
4513,Ducula galeata,unknown,5.2475,0.0541
4514,Ducula goliath,unknown,5.5595,0.0649
4515,Ducula lacernulata,male,5.2615,0.0783
4516,Ducula lacernulata,unknown,5.5184,0.0544
4517,Ducula latrans,unknown,5.1262,0.0642
4518,Ducula luctuosa,unknown,5.4929,0.06
4519,Ducula melanochroa,unknown,4.9375,0.055
4520,Ducula mullerii,unknown,5.3621,0.0544
4521,Ducula myristicivora,unknown,5.8681,0.0628
4522,Ducula neglecta,unknown,5.2743,0.0494
4523,Ducula nicobarica,unknown,5.1257,0.051
4524,Ducula oceanica,unknown,4.6942,0.0548
4525,Ducula pacifica,unknown,6.1346,0.057
4526,Ducula perspicillata,unknown,5.7149,0.0697
4527,Ducula pickeringii,unknown,5.3686,0.0592
4528,Ducula pinon,unknown,5.1848,0.0484
4529,Ducula pistrinaria,unknown,5.6622,0.0535
4530,Ducula poliocephala,unknown,5.2477,0.0556
4531,Ducula radiata,unknown,5.5868,0.0575
4532,Ducula rosacea,unknown,4.8634,0.0529
4533,Ducula rubricera,unknown,6.0864,0.0601
4534,Ducula rufigaster,unknown,5.6657,0.0576
4535,Ducula spilorrhoa,unknown,5.7282,0.0598
4536,Ducula subflavescens,unknown,5.2063,0.0552
4537,Ducula whartoni,unknown,5.1776,0.0552
4538,Ducula zoeae,unknown,5.9657,0.0578
4539,Dulus dominicus,unknown,4.8514,0.0498
4540,Dumetella carolinensis,unknown,5.8584,0.0648
4541,Dumetia hyperythra,unknown,5.332,0.0558
4542,Dysithamnus leucostictus,female,6.026,NA
4543,Dysithamnus leucostictus,male,4.8643,0.0475
4544,Dysithamnus leucostictus,unknown,6.4134,0.0686
4545,Dysithamnus mentalis,male,5.3273,0.0536
4546,Dysithamnus mentalis,unknown,5.7521,0.0662
4547,Dysithamnus occidentalis,female,5.1359,0.0565
4548,Dysithamnus occidentalis,male,5.3586,0.0391
4549,Dysithamnus occidentalis,unknown,5.5776,0.0528
4550,Dysithamnus plumbeus,male,5.4948,0.0562
4551,Dysithamnus plumbeus,unknown,5.7148,0.0956
4552,Dysithamnus puncticeps,female,5.5178,0.0372
4553,Dysithamnus puncticeps,male,4.9988,0.0583
4554,Dysithamnus puncticeps,unknown,5.5077,0.0689
4555,Dysithamnus stictothorax,male,5.291,0.0568
4556,Dysithamnus stictothorax,unknown,5.8582,0.0732
4557,Dysithamnus striaticeps,male,5.7648,0.0529
4558,Dysithamnus striaticeps,unknown,5.6286,0.0489
4559,Dysithamnus xanthopterus,unknown,5.7852,0.0544
4560,Eclectus roratus,female,7.159,0.0827
4561,Eclectus roratus,male,7.12,NA
4562,Eclectus roratus,unknown,7.2452,0.079
4563,Edolisoma admiralitatis,unknown,4.9237,0.0521
4564,Edolisoma ceramense,unknown,5.2107,0.0538
4565,Edolisoma dispar,female,4.3663,0.073
4566,Edolisoma dispar,male,4.8748,0.036
4567,Edolisoma dispar,unknown,5.1935,0.0572
4568,Edolisoma dohertyi,female,5.0976,0.0226
4569,Edolisoma dohertyi,male,5.2715,0.0476
4570,Edolisoma dohertyi,unknown,5.3947,0.0615
4571,Edolisoma holopolium,unknown,5.5279,0.0501
4572,Edolisoma incertum,female,5.1211,0.0538
4573,Edolisoma incertum,male,5.1443,0.0804
4574,Edolisoma incertum,unknown,5.2882,0.0664
4575,Edolisoma melas,female,5.2187,0.0409
4576,Edolisoma melas,male,5.394,NA
4577,Edolisoma melas,unknown,4.9194,0.0425
4578,Edolisoma mindanense,unknown,5.0773,0.0573
4579,Edolisoma montanum,unknown,5.3969,0.0541
4580,Edolisoma morio,female,5.4905,0.007
4581,Edolisoma morio,male,5.7748,0.036
4582,Edolisoma morio,unknown,5.4442,0.0549
4583,Edolisoma salomonis,female,5.1549,0.0382
4584,Edolisoma salomonis,male,4.3873,0.0977
4585,Edolisoma salomonis,unknown,5.5762,0.0436
4586,Edolisoma schisticeps,female,5.7064,0.0505
4587,Edolisoma schisticeps,male,6.3151,0.0406
4588,Edolisoma schisticeps,unknown,5.0456,0.0601
4589,Edolisoma sula,unknown,5.0529,0.0487
4590,Edolisoma tenuirostre,male,4.9351,0.0472
4591,Edolisoma tenuirostre,unknown,5.5726,0.0645
4592,Egretta ardesiaca,unknown,6.3532,0.0633
4593,Egretta caerulea,unknown,5.996,0.043
4594,Egretta eulophotes,unknown,6.1705,0.0603
4595,Egretta garzetta,unknown,6.312,0.0724
4596,Egretta gularis,unknown,5.7701,0.0627
4597,Egretta novaehollandiae,unknown,5.6619,0.0588
4598,Egretta picata,unknown,5.9422,0.0624
4599,Egretta rufescens,unknown,5.8411,0.0451
4600,Egretta sacra,unknown,5.96,0.0559
4601,Egretta thula,unknown,6.4641,0.0714
4602,Egretta tricolor,unknown,5.8948,0.0599
4603,Egretta vinaceigula,unknown,5.8336,0.0567
4604,Elachura formosa,unknown,5.5649,0.0688
4605,Elaenia albiceps,unknown,5.7284,0.0523
4606,Elaenia brachyptera,unknown,5.3317,0.0594
4607,Elaenia chiriquensis,unknown,5.7319,0.0483
4608,Elaenia cristata,unknown,5.532,0.0482
4609,Elaenia dayi,unknown,4.5492,0.0704
4610,Elaenia fallax,unknown,5.7999,0.0532
4611,Elaenia flavogaster,unknown,5.4045,0.0572
4612,Elaenia frantzii,unknown,5.4612,0.0501
4613,Elaenia gigas,unknown,5.4424,0.0607
4614,Elaenia martinica,unknown,4.7235,0.0726
4615,Elaenia mesoleuca,unknown,5.2483,0.0689
4616,Elaenia obscura,unknown,5.8128,0.063
4617,Elaenia olivina,unknown,4.6432,0.0614
4618,Elaenia pallatangae,unknown,5.2266,0.0558
4619,Elaenia parvirostris,unknown,5.6096,0.047
4620,Elaenia pelzelni,unknown,5.2307,0.0451
4621,Elaenia ridleyana,unknown,4.7878,0.0583
4622,Elaenia ruficeps,unknown,5.5646,0.0516
4623,Elaenia sordida,unknown,5.3659,0.0688
4624,Elaenia spectabilis,unknown,5.3361,0.0437
4625,Elaenia strepera,unknown,5.0428,0.0753
4626,Elanoides forficatus,unknown,6.8828,0.0912
4627,Elanus axillaris,unknown,6.5355,0.0855
4628,Elanus caeruleus,unknown,6.9616,0.0973
4629,Elanus leucurus,unknown,7.3706,0.1052
4630,Elanus scriptus,unknown,6.7734,0.0657
4631,Elaphrornis palliseri,male,5.2332,0.0227
4632,Elaphrornis palliseri,unknown,5.1226,0.0619
4633,Electron carinatum,unknown,6.8891,0.0665
4634,Electron platyrhynchum,unknown,7.5745,0.1125
4635,Eleoscytalopus indigoticus,male,5.3186,0.0727
4636,Eleoscytalopus indigoticus,unknown,6.0748,0.0699
4637,Eleoscytalopus psychopompus,unknown,5.3164,0.0549
4638,Eleothreptus anomalus,male,5.3824,0.0429
4639,Eleothreptus anomalus,unknown,6.2789,0.0683
4640,Eleothreptus candicans,male,5.6991,0.0452
4641,Eleothreptus candicans,unknown,6.0143,0.0488
4642,Elminia albicauda,unknown,7.07,0.0891
4643,Elminia albiventris,unknown,6.3249,0.0724
4644,Elminia albonotata,male,5.647,0.04
4645,Elminia albonotata,unknown,6.0463,0.0557
4646,Elminia longicauda,unknown,6.8843,0.087
4647,Elminia nigromitrata,unknown,6.0668,0.0552
4648,Elseyornis melanops,unknown,6.6355,0.0623
4649,Elvira chionura,female,7.418,0.0806
4650,Elvira chionura,male,7.4634,0.0771
4651,Elvira chionura,unknown,6.9502,0.0676
4652,Elvira cupreiceps,unknown,7.4586,0.1008
4653,Emarginata schlegelii,unknown,5.6362,0.0376
4654,Emarginata sinuata,unknown,5.0998,0.0623
4655,Emarginata tractrac,unknown,5.9435,0.0603
4656,Emberiza affinis,male,5.3837,0.0596
4657,Emberiza affinis,unknown,6.1522,0.0553
4658,Emberiza aureola,male,5.821,0.0519
4659,Emberiza aureola,unknown,6.1239,0.0552
4660,Emberiza bruniceps,female,4.857,0.0577
4661,Emberiza bruniceps,male,6.4381,0.0749
4662,Emberiza bruniceps,unknown,6.2751,0.0596
4663,Emberiza buchanani,male,5.7944,0.0383
4664,Emberiza buchanani,unknown,5.4388,0.0551
4665,Emberiza cabanisi,unknown,5.9379,0.046
4666,Emberiza caesia,male,6.2823,0.056
4667,Emberiza caesia,unknown,5.9979,0.0499
4668,Emberiza calandra,unknown,5.3738,0.0545
4669,Emberiza capensis,unknown,5.4622,0.0467
4670,Emberiza chrysophrys,male,5.9052,0.0573
4671,Emberiza chrysophrys,unknown,6.0815,0.0577
4672,Emberiza cia,male,5.369,0.0071
4673,Emberiza cia,unknown,6.2928,0.056
4674,Emberiza cineracea,male,5.4666,0.0476
4675,Emberiza cineracea,unknown,5.9611,0.0591
4676,Emberiza cioides,unknown,5.871,0.0521
4677,Emberiza cirlus,female,6.019,NA
4678,Emberiza cirlus,male,5.5021,0.0567
4679,Emberiza cirlus,unknown,5.484,0.0749
4680,Emberiza citrinella,unknown,6.1198,0.0588
4681,Emberiza elegans,male,6.5433,0.0615
4682,Emberiza elegans,unknown,5.9844,0.0699
4683,Emberiza flaviventris,male,6.491,0.0409
4684,Emberiza flaviventris,unknown,6.9901,0.0807
4685,Emberiza fucata,male,6.4768,0.1141
4686,Emberiza fucata,unknown,5.9788,0.056
4687,Emberiza godlewskii,male,6.4341,0.0496
4688,Emberiza godlewskii,unknown,5.528,0.0378
4689,Emberiza goslingi,unknown,5.6799,0.0663
4690,Emberiza hortulana,male,5.7204,0.0262
4691,Emberiza hortulana,unknown,5.8902,0.0617
4692,Emberiza impetuani,male,5.4097,0.045
4693,Emberiza impetuani,unknown,4.8613,0.0569
4694,Emberiza jankowskii,male,5.3976,0.0444
4695,Emberiza jankowskii,unknown,5.775,0.0449
4696,Emberiza koslowi,male,5.7627,0.0544
4697,Emberiza koslowi,unknown,5.5216,0.0569
4698,Emberiza lathami,female,5.0977,0.0546
4699,Emberiza lathami,male,6.3008,0.0616
4700,Emberiza lathami,unknown,6.1245,0.0646
4701,Emberiza leucocephalos,female,5.0294,0.067
4702,Emberiza leucocephalos,male,5.5151,0.0573
4703,Emberiza leucocephalos,unknown,5.7875,0.0668
4704,Emberiza melanocephala,male,5.991,0.0467
4705,Emberiza melanocephala,unknown,5.8929,0.0587
4706,Emberiza pallasi,male,5.9145,0.0419
4707,Emberiza pallasi,unknown,5.554,0.0598
4708,Emberiza poliopleura,unknown,6.1779,0.0651
4709,Emberiza pusilla,male,6.233,0.0433
4710,Emberiza pusilla,unknown,5.6144,0.0682
4711,Emberiza rustica,unknown,5.5163,0.0594
4712,Emberiza rutila,male,5.0467,0.0684
4713,Emberiza rutila,unknown,5.2602,0.0504
4714,Emberiza sahari,male,4.9694,0.0393
4715,Emberiza sahari,unknown,5.2016,0.0621
4716,Emberiza schoeniclus,male,6.3737,0.0655
4717,Emberiza schoeniclus,unknown,5.9911,0.068
4718,Emberiza siemsseni,male,5.5822,0.0608
4719,Emberiza siemsseni,unknown,5.6946,0.0635
4720,Emberiza socotrana,unknown,5.699,0.0582
4721,Emberiza spodocephala,male,5.8545,0.0456
4722,Emberiza spodocephala,unknown,5.5665,0.0452
4723,Emberiza stewarti,female,5.7935,0.0195
4724,Emberiza stewarti,male,5.6118,0.1095
4725,Emberiza stewarti,unknown,5.6966,0.0585
4726,Emberiza striolata,female,5.564,0.0768
4727,Emberiza striolata,male,4.8887,0.0829
4728,Emberiza striolata,unknown,4.7945,0.0556
4729,Emberiza sulphurata,female,5.25,0.0403
4730,Emberiza sulphurata,male,5.7173,0.0654
4731,Emberiza sulphurata,unknown,5.1665,0.0655
4732,Emberiza tahapisi,unknown,5.5935,0.068
4733,Emberiza tristrami,male,5.4963,0.0146
4734,Emberiza tristrami,unknown,5.4633,0.0535
4735,Emberiza variabilis,female,5.614,0.1299
4736,Emberiza variabilis,unknown,5.163,0.0589
4737,Emberiza vincenti,unknown,4.8381,0.059
4738,Emberiza yessoensis,male,6.1058,0.0653
4739,Emberiza yessoensis,unknown,5.5122,0.0458
4740,Emberizoides herbicola,unknown,5.3296,0.0526
4741,Emberizoides ypiranganus,unknown,5.6796,0.055
4742,Embernagra longicauda,male,5.6359,0.0436
4743,Embernagra longicauda,unknown,5.6707,0.0454
4744,Embernagra platensis,unknown,5.3209,0.0639
4745,Emblema pictum,female,5.9384,0.0663
4746,Emblema pictum,unknown,7.3871,0.0758
4747,Eminia lepida,unknown,5.3844,0.0539
4748,Empidonax affinis,unknown,4.845,0.0549
4749,Empidonax albigularis,unknown,5.2195,0.0522
4750,Empidonax alnorum,male,5.2166,0.0616
4751,Empidonax alnorum,unknown,5.5957,0.06
4752,Empidonax atriceps,unknown,5.7229,0.0556
4753,Empidonax difficilis,unknown,6.0033,0.0579
4754,Empidonax flavescens,unknown,6.3023,0.0563
4755,Empidonax flaviventris,unknown,5.8762,0.0584
4756,Empidonax fulvifrons,unknown,5.663,0.064
4757,Empidonax hammondii,unknown,5.6569,0.0685
4758,Empidonax minimus,unknown,5.6981,0.0453
4759,Empidonax oberholseri,unknown,5.1797,0.0612
4760,Empidonax occidentalis,unknown,5.6081,0.061
4761,Empidonax traillii,unknown,5.8781,0.0549
4762,Empidonax virescens,unknown,5.5304,0.056
4763,Empidonax wrightii,unknown,5.5856,0.0562
4764,Empidonomus aurantioatrocristatus,unknown,5.209,0.053
4765,Empidonomus varius,unknown,5.432,0.0591
4766,Enicognathus ferrugineus,unknown,6.9343,0.0672
4767,Enicognathus leptorhynchus,unknown,6.6237,0.0756
4768,Enicurus immaculatus,unknown,6.0975,0.0625
4769,Enicurus leschenaulti,unknown,6.5037,0.074
4770,Enicurus maculatus,unknown,6.7626,0.0799
4771,Enicurus ruficapillus,female,6.9766,0.0341
4772,Enicurus ruficapillus,unknown,6.2209,0.0602
4773,Enicurus schistaceus,unknown,6.1955,0.0553
4774,Enicurus scouleri,unknown,6.1546,0.0581
4775,Enicurus velatus,unknown,6.0517,0.0541
4776,Enodes erythrophris,unknown,6.6227,0.0696
4777,Ensifera ensifera,male,6.5246,0.0817
4778,Ensifera ensifera,unknown,7.2131,0.0841
4779,Entomodestes coracinus,unknown,5.2814,0.0527
4780,Entomodestes leucotis,unknown,5.7825,0.0586
4781,Entomyzon cyanotis,unknown,5.7297,0.0531
4782,Eolophus roseicapilla,female,6.9965,0.0308
4783,Eolophus roseicapilla,male,6.7276,0.0394
4784,Eolophus roseicapilla,unknown,6.2431,0.0958
4785,Eophona migratoria,female,5.8712,0.0405
4786,Eophona migratoria,male,5.6771,0.0585
4787,Eophona migratoria,unknown,5.6882,0.0552
4788,Eophona personata,male,6.4421,0.0636
4789,Eophona personata,unknown,6.1725,0.0676
4790,Eopsaltria australis,unknown,6.5214,0.0759
4791,Eopsaltria flaviventris,unknown,6.3125,0.0676
4792,Eopsaltria georgiana,unknown,6.0422,0.0577
4793,Eopsaltria griseogularis,unknown,6.516,0.0589
4794,Eopsaltria pulverulenta,unknown,6.1347,0.0583
4795,Eos bornea,unknown,7.0285,0.0988
4796,Eos cyanogenia,unknown,6.9299,0.0975
4797,Eos histrio,unknown,6.6581,0.0774
4798,Eos reticulata,unknown,6.5509,0.0628
4799,Eos semilarvata,unknown,5.6448,0.0563
4800,Eos squamata,unknown,6.589,0.0654
4801,Ephippiorhynchus asiaticus,female,6.256,0.0692
4802,Ephippiorhynchus asiaticus,male,5.7226,0.0468
4803,Ephippiorhynchus asiaticus,unknown,5.8826,0.053
4804,Ephippiorhynchus senegalensis,female,6.104,0.0477
4805,Ephippiorhynchus senegalensis,unknown,6.1267,0.0539
4806,Epimachus fastosus,male,6.01,0.0621
4807,Epimachus fastosus,unknown,6.7062,0.1
4808,Epimachus meyeri,male,6.6855,0.075
4809,Epimachus meyeri,unknown,6.7045,0.0726
4810,Epinecrophylla amazonica,unknown,5.2733,0.0477
4811,Epinecrophylla erythrura,female,4.7619,0.05
4812,Epinecrophylla erythrura,male,4.9322,0.0852
4813,Epinecrophylla erythrura,unknown,5.5344,0.0507
4814,Epinecrophylla fulviventris,male,5.2761,0.0408
4815,Epinecrophylla fulviventris,unknown,5.0359,0.0654
4816,Epinecrophylla gutturalis,male,5.3657,0.0555
4817,Epinecrophylla gutturalis,unknown,5.102,0.0485
4818,Epinecrophylla haematonota,female,5.678,NA
4819,Epinecrophylla haematonota,male,5.532,0.0522
4820,Epinecrophylla haematonota,unknown,5.0588,0.0581
4821,Epinecrophylla leucophthalma,unknown,5.411,0.0535
4822,Epinecrophylla ornata,female,5.5785,0.0642
4823,Epinecrophylla ornata,male,4.703,0.0725
4824,Epinecrophylla ornata,unknown,5.5889,0.0775
4825,Epinecrophylla spodionota,female,5.044,0.0443
4826,Epinecrophylla spodionota,male,5.3066,0.0397
4827,Epinecrophylla spodionota,unknown,4.8912,0.045
4828,Epthianura albifrons,female,5.7964,0.0295
4829,Epthianura albifrons,male,6.2372,0.0593
4830,Epthianura albifrons,unknown,6.1402,0.0751
4831,Epthianura aurifrons,male,5.5785,0.0357
4832,Epthianura aurifrons,unknown,6.5572,0.0543
4833,Epthianura crocea,unknown,6.7432,0.0715
4834,Epthianura tricolor,male,6.715,0.0566
4835,Epthianura tricolor,unknown,6.902,0.082
4836,Eremalauda dunni,unknown,4.7731,0.0637
4837,Eremomela atricollis,unknown,6.1921,0.0505
4838,Eremomela badiceps,unknown,6.046,0.0576
4839,Eremomela canescens,unknown,5.5569,0.0608
4840,Eremomela flavicrissalis,unknown,5.0124,0.0583
4841,Eremomela gregalis,unknown,4.9538,0.0506
4842,Eremomela icteropygialis,unknown,5.2716,0.0517
4843,Eremomela pusilla,unknown,5.7907,0.0569
4844,Eremomela salvadorii,unknown,5.1415,0.0618
4845,Eremomela scotops,unknown,6.0103,0.0524
4846,Eremomela turneri,unknown,4.9045,0.0601
4847,Eremomela usticollis,unknown,5.4427,0.0511
4848,Eremophila alpestris,unknown,5.609,0.0599
4849,Eremophila bilopha,unknown,5.9816,0.0548
4850,Eremopterix australis,female,4.8548,0.0496
4851,Eremopterix australis,male,5.0799,0.0483
4852,Eremopterix australis,unknown,5.3948,0.0556
4853,Eremopterix griseus,female,5.2052,0.0531
4854,Eremopterix griseus,male,5.6341,0.0468
4855,Eremopterix griseus,unknown,5.4046,0.0569
4856,Eremopterix hova,unknown,4.6659,0.0721
4857,Eremopterix leucopareia,female,4.892,0.0439
4858,Eremopterix leucopareia,male,5.1978,0.0618
4859,Eremopterix leucopareia,unknown,4.7131,0.0697
4860,Eremopterix leucotis,female,4.6234,0.0608
4861,Eremopterix leucotis,unknown,5.6462,0.0565
4862,Eremopterix nigriceps,female,5.0525,0.0678
4863,Eremopterix nigriceps,unknown,5.3737,0.0602
4864,Eremopterix signatus,male,5.1789,0.059
4865,Eremopterix signatus,unknown,5.219,0.0599
4866,Eremopterix verticalis,female,5.114,0.0772
4867,Eremopterix verticalis,male,5.3003,0.0645
4868,Eremopterix verticalis,unknown,5.0212,0.0573
4869,Eriocnemis aline,male,6.9023,0.0499
4870,Eriocnemis aline,unknown,7.1297,0.0679
4871,Eriocnemis cupreoventris,male,7.253,0.062
4872,Eriocnemis cupreoventris,unknown,7.6968,0.115
4873,Eriocnemis derbyi,unknown,7.2435,0.1033
4874,Eriocnemis glaucopoides,female,7.1813,0.0655
4875,Eriocnemis glaucopoides,male,7.1932,0.1022
4876,Eriocnemis glaucopoides,unknown,7.1879,0.1623
4877,Eriocnemis isabellae,male,6.7218,0.071
4878,Eriocnemis isabellae,unknown,6.5502,0.0452
4879,Eriocnemis luciani,male,6.9943,0.0931
4880,Eriocnemis luciani,unknown,7.5883,0.1033
4881,Eriocnemis mirabilis,unknown,7.1719,0.0918
4882,Eriocnemis mosquera,unknown,7.4931,0.0994
4883,Eriocnemis nigrivestis,male,6.6953,0.1008
4884,Eriocnemis nigrivestis,unknown,6.4152,0.0606
4885,Eriocnemis vestita,female,6.8052,0.0775
4886,Eriocnemis vestita,male,7.2961,0.1161
4887,Eriocnemis vestita,unknown,7.4663,0.0975
4888,Erithacus rubecula,unknown,6.5103,0.0682
4889,Erpornis zantholeuca,unknown,5.6742,0.0519
4890,Erythrocercus holochlorus,unknown,6.2036,0.0741
4891,Erythrocercus livingstonei,unknown,6.1836,0.0715
4892,Erythrocercus mccallii,unknown,5.7067,0.0665
4893,Erythrogonys cinctus,unknown,6.222,0.0683
4894,Erythropitta arquata,unknown,7.1008,0.0881
4895,Erythropitta caeruleitorques,unknown,7.3714,0.1443
4896,Erythropitta celebensis,unknown,6.8963,0.0793
4897,Erythropitta dohertyi,unknown,6.7188,0.0913
4898,Erythropitta erythrogaster,unknown,7.0438,0.083
4899,Erythropitta gazellae,unknown,5.2227,0.0503
4900,Erythropitta granatina,male,7.8951,0.1452
4901,Erythropitta granatina,unknown,7.0137,0.08
4902,Erythropitta kochi,unknown,6.745,0.0729
4903,Erythropitta macklotii,male,6.405,0.0419
4904,Erythropitta macklotii,unknown,6.7568,0.0747
4905,Erythropitta palliceps,unknown,6.4897,0.0622
4906,Erythropitta rubrinucha,male,7.3403,0.0776
4907,Erythropitta rubrinucha,unknown,7.014,0.0924
4908,Erythropitta rufiventris,male,7.2913,0.0743
4909,Erythropitta rufiventris,unknown,6.8708,0.091
4910,Erythropitta splendida,unknown,6.0427,0.0592
4911,Erythropitta ussheri,unknown,7.1568,0.0766
4912,Erythropitta venusta,unknown,7.0509,0.1066
4913,Erythrotriorchis buergersi,unknown,6.1994,0.0604
4914,Erythrotriorchis radiatus,female,6.305,0.0716
4915,Erythrotriorchis radiatus,unknown,6.2839,0.0834
4916,Erythrura coloria,unknown,7.1229,0.0894
4917,Erythrura cyaneovirens,unknown,6.3468,0.0941
4918,Erythrura gouldiae,unknown,6.7935,0.0801
4919,Erythrura hyperythra,male,6.7274,0.0806
4920,Erythrura hyperythra,unknown,6.5387,0.0813
4921,Erythrura kleinschmidti,unknown,5.333,0.045
4922,Erythrura papuana,unknown,6.4195,0.0749
4923,Erythrura pealii,unknown,7.3001,0.089
4924,Erythrura prasina,female,6.4734,0.0611
4925,Erythrura prasina,unknown,7.218,0.1445
4926,Erythrura psittacea,unknown,6.9427,0.1125
4927,Erythrura regia,unknown,5.7722,0.0548
4928,Erythrura trichroa,unknown,6.9533,0.1182
4929,Erythrura tricolor,female,6.1612,0.0577
4930,Erythrura tricolor,unknown,6.8298,0.0919
4931,Erythrura viridifacies,unknown,6.6063,0.0598
4932,Esacus magnirostris,unknown,5.6521,0.0638
4933,Esacus recurvirostris,unknown,5.3558,0.0569
4934,Estrilda astrild,unknown,6.8431,0.0907
4935,Estrilda atricapilla,unknown,6.7247,0.0807
4936,Estrilda charmosyna,male,5.9363,0.0512
4937,Estrilda charmosyna,unknown,6.4336,0.1032
4938,Estrilda coerulescens,male,6.351,0.0424
4939,Estrilda coerulescens,unknown,6.8442,0.0775
4940,Estrilda erythronotos,unknown,6.537,0.0796
4941,Estrilda kandti,unknown,6.4876,0.0758
4942,Estrilda melpoda,unknown,6.4329,0.0785
4943,Estrilda nonnula,unknown,7.2618,0.0929
4944,Estrilda paludicola,unknown,6.4694,0.0759
4945,Estrilda perreini,unknown,6.5917,0.0609
4946,Estrilda rhodopyga,unknown,6.6072,0.0548
4947,Estrilda rufibarba,unknown,5.9408,0.0524
4948,Estrilda thomensis,male,6.0096,0.0739
4949,Estrilda thomensis,unknown,6.7393,0.0664
4950,Estrilda troglodytes,unknown,6.5835,0.0709
4951,Eubucco bourcierii,female,6.8969,0.0715
4952,Eubucco bourcierii,male,6.9533,0.0559
4953,Eubucco bourcierii,unknown,6.815,0.0664
4954,Eubucco richardsoni,female,6.421,NA
4955,Eubucco richardsoni,male,6.8412,0.0911
4956,Eubucco richardsoni,unknown,7.0811,0.083
4957,Eubucco tucinkae,female,6.7857,0.0727
4958,Eubucco tucinkae,unknown,6.4071,0.1175
4959,Eubucco versicolor,male,7.5389,0.0621
4960,Eubucco versicolor,unknown,6.8315,0.0698
4961,Euchrepomis callinota,male,5.0305,0.0482
4962,Euchrepomis callinota,unknown,6.1974,0.0606
4963,Euchrepomis humeralis,unknown,4.8028,0.0513
4964,Euchrepomis sharpei,male,5.7993,0.0572
4965,Euchrepomis sharpei,unknown,5.639,0.047
4966,Euchrepomis spodioptila,unknown,5.3264,0.0622
4967,Eucometis penicillata,unknown,6.4532,0.0762
4968,Eudocimus albus,unknown,4.6493,0.0577
4969,Eudocimus ruber,unknown,5.752,0.0588
4970,Eudromia elegans,unknown,5.6319,0.0621
4971,Eudromia formosa,unknown,4.9343,0.0671
4972,Eudynamys melanorhynchus,unknown,4.6338,0.045
4973,Eudynamys orientalis,female,5.889,0.033
4974,Eudynamys orientalis,male,6.014,0.0427
4975,Eudynamys orientalis,unknown,5.1544,0.0537
4976,Eudynamys scolopaceus,female,5.3216,0.0757
4977,Eudynamys scolopaceus,male,5.805,NA
4978,Eudynamys scolopaceus,unknown,5.4215,0.0531
4979,Eudyptes chrysocome,unknown,6.702,0.0826
4980,Eudyptes chrysolophus,unknown,6.8892,0.0898
4981,Eudyptes moseleyi,unknown,6.7264,0.0802
4982,Eudyptes pachyrhynchus,unknown,6.4191,0.0603
4983,Eudyptes robustus,unknown,6.8836,0.0828
4984,Eudyptes schlegeli,unknown,6.4825,0.0718
4985,Eudyptes sclateri,unknown,6.628,0.0635
4986,Eudyptula minor,unknown,6.6995,0.0766
4987,Eugenes fulgens,male,6.8211,0.0689
4988,Eugenes fulgens,unknown,7.1766,0.0958
4989,Eugenes spectabilis,unknown,7.1647,0.0973
4990,Eugerygone rubra,unknown,5.7613,0.0586
4991,Eugralla paradoxa,unknown,5.6646,0.0572
4992,Eulacestoma nigropectus,female,6.0237,0.0488
4993,Eulacestoma nigropectus,male,5.838,NA
4994,Eulacestoma nigropectus,unknown,5.5425,0.0555
4995,Eulampis holosericeus,male,6.9007,0.091
4996,Eulampis holosericeus,unknown,7.6623,0.1342
4997,Eulampis jugularis,unknown,7.4536,0.1193
4998,Eulidia yarrellii,male,7.2097,0.0968
4999,Eulidia yarrellii,unknown,6.8222,0.0584
5000,Eulipoa wallacei,unknown,5.5204,0.0585
5001,Eumomota superciliosa,unknown,7.8791,0.1387
5002,Eumyias additus,unknown,5.1569,0.0582
5003,Eumyias albicaudatus,male,6.8763,0.0458
5004,Eumyias albicaudatus,unknown,7.243,0.0897
5005,Eumyias indigo,male,6.6438,0.0933
5006,Eumyias indigo,unknown,6.897,0.0905
5007,Eumyias panayensis,male,6.5487,0.1177
5008,Eumyias panayensis,unknown,7.3551,0.0941
5009,Eumyias sordidus,male,6.673,0.0373
5010,Eumyias sordidus,unknown,6.143,0.0731
5011,Eumyias thalassinus,female,6.4705,0.0264
5012,Eumyias thalassinus,male,5.792,0.0111
5013,Eumyias thalassinus,unknown,7.0756,0.0929
5014,Euneornis campestris,male,6.7525,0.1037
5015,Euneornis campestris,unknown,6.5482,0.0817
5016,Eunymphicus cornutus,male,7.3564,0.0611
5017,Eunymphicus cornutus,unknown,7.0877,0.0976
5018,Eunymphicus uvaeensis,male,7.1168,0.0794
5019,Eunymphicus uvaeensis,unknown,7.1292,0.0919
5020,Euodice cantans,unknown,5.5559,0.0557
5021,Euodice malabarica,unknown,5.6465,0.0521
5022,Eupetes macrocerus,unknown,6.8911,0.0765
5023,Eupetomena macroura,unknown,7.4299,0.0816
5024,Euphagus carolinus,female,5.5626,0.0531
5025,Euphagus carolinus,unknown,5.2322,0.0575
5026,Euphagus cyanocephalus,male,6.234,0.0437
5027,Euphagus cyanocephalus,unknown,5.2043,0.0539
5028,Eupherusa cyanophrys,male,7.639,0.1132
5029,Eupherusa cyanophrys,unknown,7.0321,0.0924
5030,Eupherusa eximia,unknown,7.4035,0.1045
5031,Eupherusa nigriventris,male,7.0711,0.0833
5032,Eupherusa nigriventris,unknown,6.8896,0.0689
5033,Eupherusa poliocerca,unknown,7.0887,0.0911
5034,Euphonia affinis,female,5.7236,0.0543
5035,Euphonia affinis,male,5.8345,0.0403
5036,Euphonia affinis,unknown,6.2746,0.0949
5037,Euphonia anneae,female,5.9744,0.0217
5038,Euphonia anneae,male,6.1233,0.0655
5039,Euphonia anneae,unknown,6.6139,0.0593
5040,Euphonia cayennensis,male,6.2411,0.0397
5041,Euphonia cayennensis,unknown,6.3135,0.0635
5042,Euphonia chalybea,male,6.4482,0.0694
5043,Euphonia chalybea,unknown,7.2426,0.0894
5044,Euphonia chlorotica,male,6.1321,0.0613
5045,Euphonia chlorotica,unknown,6.8131,0.0735
5046,Euphonia chrysopasta,female,5.5773,0.0212
5047,Euphonia chrysopasta,male,6.179,0.0695
5048,Euphonia chrysopasta,unknown,5.6204,0.0575
5049,Euphonia concinna,male,6.0257,0.0596
5050,Euphonia concinna,unknown,6.8682,0.081
5051,Euphonia cyanocephala,female,5.7489,0.0549
5052,Euphonia cyanocephala,male,6.5243,0.049
5053,Euphonia cyanocephala,unknown,6.9522,0.0997
5054,Euphonia elegantissima,female,6.0401,0.0491
5055,Euphonia elegantissima,male,6.1913,0.0516
5056,Euphonia elegantissima,unknown,7.116,0.0934
5057,Euphonia finschi,male,6.4902,0.0645
5058,Euphonia finschi,unknown,5.8686,0.0487
5059,Euphonia fulvicrissa,female,6.1196,0.0588
5060,Euphonia fulvicrissa,male,6.6067,0.0799
5061,Euphonia fulvicrissa,unknown,5.9913,0.0563
5062,Euphonia gouldi,male,6.471,0.037
5063,Euphonia gouldi,unknown,6.2478,0.0719
5064,Euphonia hirundinacea,unknown,6.3049,0.0709
5065,Euphonia imitans,unknown,6.657,0.0606
5066,Euphonia jamaica,male,6.0857,0.0738
5067,Euphonia jamaica,unknown,5.6856,0.0503
5068,Euphonia laniirostris,male,6.6348,0.0551
5069,Euphonia laniirostris,unknown,6.4508,0.0564
5070,Euphonia luteicapilla,male,7.2262,0.0511
5071,Euphonia luteicapilla,unknown,6.5346,0.0774
5072,Euphonia mesochrysa,male,6.7014,0.0942
5073,Euphonia mesochrysa,unknown,5.6264,0.048
5074,Euphonia minuta,unknown,6.7034,0.0678
5075,Euphonia musica,unknown,7.2963,0.0848
5076,Euphonia pectoralis,female,5.8509,0.0939
5077,Euphonia pectoralis,male,6.3213,0.0419
5078,Euphonia pectoralis,unknown,7.0841,0.0691
5079,Euphonia plumbea,male,5.358,0.0185
5080,Euphonia plumbea,unknown,5.6902,0.0567
5081,Euphonia rufiventris,male,6.4701,0.046
5082,Euphonia rufiventris,unknown,6.4802,0.0675
5083,Euphonia saturata,female,6.0843,0.0979
5084,Euphonia saturata,male,6.4153,0.0595
5085,Euphonia saturata,unknown,6.9035,0.1364
5086,Euphonia trinitatis,male,6.3685,0.06
5087,Euphonia trinitatis,unknown,6.4166,0.0943
5088,Euphonia violacea,female,6.6633,0.0974
5089,Euphonia violacea,unknown,6.8779,0.0919
5090,Euphonia xanthogaster,female,5.5659,0.0525
5091,Euphonia xanthogaster,male,7.2386,0.0759
5092,Euphonia xanthogaster,unknown,6.3024,0.0696
5093,Euplectes afer,female,5.5255,0.0754
5094,Euplectes afer,unknown,6.6359,0.0752
5095,Euplectes albonotatus,male,6.279,0.0703
5096,Euplectes albonotatus,unknown,4.856,0.0707
5097,Euplectes ardens,male,6.4197,0.043
5098,Euplectes ardens,unknown,7.2599,0.0745
5099,Euplectes aureus,unknown,5.7319,0.0573
5100,Euplectes axillaris,male,5.3086,0.0495
5101,Euplectes axillaris,unknown,6.3188,0.0674
5102,Euplectes capensis,male,7.029,0.0771
5103,Euplectes capensis,unknown,6.1048,0.0658
5104,Euplectes diadematus,male,6.0696,0.0819
5105,Euplectes diadematus,unknown,6.4838,0.0781
5106,Euplectes franciscanus,male,5.9072,0.0689
5107,Euplectes franciscanus,unknown,6.8701,0.0789
5108,Euplectes gierowii,male,6.3923,0.064
5109,Euplectes gierowii,unknown,6.0155,0.0659
5110,Euplectes hartlaubi,male,5.7597,0.0756
5111,Euplectes hartlaubi,unknown,5.7964,0.0576
5112,Euplectes hordeaceus,male,5.6177,0.0325
5113,Euplectes hordeaceus,unknown,6.7645,0.0693
5114,Euplectes jacksoni,unknown,6.3999,0.0764
5115,Euplectes macroura,male,5.3797,0.0184
5116,Euplectes macroura,unknown,6.0905,0.057
5117,Euplectes nigroventris,unknown,6.6682,0.0735
5118,Euplectes orix,female,5.4393,0.0436
5119,Euplectes orix,male,6.2626,0.0619
5120,Euplectes orix,unknown,6.8584,0.0863
5121,Euplectes progne,male,6.7252,0.0797
5122,Euplectes progne,unknown,6.3903,0.054
5123,Euplectes psammacromius,unknown,6.076,0.0615
5124,Eupodotis afra,male,5.8104,0.0431
5125,Eupodotis afra,unknown,6.0695,0.0551
5126,Eupodotis afraoides,male,5.0193,0.0634
5127,Eupodotis afraoides,unknown,6.0163,0.0548
5128,Eupodotis caerulescens,unknown,5.5398,0.0654
5129,Eupodotis gindiana,female,5.253,0.0575
5130,Eupodotis gindiana,unknown,5.4947,0.0597
5131,Eupodotis humilis,male,5.2337,0.0547
5132,Eupodotis humilis,unknown,5.5454,0.042
5133,Eupodotis rueppelii,unknown,4.7584,0.0644
5134,Eupodotis ruficrista,male,5.7296,0.0559
5135,Eupodotis ruficrista,unknown,5.5116,0.0529
5136,Eupodotis savilei,male,5.908,NA
5137,Eupodotis savilei,unknown,5.1468,0.0616
5138,Eupodotis senegalensis,male,5.349,NA
5139,Eupodotis senegalensis,unknown,5.6638,0.054
5140,Eupodotis vigorsii,unknown,5.032,0.0551
5141,Eupsittula aurea,female,6.408,0.0097
5142,Eupsittula aurea,unknown,6.9904,0.1342
5143,Eupsittula cactorum,female,6.6868,0.0808
5144,Eupsittula cactorum,unknown,6.9743,0.0993
5145,Eupsittula canicularis,unknown,6.8522,0.0673
5146,Eupsittula nana,unknown,6.4709,0.0636
5147,Eupsittula pertinax,unknown,6.6309,0.0619
5148,Euptilotis neoxenus,male,7.3198,0.0824
5149,Euptilotis neoxenus,unknown,7.0956,0.1182
5150,Eurillas ansorgei,unknown,5.5294,0.0549
5151,Eurillas curvirostris,unknown,5.1503,0.0481
5152,Eurillas gracilis,unknown,5.1055,0.0582
5153,Eurillas latirostris,unknown,4.9147,0.0616
5154,Eurillas virens,unknown,5.0459,0.0506
5155,Eurocephalus anguitimens,unknown,6.1619,0.0675
5156,Eurocephalus ruppelli,unknown,6.6336,0.0949
5157,Eurostopodus archboldi,unknown,4.7752,0.0735
5158,Eurostopodus argus,unknown,5.4701,0.0494
5159,Eurostopodus diabolicus,unknown,6.2627,0.0638
5160,Eurostopodus mystacalis,unknown,4.6352,0.0668
5161,Eurostopodus nigripennis,unknown,5.1205,0.0676
5162,Eurostopodus papuensis,unknown,5.5103,0.0502
5163,Euryceros prevostii,unknown,6.8621,0.0732
5164,Eurylaimus javanicus,female,7.1196,0.0775
5165,Eurylaimus javanicus,male,7.165,NA
5166,Eurylaimus javanicus,unknown,7.3356,0.0965
5167,Eurylaimus ochromalus,female,7.4809,0.0728
5168,Eurylaimus ochromalus,male,7.1644,0.0949
5169,Eurylaimus ochromalus,unknown,7.4497,0.0948
5170,Eurylaimus samarensis,female,6.2866,0.0751
5171,Eurylaimus samarensis,male,6.9536,0.1044
5172,Eurylaimus samarensis,unknown,6.5188,0.0664
5173,Eurylaimus steerii,female,7.5646,0.1004
5174,Eurylaimus steerii,unknown,7.3487,0.0957
5175,Euryptila subcinnamomea,unknown,5.0699,0.0505
5176,Eurypyga helias,unknown,6.8973,0.0809
5177,Eurystomus azureus,unknown,6.7064,0.0807
5178,Eurystomus glaucurus,unknown,6.5318,0.0832
5179,Eurystomus gularis,unknown,6.6049,0.0687
5180,Eurystomus orientalis,unknown,6.5208,0.0895
5181,Euscarthmus meloryphus,unknown,5.8882,0.0496
5182,Euscarthmus rufomarginatus,male,6.0647,0.0523
5183,Euscarthmus rufomarginatus,unknown,6.0584,0.0455
5184,Euschistospiza cinereovinacea,unknown,6.5453,0.0667
5185,Euschistospiza dybowskii,unknown,5.8041,0.0552
5186,Eutoxeres aquila,unknown,6.6262,0.073
5187,Eutoxeres condamini,unknown,5.9777,0.052
5188,Eutrichomyias rowleyi,unknown,5.3705,0.0519
5189,Eutriorchis astur,female,5.4294,0.0406
5190,Eutriorchis astur,unknown,5.3013,0.0396
5191,Falcipennis canadensis,female,5.3748,0.0431
5192,Falcipennis canadensis,male,5.363,0.0452
5193,Falcipennis canadensis,unknown,6.5767,0.062
5194,Falcipennis falcipennis,male,6.3237,0.0431
5195,Falcipennis falcipennis,unknown,5.2245,0.0513
5196,Falco alopex,unknown,6.4049,0.0586
5197,Falco amurensis,male,6.5138,0.0555
5198,Falco amurensis,unknown,6.4113,0.0798
5199,Falco araeus,male,7.2133,0.0506
5200,Falco araeus,unknown,6.758,0.1032
5201,Falco ardosiaceus,unknown,6.5788,0.0662
5202,Falco berigora,unknown,6.064,0.0568
5203,Falco biarmicus,unknown,6.7178,0.0726
5204,Falco cenchroides,male,6.5621,0.0552
5205,Falco cenchroides,unknown,6.8579,0.078
5206,Falco cherrug,unknown,6.611,0.0754
5207,Falco chicquera,unknown,6.9294,0.0916
5208,Falco columbarius,male,7.1746,0.0665
5209,Falco columbarius,unknown,6.4464,0.0781
5210,Falco concolor,unknown,6.414,0.0704
5211,Falco cuvierii,unknown,6.2655,0.075
5212,Falco deiroleucus,female,7.0561,0.0804
5213,Falco deiroleucus,unknown,7.2204,0.0941
5214,Falco dickinsoni,unknown,6.4623,0.0661
5215,Falco eleonorae,unknown,6.4731,0.078
5216,Falco fasciinucha,unknown,6.2691,0.0658
5217,Falco femoralis,unknown,6.4561,0.0613
5218,Falco hypoleucos,unknown,6.1098,0.0587
5219,Falco jugger,female,6.4744,0.0448
5220,Falco jugger,unknown,6.2299,0.0748
5221,Falco longipennis,unknown,6.9415,0.0783
5222,Falco mexicanus,female,6.3398,0.0441
5223,Falco mexicanus,unknown,6.8467,0.0683
5224,Falco moluccensis,unknown,6.0198,0.0507
5225,Falco naumanni,female,6.481,NA
5226,Falco naumanni,male,6.3387,0.0595
5227,Falco naumanni,unknown,6.7811,0.0887
5228,Falco newtoni,unknown,6.4602,0.0676
5229,Falco novaeseelandiae,unknown,6.5249,0.0537
5230,Falco peregrinus,female,7.372,NA
5231,Falco peregrinus,unknown,7.4352,0.1074
5232,Falco punctatus,female,6.1729,0.0538
5233,Falco punctatus,unknown,6.7865,0.0815
5234,Falco rufigularis,unknown,6.9427,0.0826
5235,Falco rupicoloides,unknown,6.4721,0.0711
5236,Falco rupicolus,male,6.4748,0.0864
5237,Falco rupicolus,unknown,6.389,0.0793
5238,Falco rusticolus,female,6.593,0.0668
5239,Falco rusticolus,unknown,6.1367,0.0795
5240,Falco severus,unknown,5.9396,0.0606
5241,Falco sparverius,female,6.3663,0.0332
5242,Falco sparverius,male,6.6811,0.0836
5243,Falco sparverius,unknown,7.2282,0.1201
5244,Falco subbuteo,unknown,7.0869,0.0954
5245,Falco subniger,unknown,6.4387,0.0607
5246,Falco tinnunculus,female,6.3538,0.0719
5247,Falco tinnunculus,unknown,6.9744,0.0778
5248,Falco vespertinus,female,6.751,0.0759
5249,Falco vespertinus,unknown,6.2181,0.0753
5250,Falco zoniventris,unknown,6.6051,0.0704
5251,Falculea palliata,unknown,6.4624,0.066
5252,Falcunculus frontatus,male,6.2984,0.0696
5253,Falcunculus frontatus,unknown,6.172,0.0711
5254,Ferminia cerverai,male,5.4445,0.0659
5255,Ferminia cerverai,unknown,5.4218,0.0529
5256,Ficedula albicilla,female,5.566,0.0602
5257,Ficedula albicilla,male,6.7058,0.0971
5258,Ficedula albicilla,unknown,6.0235,0.0714
5259,Ficedula albicollis,male,6.2038,0.0416
5260,Ficedula albicollis,unknown,6.3735,0.0598
5261,Ficedula basilanica,unknown,5.2308,0.0433
5262,Ficedula bonthaina,male,5.5019,0.0299
5263,Ficedula bonthaina,unknown,6.4726,0.0699
5264,Ficedula buruensis,unknown,5.9355,0.061
5265,Ficedula crypta,unknown,5.6653,0.0697
5266,Ficedula dumetoria,male,6.1407,0.0614
5267,Ficedula dumetoria,unknown,6.5119,0.06
5268,Ficedula elisae,female,5.9188,0.0732
5269,Ficedula elisae,unknown,6.1763,0.054
5270,Ficedula erithacus,male,5.8671,0.0472
5271,Ficedula erithacus,unknown,6.4688,0.0745
5272,Ficedula harterti,unknown,5.3331,0.0541
5273,Ficedula henrici,female,6.1444,0.0616
5274,Ficedula henrici,male,5.4449,0.0575
5275,Ficedula henrici,unknown,5.6624,0.0432
5276,Ficedula hodgsoni,female,6.2992,0.0645
5277,Ficedula hodgsoni,unknown,6.9794,0.0964
5278,Ficedula hyperythra,female,5.9618,0.0716
5279,Ficedula hyperythra,male,6.7662,0.0697
5280,Ficedula hyperythra,unknown,6.0917,0.0557
5281,Ficedula hypoleuca,male,5.8985,0.0371
5282,Ficedula hypoleuca,unknown,6.1383,0.0788
5283,Ficedula luzoniensis,unknown,6.4168,0.0658
5284,Ficedula mugimaki,male,6.4797,0.0548
5285,Ficedula mugimaki,unknown,6.4026,0.0704
5286,Ficedula narcissina,male,6.6082,0.058
5287,Ficedula narcissina,unknown,7.0205,0.0722
5288,Ficedula nigrorufa,male,7.0013,0.0305
5289,Ficedula nigrorufa,unknown,7.1308,0.081
5290,Ficedula parva,unknown,6.0993,0.0636
5291,Ficedula platenae,unknown,6.5767,0.077
5292,Ficedula riedeli,unknown,6.0961,0.07
5293,Ficedula ruficauda,unknown,5.6618,0.0563
5294,Ficedula rufigula,male,5.829,0.0832
5295,Ficedula rufigula,unknown,6.0751,0.05
5296,Ficedula sapphira,male,6.277,0.0515
5297,Ficedula sapphira,unknown,7.1052,0.0941
5298,Ficedula semitorquata,unknown,6.0191,0.0584
5299,Ficedula speculigera,male,5.6134,0.0456
5300,Ficedula speculigera,unknown,5.916,0.0655
5301,Ficedula strophiata,male,6.0463,0.0518
5302,Ficedula strophiata,unknown,6.4198,0.0497
5303,Ficedula subrubra,male,6.385,0.0745
5304,Ficedula subrubra,unknown,6.5218,0.0917
5305,Ficedula superciliaris,male,7.3903,0.108
5306,Ficedula superciliaris,unknown,7.2017,0.1351
5307,Ficedula timorensis,male,5.945,0.026
5308,Ficedula timorensis,unknown,5.7114,0.0577
5309,Ficedula tricolor,female,5.4807,0.0664
5310,Ficedula tricolor,male,6.1608,0.0499
5311,Ficedula tricolor,unknown,6.8619,0.0748
5312,Ficedula westermanni,male,6.2395,0.0347
5313,Ficedula westermanni,unknown,6.4833,0.0686
5314,Ficedula zanthopygia,female,6.089,NA
5315,Ficedula zanthopygia,male,6.8648,0.079
5316,Ficedula zanthopygia,unknown,6.3967,0.0771
5317,Florisuga fusca,unknown,6.4081,0.0757
5318,Florisuga mellivora,female,7.1382,0.0621
5319,Florisuga mellivora,unknown,7.2615,0.1033
5320,Fluvicola albiventer,unknown,6.2025,0.0576
5321,Fluvicola nengeta,male,5.999,0.0367
5322,Fluvicola nengeta,unknown,6.1829,0.0665
5323,Fluvicola pica,unknown,6.5262,0.0762
5324,Formicarius analis,unknown,6.0272,0.0603
5325,Formicarius colma,unknown,5.7006,0.0487
5326,Formicarius nigricapillus,unknown,5.7467,0.0487
5327,Formicarius rufifrons,unknown,5.1158,0.0513
5328,Formicarius rufipectus,unknown,6.4397,0.0781
5329,Formicivora erythronotos,male,6.0855,0.0231
5330,Formicivora erythronotos,unknown,6.1708,0.0609
5331,Formicivora grantsaui,female,6.1382,0.0458
5332,Formicivora grantsaui,male,6.2159,0.0519
5333,Formicivora grantsaui,unknown,6.7089,0.086
5334,Formicivora grisea,female,5.8239,0.0542
5335,Formicivora grisea,male,5.5119,0.0502
5336,Formicivora grisea,unknown,5.7831,0.0277
5337,Formicivora iheringi,male,5.0914,0.0439
5338,Formicivora iheringi,unknown,5.6702,0.0581
5339,Formicivora littoralis,male,6.4285,0.0538
5340,Formicivora littoralis,unknown,5.6865,0.061
5341,Formicivora melanogaster,male,5.9297,0.0584
5342,Formicivora melanogaster,unknown,5.5255,0.0687
5343,Formicivora rufa,female,6.1525,0.0063
5344,Formicivora rufa,male,5.8535,0.0574
5345,Formicivora rufa,unknown,6.0309,0.0546
5346,Formicivora serrana,female,6.1996,0.0566
5347,Formicivora serrana,male,5.8838,0.0605
5348,Formicivora serrana,unknown,6.566,0.0545
5349,Forpus coelestis,unknown,7.1954,0.117
5350,Forpus conspicillatus,female,6.808,0.0778
5351,Forpus conspicillatus,male,7.0089,0.0398
5352,Forpus conspicillatus,unknown,6.6181,0.0811
5353,Forpus cyanopygius,unknown,6.688,0.086
5354,Forpus modestus,male,6.1663,0.0839
5355,Forpus modestus,unknown,6.662,0.0913
5356,Forpus passerinus,unknown,6.5557,0.0908
5357,Forpus xanthops,unknown,7.0537,0.1126
5358,Forpus xanthopterygius,male,6.9549,0.0971
5359,Forpus xanthopterygius,unknown,7.0505,0.0855
5360,Foudia aldabrana,male,6.8328,0.0677
5361,Foudia aldabrana,unknown,5.8925,0.0695
5362,Foudia eminentissima,male,5.2767,0.0412
5363,Foudia eminentissima,unknown,6.0722,0.0656
5364,Foudia flavicans,male,6.7688,0.0445
5365,Foudia flavicans,unknown,6.7935,0.0899
5366,Foudia madagascariensis,unknown,6.6307,0.0788
5367,Foudia omissa,male,7.6917,0.1085
5368,Foudia omissa,unknown,6.1738,0.0789
5369,Foudia rubra,male,6.7306,0.0778
5370,Foudia rubra,unknown,6.5571,0.0582
5371,Foudia sechellarum,male,5.6978,0.0616
5372,Foudia sechellarum,unknown,4.5343,0.0724
5373,Foulehaio carunculatus,unknown,5.3631,0.0532
5374,Foulehaio procerior,unknown,5.6899,0.0607
5375,Foulehaio taviunensis,male,5.5138,0.0273
5376,Foulehaio taviunensis,unknown,5.3424,0.0609
5377,Francolinus francolinus,male,6.2054,0.0493
5378,Francolinus francolinus,unknown,5.4766,0.061
5379,Francolinus gularis,unknown,5.8269,0.0568
5380,Francolinus pictus,male,6.2553,0.07
5381,Francolinus pictus,unknown,5.9356,0.0645
5382,Francolinus pintadeanus,male,5.8655,0.0466
5383,Francolinus pintadeanus,unknown,5.9272,0.0516
5384,Francolinus pondicerianus,female,5.432,NA
5385,Francolinus pondicerianus,unknown,5.2615,0.053
5386,Fraseria caerulescens,unknown,5.729,0.0517
5387,Fraseria cinerascens,unknown,5.6881,0.0598
5388,Fraseria griseigularis,unknown,4.6188,0.0752
5389,Fraseria lendu,unknown,5.2631,0.0566
5390,Fraseria ocreata,unknown,5.5452,0.0478
5391,Fraseria olivascens,unknown,4.3336,0.0692
5392,Fraseria plumbea,unknown,5.447,0.0658
5393,Fraseria tessmanni,unknown,5.2368,0.0664
5394,Fratercula arctica,unknown,7.2142,0.1005
5395,Fratercula cirrhata,unknown,6.5965,0.1067
5396,Fratercula corniculata,unknown,7.3158,0.1099
5397,Frederickena fulva,male,4.2592,0.0577
5398,Frederickena fulva,unknown,4.8426,0.0503
5399,Frederickena unduliger,male,5.7933,0.0298
5400,Frederickena unduliger,unknown,5.747,0.0514
5401,Frederickena viridis,female,6.2952,0.0603
5402,Frederickena viridis,unknown,5.7136,0.0596
5403,Fregata andrewsi,female,5.1913,0.0756
5404,Fregata andrewsi,male,5.2338,0.0702
5405,Fregata andrewsi,unknown,5.1784,0.0497
5406,Fregata aquila,male,5.9918,0.0306
5407,Fregata aquila,unknown,5.7162,0.0517
5408,Fregata ariel,male,5.2327,0.0478
5409,Fregata ariel,unknown,5.1395,0.0548
5410,Fregata magnificens,male,6.1116,0.0598
5411,Fregata magnificens,unknown,5.6527,0.0456
5412,Fregata minor,male,5.8183,0.0527
5413,Fregata minor,unknown,6.2013,0.0563
5414,Fregetta grallaria,unknown,4.9847,0.0538
5415,Fregetta maoriana,unknown,5.1366,0.0598
5416,Fregetta tropica,unknown,5.005,0.062
5417,Fringilla coelebs,male,5.6498,0.0545
5418,Fringilla coelebs,unknown,6.3456,0.0523
5419,Fringilla montifringilla,female,5.1715,0.0372
5420,Fringilla montifringilla,male,6.2027,0.0599
5421,Fringilla montifringilla,unknown,6.3039,0.0368
5422,Fringilla polatzeki,male,5.9332,0.061
5423,Fringilla polatzeki,unknown,5.7615,0.0708
5424,Fringilla teydea,male,6.7384,0.0563
5425,Fringilla teydea,unknown,6.4811,0.0691
5426,Fulica alai,unknown,4.8957,0.0521
5427,Fulica americana,unknown,5.1932,0.0537
5428,Fulica ardesiaca,unknown,5.1035,0.0548
5429,Fulica armillata,unknown,5.3917,0.0489
5430,Fulica atra,unknown,5.5217,0.0552
5431,Fulica cornuta,unknown,4.9125,0.0502
5432,Fulica cristata,unknown,5.8729,0.0556
5433,Fulica gigantea,unknown,5.6763,0.0578
5434,Fulica leucoptera,unknown,5.1743,0.0588
5435,Fulica rufifrons,unknown,5.126,0.0556
5436,Fulmarus glacialis,unknown,5.2757,0.056
5437,Fulmarus glacialoides,unknown,5.415,0.0469
5438,Fulvetta cinereiceps,unknown,5.8952,0.0654
5439,Fulvetta danisi,unknown,5.2909,0.0722
5440,Fulvetta formosana,unknown,5.6478,0.0398
5441,Fulvetta ludlowi,unknown,6.1633,0.0502
5442,Fulvetta manipurensis,unknown,6.1164,0.0539
5443,Fulvetta ruficapilla,unknown,5.6846,0.0511
5444,Fulvetta striaticollis,unknown,5.4459,0.0484
5445,Fulvetta vinipectus,unknown,6.3508,0.0682
5446,Furnarius cristatus,unknown,5.8067,0.0602
5447,Furnarius figulus,female,6.224,NA
5448,Furnarius figulus,male,4.8719,0.0586
5449,Furnarius figulus,unknown,5.4509,0.0534
5450,Furnarius leucopus,unknown,5.6086,0.0696
5451,Furnarius minor,unknown,5.6406,0.0571
5452,Furnarius rufus,unknown,5.7855,0.0642
5453,Furnarius torridus,unknown,4.8725,0.0787
5454,Gactornis enarratus,unknown,6.0266,0.0532
5455,Galbalcyrhynchus leucotis,unknown,6.9852,0.0752
5456,Galbalcyrhynchus purusianus,unknown,6.1118,0.0631
5457,Galbula albirostris,female,7.1347,0.0928
5458,Galbula albirostris,male,6.9043,0.067
5459,Galbula albirostris,unknown,7.0283,0.0757
5460,Galbula chalcothorax,male,6.0988,0.0313
5461,Galbula chalcothorax,unknown,6.5572,0.0616
5462,Galbula cyanescens,male,6.7104,0.059
5463,Galbula cyanescens,unknown,6.8311,0.0693
5464,Galbula cyanicollis,male,6.9501,0.1441
5465,Galbula cyanicollis,unknown,7.1521,0.0957
5466,Galbula dea,unknown,7.5098,0.1073
5467,Galbula galbula,unknown,7.6928,0.1267
5468,Galbula leucogastra,male,6.8716,0.0636
5469,Galbula leucogastra,unknown,6.1069,0.0576
5470,Galbula pastazae,male,7.155,NA
5471,Galbula pastazae,unknown,7.2128,0.0862
5472,Galbula ruficauda,male,7.176,NA
5473,Galbula ruficauda,unknown,7.6151,0.1123
5474,Galbula tombacea,unknown,7.2017,0.1004
5475,Galerida cristata,female,4.7377,0.0236
5476,Galerida cristata,unknown,5.6942,0.0533
5477,Galerida deva,unknown,5.7995,0.0487
5478,Galerida macrorhyncha,unknown,4.8323,0.045
5479,Galerida magnirostris,unknown,4.7283,0.0634
5480,Galerida malabarica,unknown,5.3099,0.0542
5481,Galerida modesta,unknown,4.7183,0.0507
5482,Galerida theklae,unknown,5.4547,0.062
5483,Gallicolumba crinigera,male,4.9399,0.0486
5484,Gallicolumba crinigera,unknown,5.4454,0.0446
5485,Gallicolumba keayi,unknown,6.1403,0.0753
5486,Gallicolumba luzonica,unknown,6.2518,0.0707
5487,Gallicolumba platenae,unknown,5.8471,0.0532
5488,Gallicolumba rufigula,unknown,6.0122,0.0633
5489,Gallicolumba tristigmata,unknown,5.3524,0.0539
5490,Gallicrex cinerea,female,5.5303,0.0466
5491,Gallicrex cinerea,male,6.0872,0.0957
5492,Gallicrex cinerea,unknown,6.4247,0.0571
5493,Gallinago andina,unknown,5.7341,0.0481
5494,Gallinago delicata,unknown,5.4924,0.0539
5495,Gallinago gallinago,unknown,5.7639,0.0622
5496,Gallinago hardwickii,unknown,5.792,0.0531
5497,Gallinago imperialis,unknown,5.4827,0.0495
5498,Gallinago jamesoni,unknown,5.4083,0.0553
5499,Gallinago macrodactyla,unknown,4.9477,0.0655
5500,Gallinago media,male,5.5654,0.0479
5501,Gallinago media,unknown,6.074,0.0637
5502,Gallinago megala,unknown,5.687,0.0489
5503,Gallinago nemoricola,unknown,5.1618,0.06
5504,Gallinago nigripennis,unknown,6.2454,0.0717
5505,Gallinago nobilis,unknown,5.9683,0.0562
5506,Gallinago paraguaiae,unknown,5.625,0.0593
5507,Gallinago solitaria,unknown,5.7461,0.0682
5508,Gallinago stenura,unknown,5.6196,0.0469
5509,Gallinago stricklandii,unknown,5.4142,0.0692
5510,Gallinago undulata,unknown,5.9078,0.0733
5511,Gallinula chloropus,unknown,5.2236,0.049
5512,Gallinula comeri,unknown,5.3388,0.0439
5513,Gallinula galeata,unknown,6.0429,0.0651
5514,Gallinula tenebrosa,unknown,5.8354,0.058
5515,Gallirallus australis,unknown,4.8737,0.0595
5516,Gallirallus calayanensis,unknown,4.9802,0.0499
5517,Gallirallus castaneoventris,unknown,5.5595,0.0599
5518,Gallirallus insignis,unknown,4.1444,0.0602
5519,Gallirallus okinawae,unknown,5.8185,0.047
5520,Gallirallus owstoni,unknown,5.0717,0.043
5521,Gallirallus philippensis,unknown,5.3736,0.0537
5522,Gallirallus rovianae,unknown,5.1726,0.0621
5523,Gallirallus sylvestris,unknown,4.8982,0.0507
5524,Gallirallus torquatus,unknown,5.5704,0.0605
5525,Gallirallus wallacii,unknown,5.1716,0.0561
5526,Gallirallus woodfordi,unknown,5.0473,0.0546
5527,Galloperdix bicalcarata,unknown,5.4166,0.0628
5528,Galloperdix lunulata,male,5.6034,0.0649
5529,Galloperdix lunulata,unknown,5.3699,0.0462
5530,Galloperdix spadicea,female,5.4116,0.0662
5531,Galloperdix spadicea,male,5.3234,0.0245
5532,Galloperdix spadicea,unknown,5.1625,0.0514
5533,Gallus gallus,male,6.6138,0.0451
5534,Gallus gallus,unknown,6.389,0.0706
5535,Gallus lafayettii,female,5.3438,0.0436
5536,Gallus lafayettii,male,6.0037,0.0487
5537,Gallus lafayettii,unknown,6.5933,0.0693
5538,Gallus sonneratii,female,5.4206,0.0302
5539,Gallus sonneratii,male,6.1176,0.0405
5540,Gallus sonneratii,unknown,6.3694,0.0462
5541,Gallus varius,male,6.5587,0.0645
5542,Gallus varius,unknown,5.725,0.059
5543,Gampsonyx swainsonii,male,6.032,0.0559
5544,Gampsonyx swainsonii,unknown,6.2854,0.06
5545,Gampsorhynchus rufulus,unknown,6.1379,0.082
5546,Gampsorhynchus torquatus,unknown,5.751,0.0547
5547,Garrodia nereis,unknown,5.4144,0.0504
5548,Garrulax annamensis,unknown,5.8874,0.0554
5549,Garrulax bicolor,unknown,4.2953,0.0674
5550,Garrulax calvus,unknown,4.9016,0.0656
5551,Garrulax canorus,unknown,6.1562,0.0593
5552,Garrulax castanotis,unknown,5.0965,0.0618
5553,Garrulax cinereifrons,unknown,4.9556,0.0606
5554,Garrulax ferrarius,unknown,5.1937,0.046
5555,Garrulax leucolophus,unknown,6.5266,0.0637
5556,Garrulax lugubris,unknown,5.6927,0.0627
5557,Garrulax maesi,unknown,4.6538,0.081
5558,Garrulax merulinus,unknown,5.5837,0.053
5559,Garrulax milleti,unknown,6.1156,0.0638
5560,Garrulax monileger,unknown,5.7775,0.0573
5561,Garrulax palliatus,unknown,6.0136,0.0641
5562,Garrulax perspicillatus,unknown,5.2529,0.0518
5563,Garrulax rufifrons,unknown,4.7324,0.0726
5564,Garrulax strepitans,unknown,5.7569,0.0577
5565,Garrulax taewanus,unknown,5.132,0.0472
5566,Garrulus glandarius,unknown,6.4693,0.0624
5567,Garrulus lanceolatus,unknown,6.2187,0.0603
5568,Garrulus lidthi,unknown,6.408,0.0669
5569,Gavia adamsii,unknown,5.9521,0.0703
5570,Gavia arctica,unknown,6.2505,0.0638
5571,Gavia immer,unknown,6.8395,0.0789
5572,Gavia pacifica,unknown,6.6915,0.0823
5573,Gavia stellata,unknown,5.9577,0.0521
5574,Gavicalis fasciogularis,unknown,5.4386,0.058
5575,Gavicalis versicolor,unknown,5.7606,0.0706
5576,Gavicalis virescens,unknown,5.8487,0.0535
5577,Gecinulus grantia,unknown,6.065,0.0562
5578,Gecinulus viridis,male,6.38,0.0791
5579,Gecinulus viridis,unknown,5.8846,0.0577
5580,Gelochelidon nilotica,unknown,5.8286,0.061
5581,Geocerthia serrana,male,5.195,0.047
5582,Geocerthia serrana,unknown,5.2795,0.0482
5583,Geococcyx californianus,unknown,6.44,0.0682
5584,Geococcyx velox,unknown,5.5899,0.0598
5585,Geocolaptes olivaceus,unknown,5.3313,0.0532
5586,Geoffroyus geoffroyi,male,6.6844,0.0603
5587,Geoffroyus geoffroyi,unknown,7.0659,0.0816
5588,Geoffroyus heteroclitus,unknown,6.7433,0.0776
5589,Geoffroyus simplex,unknown,5.716,0.0807
5590,Geokichla camaronensis,unknown,5.2109,0.0655
5591,Geokichla cinerea,unknown,5.7841,0.0608
5592,Geokichla citrina,female,5.7933,0.0579
5593,Geokichla citrina,male,6.4314,0.0368
5594,Geokichla citrina,unknown,6.734,0.0595
5595,Geokichla crossleyi,unknown,5.5052,0.0469
5596,Geokichla dohertyi,male,6.2314,0.0711
5597,Geokichla dohertyi,unknown,6.0098,0.0569
5598,Geokichla dumasi,male,4.7922,0.071
5599,Geokichla dumasi,unknown,5.1886,0.0492
5600,Geokichla erythronota,male,5.6333,0.027
5601,Geokichla erythronota,unknown,5.5518,0.0563
5602,Geokichla gurneyi,unknown,6.1449,0.0863
5603,Geokichla guttata,unknown,5.2449,0.0442
5604,Geokichla interpres,unknown,6.0125,0.0623
5605,Geokichla joiceyi,unknown,5.8992,0.0466
5606,Geokichla leucolaema,unknown,3.7117,0.1016
5607,Geokichla mendeni,unknown,5.6882,0.0558
5608,Geokichla oberlaenderi,unknown,4.6536,0.0567
5609,Geokichla peronii,male,6.2765,0.04
5610,Geokichla peronii,unknown,6.074,0.0552
5611,Geokichla piaggiae,unknown,5.928,0.0568
5612,Geokichla princei,unknown,5.0042,0.0618
5613,Geokichla schistacea,unknown,5.4714,0.0608
5614,Geokichla sibirica,male,5.9295,0.0282
5615,Geokichla sibirica,unknown,5.2924,0.0657
5616,Geokichla spiloptera,unknown,5.2499,0.0511
5617,Geokichla wardii,unknown,5.7531,0.0689
5618,Geopelia cuneata,female,5.9559,0.0566
5619,Geopelia cuneata,male,6.1226,0.0819
5620,Geopelia cuneata,unknown,5.1221,0.0578
5621,Geopelia humeralis,unknown,5.7776,0.0602
5622,Geopelia maugeus,male,5.6865,0.0272
5623,Geopelia maugeus,unknown,5.7877,0.0408
5624,Geopelia placida,unknown,5.4746,0.0486
5625,Geopelia striata,unknown,5.2063,0.0487
5626,Geophaps plumifera,unknown,6.6143,0.0714
5627,Geophaps scripta,male,5.3013,0.0717
5628,Geophaps scripta,unknown,5.6028,0.0659
5629,Geophaps smithii,unknown,5.4059,0.0493
5630,Geositta antarctica,unknown,4.9014,0.0483
5631,Geositta crassirostris,unknown,5.1411,0.0579
5632,Geositta cunicularia,unknown,4.8089,0.0559
5633,Geositta isabellina,unknown,5.0402,0.0553
5634,Geositta maritima,unknown,4.6086,0.0638
5635,Geositta peruviana,unknown,4.8403,0.0594
5636,Geositta poeciloptera,male,5.759,0.042
5637,Geositta poeciloptera,unknown,5.3039,0.0662
5638,Geositta punensis,unknown,5.4796,0.046
5639,Geositta rufipennis,unknown,5.3789,0.06
5640,Geositta saxicolina,unknown,5.0304,0.0622
5641,Geositta tenuirostris,unknown,5.5236,0.0489
5642,Geospiza acutirostris,male,5.9678,0.055
5643,Geospiza acutirostris,unknown,5.0941,0.0503
5644,Geospiza conirostris,male,5.5852,0.1049
5645,Geospiza conirostris,unknown,4.6247,0.0624
5646,Geospiza difficilis,unknown,4.736,0.0533
5647,Geospiza fortis,male,6.1841,0.0924
5648,Geospiza fortis,unknown,5.5455,0.0589
5649,Geospiza fuliginosa,male,5.2542,0.0607
5650,Geospiza fuliginosa,unknown,5.3858,0.0582
5651,Geospiza magnirostris,male,5.5828,0.091
5652,Geospiza magnirostris,unknown,5.0042,0.074
5653,Geospiza propinqua,unknown,4.7949,0.0564
5654,Geospiza scandens,female,5.513,NA
5655,Geospiza scandens,male,4.892,0.0477
5656,Geospiza scandens,unknown,5.411,0.0479
5657,Geospizopsis plebejus,male,5.207,0.0581
5658,Geospizopsis plebejus,unknown,5.7693,0.0583
5659,Geospizopsis unicolor,male,6.0707,0.0601
5660,Geospizopsis unicolor,unknown,6.0861,0.0579
5661,Geothlypis aequinoctialis,male,6.5247,0.0394
5662,Geothlypis aequinoctialis,unknown,6.4981,0.0786
5663,Geothlypis beldingi,male,5.7778,0.0668
5664,Geothlypis beldingi,unknown,6.4571,0.0707
5665,Geothlypis flavovelata,male,6.2513,0.0553
5666,Geothlypis flavovelata,unknown,6.3637,0.0656
5667,Geothlypis formosa,unknown,6.56,0.075
5668,Geothlypis nelsoni,male,6.6695,0.0831
5669,Geothlypis nelsoni,unknown,6.6068,0.0678
5670,Geothlypis philadelphia,female,6.2378,0.1152
5671,Geothlypis philadelphia,male,6.8855,0.0714
5672,Geothlypis philadelphia,unknown,6.4777,0.0683
5673,Geothlypis poliocephala,male,6.836,0.0339
5674,Geothlypis poliocephala,unknown,6.1506,0.0657
5675,Geothlypis rostrata,male,6.0376,0.0677
5676,Geothlypis rostrata,unknown,5.914,0.0589
5677,Geothlypis semiflava,male,6.2408,0.074
5678,Geothlypis semiflava,unknown,6.641,0.0894
5679,Geothlypis speciosa,male,6.526,0.0717
5680,Geothlypis speciosa,unknown,6.8508,0.0644
5681,Geothlypis tolmiei,male,6.144,0.0578
5682,Geothlypis tolmiei,unknown,6.6439,0.0691
5683,Geothlypis trichas,male,6.1425,0.07
5684,Geothlypis trichas,unknown,6.1572,0.0658
5685,Geotrygon caniceps,unknown,5.7043,0.035
5686,Geotrygon chrysia,male,5.9434,0.0525
5687,Geotrygon chrysia,unknown,6.4624,0.0752
5688,Geotrygon leucometopia,unknown,5.2746,0.0533
5689,Geotrygon montana,female,5.2793,0.0688
5690,Geotrygon montana,unknown,5.2014,0.0545
5691,Geotrygon mystacea,unknown,5.7646,0.0542
5692,Geotrygon purpurata,unknown,6.3179,0.0516
5693,Geotrygon saphirina,unknown,6.2,0.0653
5694,Geotrygon versicolor,unknown,6.3125,0.0698
5695,Geotrygon violacea,male,5.5536,0.0799
5696,Geotrygon violacea,unknown,5.5209,0.0479
5697,Geranoaetus albicaudatus,unknown,6.619,0.0756
5698,Geranoaetus melanoleucus,male,6.794,NA
5699,Geranoaetus melanoleucus,unknown,6.9566,0.0757
5700,Geranoaetus polyosoma,male,6.084,0.0395
5701,Geranoaetus polyosoma,unknown,6.2863,0.0558
5702,Geranospiza caerulescens,unknown,6.0984,0.06
5703,Geronticus calvus,unknown,5.7141,0.0568
5704,Geronticus eremita,unknown,5.1564,0.0528
5705,Gerygone albofrontata,unknown,5.6909,0.0621
5706,Gerygone chloronota,unknown,5.408,0.0578
5707,Gerygone chrysogaster,unknown,4.9354,0.0518
5708,Gerygone dorsalis,unknown,5.2832,0.0463
5709,Gerygone flavolateralis,unknown,5.3542,0.0387
5710,Gerygone fusca,unknown,4.9506,0.0528
5711,Gerygone hypoxantha,male,5.5032,0.0901
5712,Gerygone hypoxantha,unknown,5.0743,0.0539
5713,Gerygone igata,unknown,4.8731,0.059
5714,Gerygone inornata,unknown,5.4285,0.0582
5715,Gerygone levigaster,unknown,5.0188,0.0556
5716,Gerygone magnirostris,unknown,5.1661,0.0529
5717,Gerygone modesta,unknown,5.0001,0.0569
5718,Gerygone mouki,unknown,5.4157,0.0597
5719,Gerygone olivacea,male,5.218,NA
5720,Gerygone olivacea,unknown,5.3114,0.0561
5721,Gerygone palpebrosa,unknown,5.3211,0.0569
5722,Gerygone ruficollis,unknown,5.5906,0.0462
5723,Gerygone sulphurea,unknown,5.7951,0.0535
5724,Gerygone tenebrosa,unknown,5.5166,0.0584
5725,Glareola cinerea,unknown,6.408,0.042
5726,Glareola lactea,unknown,6.8369,0.0781
5727,Glareola maldivarum,unknown,5.9938,0.0643
5728,Glareola nordmanni,unknown,5.2102,0.0501
5729,Glareola nuchalis,unknown,6.1205,0.068
5730,Glareola ocularis,unknown,6.2939,0.0529
5731,Glareola pratincola,unknown,6.2627,0.0711
5732,Glaucidium bolivianum,unknown,6.6262,0.0735
5733,Glaucidium brasilianum,male,6.4887,0.0412
5734,Glaucidium brasilianum,unknown,6.8827,0.0639
5735,Glaucidium brodiei,unknown,7.0679,0.1227
5736,Glaucidium capense,unknown,7.073,0.1017
5737,Glaucidium castaneum,unknown,6.1803,0.0287
5738,Glaucidium castanopterum,unknown,5.65,0.0591
5739,Glaucidium castanotum,unknown,7.2821,0.1225
5740,Glaucidium costaricanum,male,6.171,0.0549
5741,Glaucidium costaricanum,unknown,7.0341,0.0691
5742,Glaucidium cuculoides,unknown,6.6365,0.0729
5743,Glaucidium gnoma,unknown,6.965,0.0755
5744,Glaucidium griseiceps,unknown,7.1144,0.0811
5745,Glaucidium hardyi,unknown,6.8615,0.092
5746,Glaucidium jardinii,unknown,6.9708,0.0868
5747,Glaucidium minutissimum,unknown,7.1176,0.1006
5748,Glaucidium nana,unknown,7.4271,0.1186
5749,Glaucidium nubicola,unknown,7.0113,0.0676
5750,Glaucidium palmarum,unknown,7.4776,0.0981
5751,Glaucidium parkeri,unknown,6.7384,0.0867
5752,Glaucidium passerinum,unknown,7.2008,0.0861
5753,Glaucidium perlatum,female,7.3972,0.0686
5754,Glaucidium perlatum,unknown,7.0888,0.0675
5755,Glaucidium peruanum,unknown,7.0642,0.0731
5756,Glaucidium radiatum,unknown,6.9508,0.0996
5757,Glaucidium sanchezi,unknown,6.5951,0.0613
5758,Glaucidium siju,unknown,7.2126,0.0974
5759,Glaucidium sjostedti,unknown,6.8723,0.0843
5760,Glaucidium tephronotum,unknown,7.1327,0.098
5761,Glaucis aeneus,unknown,6.5849,0.0756
5762,Glaucis dohrnii,unknown,6.6767,0.1055
5763,Glaucis hirsutus,unknown,7.0498,0.1108
5764,Gliciphila melanops,unknown,5.5173,0.0587
5765,Gliciphila notabilis,unknown,4.9431,0.0596
5766,Gliciphila undulata,unknown,5.0037,0.0554
5767,Glossopsitta concinna,unknown,6.9304,0.0865
5768,Glossopsitta porphyrocephala,unknown,6.3998,0.068
5769,Glossopsitta pusilla,male,6.7946,0.0548
5770,Glossopsitta pusilla,unknown,6.6964,0.0767
5771,Glycichaera fallax,unknown,5.3265,0.0539
5772,Glyphorynchus spirurus,unknown,5.5778,0.0667
5773,Gnorimopsar chopi,unknown,5.57,0.0564
5774,Goethalsia bella,female,7.1458,0.0615
5775,Goethalsia bella,male,6.7018,0.0433
5776,Goethalsia bella,unknown,7.5646,0.101
5777,Goldmania violiceps,female,6.7903,0.0851
5778,Goldmania violiceps,unknown,7.3439,0.1197
5779,Goodfellowia miranda,male,5.8619,0.0554
5780,Goodfellowia miranda,unknown,6.4087,0.0698
5781,Gorsachius goisagi,unknown,5.1294,0.0525
5782,Gorsachius leuconotus,unknown,5.2829,0.0616
5783,Gorsachius magnificus,male,5.4777,0.0331
5784,Gorsachius magnificus,unknown,4.8062,0.0574
5785,Gorsachius melanolophus,unknown,5.4654,0.0552
5786,Goura cristata,unknown,7.1858,0.1111
5787,Goura sclaterii,unknown,6.5374,0.068
5788,Goura victoria,unknown,6.5363,0.0581
5789,Gracula enganensis,unknown,5.555,0.0447
5790,Gracula indica,unknown,6.4465,0.0634
5791,Gracula ptilogenys,unknown,5.2241,0.0554
5792,Gracula religiosa,unknown,5.9996,0.0572
5793,Gracula robusta,unknown,5.8608,0.0648
5794,Gracupica contra,unknown,6.2688,0.0691
5795,Gracupica nigricollis,unknown,5.597,0.071
5796,Grafisia torquata,male,5.6683,0.0862
5797,Grafisia torquata,unknown,6.1736,0.0779
5798,Grallaria albigula,unknown,5.0573,0.0624
5799,Grallaria alleni,unknown,5.7545,0.0615
5800,Grallaria andicolus,unknown,5.7589,0.061
5801,Grallaria bangsi,unknown,5.3105,0.0595
5802,Grallaria blakei,unknown,6.2305,0.0668
5803,Grallaria capitalis,unknown,5.3331,0.0473
5804,Grallaria carrikeri,unknown,6.0998,0.0579
5805,Grallaria dignissima,unknown,4.5746,0.0567
5806,Grallaria erythroleuca,unknown,5.3251,0.0555
5807,Grallaria erythrotis,unknown,5.751,0.0513
5808,Grallaria excelsa,unknown,4.5152,0.089
5809,Grallaria flavotincta,unknown,5.9315,0.0556
5810,Grallaria gigantea,unknown,6.0977,0.0538
5811,Grallaria guatimalensis,unknown,5.874,0.0602
5812,Grallaria haplonota,male,6.2344,0.0423
5813,Grallaria haplonota,unknown,5.2518,0.0467
5814,Grallaria hypoleuca,unknown,6.1696,0.0691
5815,Grallaria kaestneri,unknown,5.1566,0.0455
5816,Grallaria milleri,unknown,5.6936,0.0621
5817,Grallaria nuchalis,unknown,6.81,0.0832
5818,Grallaria przewalskii,unknown,5.5267,0.0523
5819,Grallaria quitensis,unknown,5.3517,0.0569
5820,Grallaria ridgelyi,unknown,6.0493,0.0646
5821,Grallaria ruficapilla,unknown,6.2159,0.0532
5822,Grallaria rufocinerea,unknown,6.2877,0.0731
5823,Grallaria rufula,female,6.0056,0.04
5824,Grallaria rufula,unknown,6.3634,0.0803
5825,Grallaria squamigera,unknown,6.1878,0.0486
5826,Grallaria urraoensis,unknown,4.8484,0.0706
5827,Grallaria varia,unknown,5.6025,0.0639
5828,Grallaria watkinsi,unknown,5.2655,0.0409
5829,Grallaricula cucullata,unknown,5.9846,0.0628
5830,Grallaricula cumanensis,unknown,6.2183,0.0655
5831,Grallaricula ferrugineipectus,unknown,6.2218,0.0509
5832,Grallaricula flavirostris,unknown,6.0906,0.0784
5833,Grallaricula leymebambae,unknown,6.0282,0.0525
5834,Grallaricula lineifrons,unknown,6.7753,0.0724
5835,Grallaricula loricata,unknown,6.4596,0.0561
5836,Grallaricula nana,unknown,5.9436,0.0499
5837,Grallaricula ochraceifrons,unknown,5.9865,0.0584
5838,Grallaricula peruviana,unknown,6.575,0.0766
5839,Grallina bruijnii,unknown,5.5735,0.0563
5840,Grallina cyanoleuca,female,6.9516,0.0405
5841,Grallina cyanoleuca,male,6.4416,0.0736
5842,Grallina cyanoleuca,unknown,5.8682,0.0472
5843,Graminicola bengalensis,unknown,5.586,0.0544
5844,Graminicola striatus,unknown,5.617,0.058
5845,Grammatoptila striata,unknown,6.1457,0.0559
5846,Granatellus pelzelni,male,7.2108,0.0797
5847,Granatellus pelzelni,unknown,6.6451,0.0787
5848,Granatellus sallaei,male,7.0098,0.0475
5849,Granatellus sallaei,unknown,6.6811,0.0641
5850,Granatellus venustus,male,6.7895,0.1377
5851,Granatellus venustus,unknown,6.9409,0.0949
5852,Granatina granatina,female,6.6061,0.0641
5853,Granatina granatina,male,6.8401,0.0633
5854,Granatina granatina,unknown,6.8891,0.07
5855,Granatina ianthinogaster,female,7.289,0.1347
5856,Granatina ianthinogaster,male,6.6583,0.0764
5857,Granatina ianthinogaster,unknown,6.2636,0.0551
5858,Grandala coelicolor,male,6.5787,0.0445
5859,Grandala coelicolor,unknown,7.3506,0.1
5860,Grantiella picta,male,5.7703,0.0574
5861,Grantiella picta,unknown,5.7529,0.0474
5862,Graueria vittata,unknown,4.4544,0.073
5863,Graydidascalus brachyurus,unknown,6.2281,0.0519
5864,Grus americana,unknown,6.3894,0.0657
5865,Grus grus,unknown,6.2002,0.0536
5866,Grus japonensis,unknown,6.5593,0.0645
5867,Grus monacha,unknown,6.0606,0.072
5868,Grus nigricollis,unknown,6.6206,0.0759
5869,Guadalcanaria inexpectata,unknown,4.5425,0.0743
5870,Guaruba guarouba,unknown,6.8041,0.066
5871,Gubernatrix cristata,male,6.7628,0.0669
5872,Gubernatrix cristata,unknown,6.8938,0.0293
5873,Gubernetes yetapa,unknown,5.6573,0.0509
5874,Guira guira,unknown,6.0627,0.0643
5875,Guttera plumifera,unknown,5.1137,0.0436
5876,Guttera pucherani,unknown,6.1603,0.0537
5877,Gygis alba,unknown,7.4307,0.1128
5878,Gymnobucco bonapartei,unknown,5.5018,0.0525
5879,Gymnobucco calvus,unknown,5.1034,0.0595
5880,Gymnobucco peli,male,4.9153,0.044
5881,Gymnobucco peli,unknown,4.9518,0.0497
5882,Gymnobucco sladeni,unknown,4.5906,0.048
5883,Gymnocichla nudiceps,male,5.5735,0.0223
5884,Gymnocichla nudiceps,unknown,5.967,0.0582
5885,Gymnocrex plumbeiventris,unknown,4.2589,0.0666
5886,Gymnocrex rosenbergii,unknown,5.3772,0.0546
5887,Gymnocrex talaudensis,unknown,5.7407,0.0472
5888,Gymnoderus foetidus,unknown,5.2421,0.0566
5889,Gymnogyps californianus,unknown,4.1846,0.0658
5890,Gymnomystax mexicanus,unknown,6.5393,0.0704
5891,Gymnomyza aubryana,male,5.0883,0.025
5892,Gymnomyza aubryana,unknown,5.2216,0.0656
5893,Gymnomyza brunneirostris,unknown,5.045,0.0555
5894,Gymnomyza samoensis,unknown,5.3386,0.0421
5895,Gymnomyza viridis,unknown,5.29,0.0707
5896,Gymnophaps albertisii,unknown,5.6835,0.0525
5897,Gymnophaps mada,unknown,5.7306,0.051
5898,Gymnophaps solomonensis,unknown,5.2083,0.048
5899,Gymnophaps stalkeri,unknown,5.2221,0.0607
5900,Gymnopithys bicolor,unknown,6.2135,0.0663
5901,Gymnopithys leucaspis,unknown,6.0989,0.0708
5902,Gymnopithys rufigula,unknown,5.9593,0.0661
5903,Gymnorhina tibicen,female,6.0736,0.0269
5904,Gymnorhina tibicen,unknown,6.4976,0.0677
5905,Gymnorhinus cyanocephalus,unknown,6.0439,0.0625
5906,Gymnoris dentata,female,5.1664,0.0646
5907,Gymnoris dentata,unknown,5.5902,0.0442
5908,Gymnoris pyrgita,unknown,4.4361,0.0612
5909,Gymnoris superciliaris,unknown,4.9331,0.0692
5910,Gymnoris xanthocollis,male,5.2922,0.0627
5911,Gymnoris xanthocollis,unknown,5.2418,0.0557
5912,Gypaetus barbatus,unknown,6.1474,0.0689
5913,Gypohierax angolensis,unknown,5.335,0.0572
5914,Gyps africanus,unknown,5.8338,0.0649
5915,Gyps bengalensis,unknown,5.6148,0.07
5916,Gyps coprotheres,unknown,5.5923,0.0558
5917,Gyps fulvus,unknown,5.8907,0.0565
5918,Gyps himalayensis,unknown,5.8819,0.0654
5919,Gyps indicus,unknown,5.3792,0.0479
5920,Gyps rueppelli,unknown,6.4316,0.0709
5921,Gyps tenuirostris,unknown,5.7197,0.0416
5922,Habia atrimaxillaris,unknown,5.9955,0.0498
5923,Habia cristata,unknown,6.7459,0.0716
5924,Habia fuscicauda,unknown,5.6937,0.0584
5925,Habia gutturalis,male,6.5716,0.0698
5926,Habia gutturalis,unknown,6.1038,0.0664
5927,Habia rubica,male,6.4818,0.078
5928,Habia rubica,unknown,6.4744,0.0677
5929,Haematoderus militaris,unknown,6.3337,0.0703
5930,Haematopus ater,unknown,5.7516,0.0551
5931,Haematopus bachmani,unknown,5.6858,0.0578
5932,Haematopus chathamensis,unknown,6.1173,0.0493
5933,Haematopus finschi,unknown,6.4543,0.0756
5934,Haematopus fuliginosus,unknown,6.2921,0.0615
5935,Haematopus leucopodus,unknown,6.3155,0.061
5936,Haematopus longirostris,unknown,6.4033,0.0734
5937,Haematopus moquini,unknown,6.3512,0.0713
5938,Haematopus ostralegus,unknown,6.1836,0.0681
5939,Haematopus palliatus,unknown,5.6895,0.0363
5940,Haematopus unicolor,unknown,5.6417,0.056
5941,Haematortyx sanguiniceps,unknown,5.1933,0.0564
5942,Haemorhous cassinii,male,6.7712,0.0691
5943,Haemorhous cassinii,unknown,6.3944,0.0677
5944,Haemorhous mexicanus,male,6.3507,0.0307
5945,Haemorhous mexicanus,unknown,6.6931,0.0653
5946,Haemorhous purpureus,male,6.6833,0.053
5947,Haemorhous purpureus,unknown,6.8483,0.0837
5948,Hafferia fortis,male,5.5202,0.0322
5949,Hafferia fortis,unknown,6.1259,0.0452
5950,Hafferia immaculata,female,6.035,0.032
5951,Hafferia immaculata,male,5.9827,0.0439
5952,Hafferia immaculata,unknown,6.2043,0.0591
5953,Hafferia zeledoni,unknown,6.2141,0.0591
5954,Halcyon albiventris,unknown,6.8499,0.0681
5955,Halcyon badia,unknown,6.8281,0.0692
5956,Halcyon chelicuti,unknown,6.506,0.0662
5957,Halcyon coromanda,unknown,6.7437,0.062
5958,Halcyon cyanoventris,unknown,7.3356,0.0967
5959,Halcyon gularis,unknown,7.6035,0.0912
5960,Halcyon leucocephala,unknown,7.7446,0.0764
5961,Halcyon malimbica,unknown,7.383,0.1089
5962,Halcyon pileata,unknown,7.4444,0.1
5963,Halcyon senegalensis,unknown,7.3801,0.0989
5964,Halcyon senegaloides,unknown,6.3293,0.0619
5965,Halcyon smyrnensis,unknown,7.5521,0.0993
5966,Haliaeetus albicilla,unknown,6.9872,0.08
5967,Haliaeetus humilis,unknown,5.4889,0.0584
5968,Haliaeetus ichthyaetus,unknown,5.9989,0.0648
5969,Haliaeetus leucocephalus,unknown,7.1801,0.0782
5970,Haliaeetus leucogaster,unknown,6.5535,0.0874
5971,Haliaeetus leucoryphus,unknown,7.0607,0.1009
5972,Haliaeetus pelagicus,unknown,6.9017,0.0922
5973,Haliaeetus sanfordi,unknown,6.2301,0.0588
5974,Haliaeetus vocifer,unknown,7.2001,0.0889
5975,Haliaeetus vociferoides,unknown,6.3672,0.0725
5976,Haliastur indus,unknown,6.6518,0.0714
5977,Haliastur sphenurus,unknown,5.9098,0.0488
5978,Halobaena caerulea,unknown,5.6831,0.0514
5979,Hamirostra melanosternon,unknown,6.808,0.084
5980,Hapalocrex flaviventer,unknown,6.2199,0.0577
5981,Hapalopsittaca amazonina,unknown,6.1733,0.0535
5982,Hapalopsittaca fuertesi,unknown,7.5623,0.098
5983,Hapalopsittaca melanotis,unknown,4.5148,0.0781
5984,Hapalopsittaca pyrrhops,unknown,6.5471,0.069
5985,Hapaloptila castanea,unknown,5.8609,0.0457
5986,Haplophaedia assimilis,unknown,6.205,0.0668
5987,Haplophaedia aureliae,female,7.6803,0.097
5988,Haplophaedia aureliae,male,7.0717,0.0533
5989,Haplophaedia aureliae,unknown,7.2781,0.0852
5990,Haplophaedia lugens,unknown,6.422,0.0721
5991,Haplospiza unicolor,female,5.1773,0.0947
5992,Haplospiza unicolor,male,6.0726,0.0424
5993,Haplospiza unicolor,unknown,5.1743,0.0598
5994,Harpactes ardens,female,6.3618,0.0591
5995,Harpactes ardens,male,7.1512,0.0708
5996,Harpactes ardens,unknown,7.1391,0.0756
5997,Harpactes diardii,male,7.389,0.057
5998,Harpactes diardii,unknown,7.2484,0.0982
5999,Harpactes duvaucelii,male,7.5563,0.0876
6000,Harpactes duvaucelii,unknown,7.4028,0.0915
6001,Harpactes erythrocephalus,male,7.3496,0.0348
6002,Harpactes erythrocephalus,unknown,7.1231,0.0925
6003,Harpactes fasciatus,female,7.1745,0.1083
6004,Harpactes fasciatus,male,7.7378,0.1364
6005,Harpactes fasciatus,unknown,7.1973,0.0884
6006,Harpactes kasumba,male,7.408,0.048
6007,Harpactes kasumba,unknown,7.6346,0.119
6008,Harpactes mackloti,unknown,7.5006,0.0834
6009,Harpactes oreskios,male,6.832,0.0829
6010,Harpactes oreskios,unknown,7.098,0.1106
6011,Harpactes orrhophaeus,male,6.9876,0.083
6012,Harpactes orrhophaeus,unknown,7.5206,0.1168
6013,Harpactes reinwardtii,male,7.34,0.0795
6014,Harpactes reinwardtii,unknown,7.1773,0.1089
6015,Harpactes wardi,female,5.8689,0.0609
6016,Harpactes wardi,male,6.723,0.1716
6017,Harpactes wardi,unknown,7.2009,0.0915
6018,Harpactes whiteheadi,unknown,7.3034,0.1005
6019,Harpagus bidentatus,male,6.2405,0.0051
6020,Harpagus bidentatus,unknown,5.9625,0.0643
6021,Harpagus diodon,male,6.1929,0.0389
6022,Harpagus diodon,unknown,6.0564,0.0621
6023,Harpia harpyja,unknown,6.1082,0.065
6024,Harpyopsis novaeguineae,unknown,5.7503,0.0573
6025,Hartertula flavoviridis,unknown,5.6201,0.059
6026,Hartlaubius auratus,unknown,5.1374,0.049
6027,Hedydipna collaris,male,6.6862,0.0611
6028,Hedydipna collaris,unknown,6.8876,0.0759
6029,Hedydipna metallica,male,6.8656,0.0562
6030,Hedydipna metallica,unknown,6.9203,0.0677
6031,Hedydipna pallidigaster,female,6.2231,0.0604
6032,Hedydipna pallidigaster,male,5.5721,0.0574
6033,Hedydipna pallidigaster,unknown,5.3519,0.0783
6034,Hedydipna platura,male,6.8556,0.0769
6035,Hedydipna platura,unknown,7.4695,0.0924
6036,Heinrichia calligyna,unknown,5.5624,0.0525
6037,Heleia crassirostris,male,5.5903,0.0495
6038,Heleia crassirostris,unknown,5.5455,0.0627
6039,Heleia muelleri,unknown,5.1403,0.0539
6040,Heliactin bilophus,male,7.2489,0.0949
6041,Heliactin bilophus,unknown,7.4495,0.1095
6042,Heliangelus amethysticollis,male,7.4499,0.0591
6043,Heliangelus amethysticollis,unknown,6.8346,0.0669
6044,Heliangelus exortis,female,6.8738,0.0372
6045,Heliangelus exortis,male,7.6481,0.0723
6046,Heliangelus exortis,unknown,7.4067,0.1018
6047,Heliangelus mavors,unknown,6.739,0.0771
6048,Heliangelus micraster,male,7.0514,0.0665
6049,Heliangelus micraster,unknown,7.2525,0.0938
6050,Heliangelus regalis,male,7.8686,0.1202
6051,Heliangelus regalis,unknown,7.0655,0.1047
6052,Heliangelus strophianus,unknown,7.5592,0.0999
6053,Heliangelus viola,male,7.3593,0.0982
6054,Heliangelus viola,unknown,7.431,0.1325
6055,Helicolestes hamatus,unknown,6.2928,0.0511
6056,Heliobletus contaminatus,unknown,5.0094,0.0421
6057,Heliodoxa aurescens,female,7.2888,0.0622
6058,Heliodoxa aurescens,unknown,7.5614,0.077
6059,Heliodoxa gularis,male,6.546,0.0754
6060,Heliodoxa gularis,unknown,6.4537,0.0692
6061,Heliodoxa imperatrix,unknown,7.3823,0.1003
6062,Heliodoxa jacula,female,7.127,0.0366
6063,Heliodoxa jacula,unknown,7.3242,0.1133
6064,Heliodoxa leadbeateri,female,7.5485,0.0678
6065,Heliodoxa leadbeateri,unknown,7.8284,0.1175
6066,Heliodoxa rubinoides,unknown,6.7231,0.0736
6067,Heliodoxa schreibersii,female,6.7865,0.0193
6068,Heliodoxa schreibersii,male,7.2135,0.1112
6069,Heliodoxa schreibersii,unknown,7.3881,0.1285
6070,Heliodoxa xanthogonys,female,6.3765,0.1059
6071,Heliodoxa xanthogonys,male,7.8457,0.0342
6072,Heliodoxa xanthogonys,unknown,6.8503,0.0955
6073,Heliomaster constantii,male,6.2275,0.0361
6074,Heliomaster constantii,unknown,6.7503,0.0755
6075,Heliomaster furcifer,female,7.113,0.0657
6076,Heliomaster furcifer,male,7.3785,0.048
6077,Heliomaster furcifer,unknown,7.8823,0.1392
6078,Heliomaster longirostris,unknown,6.7367,0.0869
6079,Heliomaster squamosus,male,7.3372,0.0931
6080,Heliomaster squamosus,unknown,7.2273,0.0873
6081,Heliopais personatus,female,5.6864,0.0409
6082,Heliopais personatus,male,5.5901,0.0515
6083,Heliopais personatus,unknown,5.601,0.0583
6084,Heliornis fulica,male,6.097,NA
6085,Heliornis fulica,unknown,5.4824,0.0515
6086,Heliothryx auritus,female,7.1275,0.1062
6087,Heliothryx auritus,male,7.0207,0.0849
6088,Heliothryx auritus,unknown,7.3481,0.0941
6089,Heliothryx barroti,unknown,7.2916,0.1017
6090,Hellmayrea gularis,unknown,5.0352,0.0505
6091,Helmitheros vermivorum,male,6.7324,0.0844
6092,Helmitheros vermivorum,unknown,5.9742,0.0594
6093,Hemicircus canente,male,6.252,0.0783
6094,Hemicircus canente,unknown,6.5938,0.0724
6095,Hemicircus concretus,male,6.6653,0.0673
6096,Hemicircus concretus,unknown,6.2162,0.0587
6097,Hemignathus wilsoni,male,6.0448,0.0962
6098,Hemignathus wilsoni,unknown,5.988,0.0482
6099,Hemimacronyx chloris,male,5.0544,0.0244
6100,Hemimacronyx chloris,unknown,5.8175,0.0598
6101,Hemimacronyx sharpei,unknown,4.8568,0.06
6102,Hemiphaga chathamensis,unknown,5.6557,0.0542
6103,Hemiphaga novaeseelandiae,unknown,5.6613,0.0515
6104,Hemiprocne comata,unknown,7.1879,0.0862
6105,Hemiprocne coronata,female,6.0903,0.0633
6106,Hemiprocne coronata,male,6.2046,0.0668
6107,Hemiprocne coronata,unknown,6.6319,0.048
6108,Hemiprocne longipennis,female,6.85,0.0141
6109,Hemiprocne longipennis,unknown,6.3566,0.0661
6110,Hemiprocne mystacea,unknown,6.9604,0.0736
6111,Hemipus hirundinaceus,male,5.2299,0.048
6112,Hemipus hirundinaceus,unknown,5.9304,0.0729
6113,Hemipus picatus,unknown,5.9468,0.1071
6114,Hemithraupis flavicollis,male,6.4827,0.0514
6115,Hemithraupis flavicollis,unknown,5.8202,0.0568
6116,Hemithraupis guira,male,6.6143,0.0504
6117,Hemithraupis guira,unknown,6.5006,0.0902
6118,Hemithraupis ruficapilla,male,6.3928,0.0545
6119,Hemithraupis ruficapilla,unknown,6.4575,0.0563
6120,Hemitriccus cinnamomeipectus,unknown,5.8655,0.0649
6121,Hemitriccus cohnhafti,unknown,5.096,0.0745
6122,Hemitriccus diops,unknown,5.892,0.0611
6123,Hemitriccus flammulatus,unknown,5.3398,0.0502
6124,Hemitriccus furcatus,unknown,5.5193,0.0689
6125,Hemitriccus granadensis,unknown,5.7552,0.0458
6126,Hemitriccus griseipectus,unknown,5.2651,0.0498
6127,Hemitriccus inornatus,unknown,4.7333,0.0534
6128,Hemitriccus iohannis,unknown,5.148,0.0454
6129,Hemitriccus kaempferi,unknown,5.5451,0.0576
6130,Hemitriccus margaritaceiventer,unknown,5.2431,0.0572
6131,Hemitriccus minimus,unknown,4.7608,0.0577
6132,Hemitriccus minor,unknown,5.1752,0.0567
6133,Hemitriccus mirandae,unknown,5.7258,0.054
6134,Hemitriccus nidipendulus,unknown,5.8172,0.0726
6135,Hemitriccus obsoletus,unknown,5.4683,0.0631
6136,Hemitriccus orbitatus,unknown,5.2399,0.056
6137,Hemitriccus rufigularis,unknown,4.9785,0.0561
6138,Hemitriccus spodiops,unknown,4.9468,0.0488
6139,Hemitriccus striaticollis,unknown,6.2456,0.0582
6140,Hemitriccus zosterops,unknown,5.3793,0.0597
6141,Hemixos castanonotus,unknown,6.1437,0.0648
6142,Hemixos cinereus,unknown,5.4018,0.054
6143,Hemixos flavala,unknown,6.3691,0.0584
6144,Henicopernis infuscatus,unknown,5.9153,0.0686
6145,Henicopernis longicauda,unknown,5.9867,0.049
6146,Henicophaps albifrons,unknown,6.0622,0.0621
6147,Henicorhina anachoreta,unknown,5.5184,0.0484
6148,Henicorhina leucophrys,unknown,5.7077,0.0545
6149,Henicorhina leucoptera,unknown,6.0841,0.0494
6150,Henicorhina leucosticta,unknown,5.2041,0.0554
6151,Henicorhina negreti,unknown,6.0675,0.0624
6152,Herpetotheres cachinnans,unknown,6.9819,0.0887
6153,Herpsilochmus atricapillus,female,5.81,0.0422
6154,Herpsilochmus atricapillus,male,5.234,NA
6155,Herpsilochmus atricapillus,unknown,5.5746,0.0498
6156,Herpsilochmus axillaris,female,5.5333,0.0626
6157,Herpsilochmus axillaris,male,5.8512,0.0461
6158,Herpsilochmus axillaris,unknown,5.1605,0.0536
6159,Herpsilochmus dorsimaculatus,female,6.1768,0.0656
6160,Herpsilochmus dorsimaculatus,male,5.396,0.0735
6161,Herpsilochmus dorsimaculatus,unknown,5.9311,0.0527
6162,Herpsilochmus dugandi,male,5.6237,0.0463
6163,Herpsilochmus dugandi,unknown,5.2396,0.0554
6164,Herpsilochmus gentryi,unknown,4.0665,0.0719
6165,Herpsilochmus longirostris,female,6.0275,0.0739
6166,Herpsilochmus longirostris,male,5.2085,0.0518
6167,Herpsilochmus longirostris,unknown,5.8973,0.0638
6168,Herpsilochmus motacilloides,unknown,5.2608,0.0543
6169,Herpsilochmus parkeri,male,5.5453,0.0746
6170,Herpsilochmus parkeri,unknown,5.5327,0.0631
6171,Herpsilochmus pectoralis,female,5.021,0.0282
6172,Herpsilochmus pectoralis,male,5.6234,0.0432
6173,Herpsilochmus pectoralis,unknown,5.8142,0.0642
6174,Herpsilochmus pileatus,male,5.4522,0.0538
6175,Herpsilochmus pileatus,unknown,5.4487,0.0641
6176,Herpsilochmus praedictus,unknown,5.4338,0.0502
6177,Herpsilochmus roraimae,unknown,5.3563,0.05
6178,Herpsilochmus rufimarginatus,male,6.1719,0.048
6179,Herpsilochmus rufimarginatus,unknown,6.082,0.0708
6180,Herpsilochmus sellowi,male,5.5388,0.0375
6181,Herpsilochmus sellowi,unknown,5.5788,0.0507
6182,Herpsilochmus stictocephalus,unknown,5.2982,0.0517
6183,Herpsilochmus sticturus,unknown,5.2405,0.0518
6184,Herpsilochmus stotzi,unknown,4.32,0.0995
6185,Heterocercus aurantiivertex,female,5.3902,0.061
6186,Heterocercus aurantiivertex,male,5.4082,0.0064
6187,Heterocercus aurantiivertex,unknown,6.0458,0.0639
6188,Heterocercus flavivertex,female,5.7408,0.0542
6189,Heterocercus flavivertex,male,5.8535,0.0599
6190,Heterocercus flavivertex,unknown,5.8177,0.0623
6191,Heterocercus linteatus,unknown,6.4734,0.0558
6192,Heteromirafra archeri,unknown,5.1687,0.052
6193,Heteromirafra ruddi,unknown,5.1497,0.052
6194,Heteromunia pectoralis,unknown,5.4604,0.0599
6195,Heteromyias albispecularis,female,5.8522,0.0893
6196,Heteromyias albispecularis,unknown,5.6735,0.0537
6197,Heteromyias cinereifrons,unknown,5.6212,0.051
6198,Heteronetta atricapilla,male,5.0165,0.0789
6199,Heteronetta atricapilla,unknown,5.5466,0.0678
6200,Heterophasia auricularis,unknown,6.3227,0.0521
6201,Heterophasia capistrata,unknown,7.1075,0.1032
6202,Heterophasia desgodinsi,male,6.4248,0.0507
6203,Heterophasia desgodinsi,unknown,5.7516,0.0594
6204,Heterophasia gracilis,unknown,5.3285,0.0675
6205,Heterophasia melanoleuca,unknown,6.1295,0.0724
6206,Heterophasia picaoides,unknown,5.451,0.0452
6207,Heterophasia pulchella,unknown,5.9041,0.0558
6208,Heterospingus rubrifrons,unknown,5.4007,0.055
6209,Heterospingus xanthopygius,male,6.3177,0.0794
6210,Heterospingus xanthopygius,unknown,6.0021,0.0503
6211,Hieraaetus ayresii,unknown,6.4616,0.0828
6212,Hieraaetus morphnoides,unknown,6.6226,0.0998
6213,Hieraaetus pennatus,male,6.8223,0.0561
6214,Hieraaetus pennatus,unknown,6.6574,0.0709
6215,Hieraaetus wahlbergi,unknown,6.8711,0.0848
6216,Hieraaetus weiskei,unknown,5.8637,0.0795
6217,Hierococcyx bocki,female,5.141,0.0492
6218,Hierococcyx bocki,unknown,5.4032,0.0523
6219,Hierococcyx fugax,unknown,5.4737,0.0633
6220,Hierococcyx hyperythrus,unknown,5.5538,0.0559
6221,Hierococcyx nisicolor,unknown,5.9699,0.0605
6222,Hierococcyx pectoralis,unknown,5.3475,0.0608
6223,Hierococcyx sparverioides,unknown,4.958,0.051
6224,Hierococcyx vagans,male,6.066,0.0719
6225,Hierococcyx vagans,unknown,5.3575,0.0573
6226,Hierococcyx varius,unknown,5.505,0.0506
6227,Himantopus himantopus,unknown,7.391,0.0912
6228,Himantopus leucocephalus,male,6.2148,0.0532
6229,Himantopus leucocephalus,unknown,6.9097,0.0699
6230,Himantopus mexicanus,male,6.5655,0.0467
6231,Himantopus mexicanus,unknown,6.7876,0.0877
6232,Himantopus novaezelandiae,female,6.2911,0.051
6233,Himantopus novaezelandiae,unknown,6.2856,0.056
6234,Himantornis haematopus,unknown,4.6245,0.0678
6235,Himatione sanguinea,unknown,6.7101,0.0725
6236,Hippolais icterina,male,5.7843,0.0652
6237,Hippolais icterina,unknown,5.3006,0.0592
6238,Hippolais languida,unknown,4.7135,0.0603
6239,Hippolais olivetorum,unknown,4.9448,0.0504
6240,Hippolais polyglotta,male,5.0094,0.0472
6241,Hippolais polyglotta,unknown,5.5824,0.0462
6242,Hirundapus caudacutus,unknown,5.6048,0.0471
6243,Hirundapus celebensis,unknown,4.5265,0.0689
6244,Hirundapus cochinchinensis,unknown,4.8089,0.0616
6245,Hirundapus giganteus,unknown,5.5369,0.0609
6246,Hirundinea ferruginea,unknown,6.0637,0.0544
6247,Hirundo aethiopica,unknown,6.1339,0.0692
6248,Hirundo albigularis,unknown,6.4855,0.0585
6249,Hirundo angolensis,unknown,6.0548,0.065
6250,Hirundo atrocaerulea,female,5.6608,0.0308
6251,Hirundo atrocaerulea,male,6.1115,0.0696
6252,Hirundo atrocaerulea,unknown,5.4539,0.0513
6253,Hirundo dimidiata,unknown,6.1183,0.057
6254,Hirundo domicola,unknown,5.3535,0.0497
6255,Hirundo leucosoma,unknown,5.2235,0.0578
6256,Hirundo lucida,unknown,5.9449,0.0572
6257,Hirundo megaensis,unknown,6.9748,0.1045
6258,Hirundo neoxena,unknown,5.8959,0.0655
6259,Hirundo nigrita,unknown,6.3885,0.0749
6260,Hirundo nigrorufa,unknown,5.4509,0.0536
6261,Hirundo rustica,female,6.618,NA
6262,Hirundo rustica,unknown,6.4512,0.0782
6263,Hirundo smithii,male,5.847,0.0417
6264,Hirundo smithii,unknown,6.4773,0.0535
6265,Hirundo tahitica,unknown,6.7305,0.0695
6266,Histrionicus histrionicus,male,6.0335,0.0309
6267,Histrionicus histrionicus,unknown,6.5084,0.0612
6268,Histurgops ruficauda,unknown,5.4139,0.0502
6269,Horizocerus albocristatus,female,5.6885,0.0176
6270,Horizocerus albocristatus,unknown,5.5299,0.0631
6271,Horizocerus hartlaubi,female,5.6435,0.0373
6272,Horizocerus hartlaubi,male,5.2922,0.0513
6273,Horizocerus hartlaubi,unknown,5.4919,0.0547
6274,Horornis acanthizoides,unknown,5.5251,0.0515
6275,Horornis annae,unknown,5.1547,0.063
6276,Horornis brunnescens,unknown,5.5059,0.0533
6277,Horornis canturians,male,5.5548,0.0595
6278,Horornis canturians,unknown,5.8069,0.0587
6279,Horornis carolinae,unknown,4.5658,0.0717
6280,Horornis diphone,male,5.4615,0.0475
6281,Horornis diphone,unknown,5.2509,0.051
6282,Horornis flavolivaceus,unknown,5.2587,0.0543
6283,Horornis fortipes,unknown,5.3089,0.0602
6284,Horornis haddeni,unknown,4.8476,0.0569
6285,Horornis parens,unknown,4.5656,0.0711
6286,Horornis ruficapilla,unknown,5.5423,0.0662
6287,Horornis seebohmi,unknown,5.1372,0.0596
6288,Horornis vulcanius,unknown,5.445,0.0637
6289,Houbaropsis bengalensis,male,5.3509,0.0563
6290,Houbaropsis bengalensis,unknown,5.0465,0.0602
6291,Humblotia flavirostris,unknown,6.1217,0.0533
6292,Hydrobates pelagicus,unknown,5.4247,0.0534
6293,Hydrochous gigas,unknown,4.4166,0.0719
6294,Hydrocoloeus minutus,unknown,5.7925,0.0601
6295,Hydrophasianus chirurgus,female,6.0273,0.0509
6296,Hydrophasianus chirurgus,unknown,6.0438,0.0601
6297,Hydroprogne caspia,unknown,5.7988,0.0665
6298,Hydropsalis cayennensis,unknown,6.2544,0.0671
6299,Hydropsalis climacocerca,male,6.0893,0.0586
6300,Hydropsalis climacocerca,unknown,5.0114,0.0507
6301,Hydropsalis maculicaudus,male,5.481,0.0331
6302,Hydropsalis maculicaudus,unknown,6.2526,0.0855
6303,Hydropsalis torquata,male,5.9638,0.0468
6304,Hydropsalis torquata,unknown,5.119,0.0469
6305,Hydrornis baudii,male,6.7552,0.1244
6306,Hydrornis baudii,unknown,7.5486,0.0827
6307,Hydrornis caeruleus,female,6.3531,0.0518
6308,Hydrornis caeruleus,unknown,5.6152,0.0527
6309,Hydrornis cyaneus,male,6.682,NA
6310,Hydrornis cyaneus,unknown,7.1359,0.094
6311,Hydrornis elliotii,female,6.8101,0.0851
6312,Hydrornis elliotii,male,7.2348,0.0998
6313,Hydrornis elliotii,unknown,6.8686,0.076
6314,Hydrornis guajanus,female,6.5567,0.0623
6315,Hydrornis guajanus,male,7.422,0.1053
6316,Hydrornis guajanus,unknown,6.9759,0.0823
6317,Hydrornis gurneyi,female,6.552,0.0398
6318,Hydrornis gurneyi,unknown,6.9447,0.0698
6319,Hydrornis irena,female,6.8053,0.0362
6320,Hydrornis irena,male,7.4127,0.0986
6321,Hydrornis irena,unknown,7.2617,0.1096
6322,Hydrornis nipalensis,female,6.2114,0.085
6323,Hydrornis nipalensis,unknown,5.8514,0.0652
6324,Hydrornis oatesi,female,5.4262,0.0264
6325,Hydrornis oatesi,male,6.9665,0.0415
6326,Hydrornis oatesi,unknown,6.6622,0.0687
6327,Hydrornis phayrei,female,6.663,0.0587
6328,Hydrornis phayrei,male,5.8227,0.0556
6329,Hydrornis phayrei,unknown,5.991,0.0617
6330,Hydrornis schneideri,unknown,6.6843,0.0717
6331,Hydrornis schwaneri,male,7.1821,0.094
6332,Hydrornis schwaneri,unknown,7.4912,0.0941
6333,Hydrornis soror,female,6.531,0.0539
6334,Hydrornis soror,male,6.876,0.092
6335,Hydrornis soror,unknown,6.5858,0.0675
6336,Hylacola cauta,unknown,5.3376,0.0632
6337,Hylacola pyrrhopygia,unknown,5.723,0.065
6338,Hylexetastes perrotii,unknown,5.5423,0.0519
6339,Hylexetastes stresemanni,unknown,5.2137,0.0591
6340,Hylia prasina,unknown,4.8323,0.0642
6341,Hyliota australis,male,5.6998,0.0222
6342,Hyliota australis,unknown,5.4588,0.061
6343,Hyliota flavigaster,female,5.0677,0.0363
6344,Hyliota flavigaster,unknown,5.9251,0.0543
6345,Hyliota usambara,unknown,4.9358,0.058
6346,Hyliota violacea,female,5.8652,0.072
6347,Hyliota violacea,male,5.561,NA
6348,Hyliota violacea,unknown,5.6544,0.0607
6349,Hylocharis chrysura,unknown,6.7723,0.0739
6350,Hylocharis cyanus,male,6.8628,0.0643
6351,Hylocharis cyanus,unknown,6.9323,0.1054
6352,Hylocharis eliciae,male,7.029,0.081
6353,Hylocharis eliciae,unknown,7.1834,0.1012
6354,Hylocharis grayi,male,7.0247,0.0928
6355,Hylocharis grayi,unknown,7.6134,0.0951
6356,Hylocharis humboldtii,male,6.8339,0.0797
6357,Hylocharis humboldtii,unknown,6.5778,0.0574
6358,Hylocharis leucotis,male,6.7725,0.1171
6359,Hylocharis leucotis,unknown,7.4158,0.099
6360,Hylocharis sapphirina,male,6.6678,0.0518
6361,Hylocharis sapphirina,unknown,6.9019,0.0899
6362,Hylocharis xantusii,male,7.3109,0.0757
6363,Hylocharis xantusii,unknown,7.1637,0.1191
6364,Hylocichla mustelina,male,5.9373,0.0487
6365,Hylocichla mustelina,unknown,5.4611,0.0468
6366,Hylocitrea bonensis,male,5.2358,0.0468
6367,Hylocitrea bonensis,unknown,4.8778,0.0622
6368,Hylomanes momotula,unknown,7.0468,0.091
6369,Hylonympha macrocerca,female,6.6753,0.0386
6370,Hylonympha macrocerca,unknown,7.4636,0.1001
6371,Hylopezus auricularis,unknown,5.4463,0.0547
6372,Hylopezus berlepschi,unknown,5.5203,0.0543
6373,Hylopezus dives,unknown,5.87,0.0611
6374,Hylopezus fulviventris,unknown,5.6829,0.0583
6375,Hylopezus macularius,unknown,5.9919,0.0606
6376,Hylopezus nattereri,male,5.1787,0.0654
6377,Hylopezus nattereri,unknown,5.687,0.0678
6378,Hylopezus ochroleucus,unknown,5.4323,0.0445
6379,Hylopezus paraensis,unknown,5.1417,0.0653
6380,Hylopezus perspicillatus,unknown,6.0434,0.0637
6381,Hylopezus whittakeri,unknown,5.4746,0.0752
6382,Hylophilus amaurocephalus,unknown,5.8783,0.0553
6383,Hylophilus brunneiceps,unknown,4.9596,0.0488
6384,Hylophilus flavipes,unknown,5.1246,0.0448
6385,Hylophilus olivaceus,unknown,4.6561,0.0548
6386,Hylophilus pectoralis,unknown,5.7766,0.0554
6387,Hylophilus poicilotis,unknown,6.1189,0.058
6388,Hylophilus semicinereus,unknown,5.3556,0.0599
6389,Hylophilus thoracicus,unknown,5.5771,0.0575
6390,Hylophylax naevioides,male,5.7493,0.0364
6391,Hylophylax naevioides,unknown,5.9683,0.0826
6392,Hylophylax naevius,male,6.0362,0.0523
6393,Hylophylax naevius,unknown,5.6569,0.0401
6394,Hylophylax punctulatus,male,5.8773,0.0648
6395,Hylophylax punctulatus,unknown,6.0583,0.066
6396,Hylopsar cupreocauda,unknown,5.5123,0.0602
6397,Hylopsar purpureiceps,unknown,6.5816,0.0624
6398,Hylorchilus navai,unknown,5.342,0.0559
6399,Hylorchilus sumichrasti,unknown,5.6085,0.0411
6400,Hymenolaimus malacorhynchos,unknown,5.3574,0.0626
6401,Hymenops perspicillatus,female,5.4448,0.0451
6402,Hymenops perspicillatus,male,5.2056,0.0392
6403,Hymenops perspicillatus,unknown,5.6266,0.0629
6404,Hypargos margaritatus,male,7.0775,0.0611
6405,Hypargos margaritatus,unknown,7.062,0.109
6406,Hypargos niveoguttatus,male,6.5644,0.0822
6407,Hypargos niveoguttatus,unknown,7.0605,0.0609
6408,Hypergerus atriceps,male,5.8386,0.0332
6409,Hypergerus atriceps,unknown,5.6086,0.0688
6410,Hypnelus ruficollis,unknown,6.0315,0.0615
6411,Hypocnemis cantator,male,5.7956,0.0501
6412,Hypocnemis cantator,unknown,6.3089,0.0637
6413,Hypocnemis flavescens,unknown,5.4617,0.0658
6414,Hypocnemis hypoxantha,unknown,5.7293,0.052
6415,Hypocnemis ochrogyna,unknown,6.1028,0.0599
6416,Hypocnemis peruviana,male,5.8719,0.0422
6417,Hypocnemis peruviana,unknown,5.8951,0.0464
6418,Hypocnemis rondoni,female,5.1578,0.053
6419,Hypocnemis rondoni,male,6.3046,0.0631
6420,Hypocnemis rondoni,unknown,5.3507,0.0383
6421,Hypocnemis striata,male,5.541,0.0612
6422,Hypocnemis striata,unknown,5.7021,0.0595
6423,Hypocnemis subflava,unknown,5.3712,0.056
6424,Hypocnemoides maculicauda,unknown,5.6997,0.0427
6425,Hypocnemoides melanopogon,male,5.6018,0.0521
6426,Hypocnemoides melanopogon,unknown,5.2771,0.0429
6427,Hypocolius ampelinus,female,5.1613,0.032
6428,Hypocolius ampelinus,male,6.3026,0.0216
6429,Hypocolius ampelinus,unknown,5.4846,0.055
6430,Hypocryptadius cinnamomeus,unknown,4.2894,0.077
6431,Hypoedaleus guttatus,male,5.6354,0.0429
6432,Hypoedaleus guttatus,unknown,6.3442,0.0629
6433,Hypopyrrhus pyrohypogaster,unknown,6.4756,0.0645
6434,Hypositta corallirostris,unknown,5.8966,0.0625
6435,Hypothymis azurea,unknown,7.522,0.1119
6436,Hypothymis coelestis,female,6.3805,0.0616
6437,Hypothymis coelestis,male,6.4711,0.0868
6438,Hypothymis coelestis,unknown,7.0628,0.0905
6439,Hypothymis helenae,male,6.2721,0.0464
6440,Hypothymis helenae,unknown,6.7276,0.0769
6441,Hypothymis puella,unknown,6.5532,0.0821
6442,Hypsipetes amaurotis,unknown,5.063,0.0635
6443,Hypsipetes borbonicus,unknown,5.1316,0.0475
6444,Hypsipetes crassirostris,unknown,5.7205,0.0631
6445,Hypsipetes everetti,unknown,4.9746,0.0546
6446,Hypsipetes ganeesa,unknown,5.9348,0.0473
6447,Hypsipetes guimarasensis,unknown,5.124,0.064
6448,Hypsipetes leucocephalus,unknown,5.5938,0.0455
6449,Hypsipetes madagascariensis,unknown,4.7674,0.0659
6450,Hypsipetes mindorensis,unknown,4.2521,0.0664
6451,Hypsipetes moheliensis,unknown,5.2918,0.0602
6452,Hypsipetes nicobariensis,unknown,4.3851,0.083
6453,Hypsipetes olivaceus,unknown,4.9685,0.0431
6454,Hypsipetes parvirostris,unknown,4.8668,0.0631
6455,Hypsipetes philippinus,unknown,4.9603,0.0575
6456,Hypsipetes rufigularis,unknown,4.9829,0.0637
6457,Hypsipetes siquijorensis,unknown,4.7067,0.0649
6458,Hypsipetes thompsoni,unknown,6.6136,0.0574
6459,Ianthocincla albogularis,unknown,6.0443,0.0511
6460,Ianthocincla berthemyi,unknown,6.2454,0.0665
6461,Ianthocincla bieti,unknown,5.1804,0.0652
6462,Ianthocincla caerulata,unknown,5.664,0.0585
6463,Ianthocincla chinensis,unknown,5.7718,0.0584
6464,Ianthocincla cineracea,unknown,6.0753,0.08
6465,Ianthocincla courtoisi,unknown,6.081,0.0622
6466,Ianthocincla davidi,unknown,4.8864,0.056
6467,Ianthocincla delesserti,unknown,5.3839,0.0541
6468,Ianthocincla galbana,unknown,5.2091,0.057
6469,Ianthocincla gularis,unknown,6.0304,0.0603
6470,Ianthocincla konkakinhensis,female,5.5559,0.0464
6471,Ianthocincla konkakinhensis,male,5.9699,0.0797
6472,Ianthocincla konkakinhensis,unknown,6.0368,0.0355
6473,Ianthocincla koslowi,unknown,5.7859,0.0619
6474,Ianthocincla lanceolata,unknown,4.944,0.0583
6475,Ianthocincla lunulata,unknown,6.0057,0.0764
6476,Ianthocincla maxima,unknown,5.7224,0.0659
6477,Ianthocincla mitrata,unknown,6.273,0.0623
6478,Ianthocincla nuchalis,unknown,5.7959,0.0631
6479,Ianthocincla ocellata,unknown,6.4553,0.0715
6480,Ianthocincla pectoralis,unknown,5.8476,0.0649
6481,Ianthocincla poecilorhyncha,unknown,5.9111,0.0555
6482,Ianthocincla ruficeps,unknown,5.7585,0.0487
6483,Ianthocincla ruficollis,female,6.453,0.0688
6484,Ianthocincla ruficollis,unknown,5.9354,0.0477
6485,Ianthocincla rufogularis,unknown,6.3525,0.0658
6486,Ianthocincla sannio,unknown,6.0492,0.0617
6487,Ianthocincla sukatschewi,unknown,5.1773,0.0551
6488,Ianthocincla treacheri,unknown,6.3288,0.0686
6489,Ianthocincla vassali,unknown,5.5128,0.0542
6490,Ianthocincla waddelli,unknown,4.5988,0.0608
6491,Ianthocincla woodi,unknown,5.1837,0.0566
6492,Ibidorhyncha struthersii,unknown,6.1446,0.0582
6493,Ibycter americanus,unknown,6.0932,0.0542
6494,Ichthyaetus audouinii,unknown,5.5396,0.0488
6495,Ichthyaetus hemprichii,unknown,4.7289,0.053
6496,Ichthyaetus ichthyaetus,unknown,5.6636,0.055
6497,Ichthyaetus leucophthalmus,unknown,4.9057,0.0599
6498,Ichthyaetus melanocephalus,unknown,5.3218,0.04
6499,Ichthyaetus relictus,unknown,5.7181,0.0563
6500,Icteria virens,unknown,6.5533,0.0722
6501,Icterus abeillei,male,5.7135,0.0556
6502,Icterus abeillei,unknown,6.643,0.0837
6503,Icterus auratus,unknown,6.9617,0.0953
6504,Icterus auricapillus,unknown,6.3922,0.1037
6505,Icterus bonana,unknown,5.8102,0.054
6506,Icterus bullockii,unknown,7.0197,0.0815
6507,Icterus cayanensis,unknown,5.9786,0.0609
6508,Icterus chrysater,male,6.6462,0.0638
6509,Icterus chrysater,unknown,6.834,0.0549
6510,Icterus croconotus,unknown,7.3923,0.092
6511,Icterus cucullatus,male,6.1189,0.0337
6512,Icterus cucullatus,unknown,6.6054,0.0569
6513,Icterus dominicensis,unknown,6.4085,0.0784
6514,Icterus galbula,unknown,7.131,0.0687
6515,Icterus graceannae,unknown,6.853,0.0914
6516,Icterus graduacauda,unknown,6.4702,0.0645
6517,Icterus gularis,male,6.3712,0.0783
6518,Icterus gularis,unknown,6.6122,0.0833
6519,Icterus icterus,unknown,6.8529,0.07
6520,Icterus jamacaii,unknown,7.2507,0.0722
6521,Icterus laudabilis,male,5.6898,0.0471
6522,Icterus laudabilis,unknown,6.124,0.0461
6523,Icterus leucopteryx,male,6.157,0.0464
6524,Icterus leucopteryx,unknown,6.3127,0.0704
6525,Icterus maculialatus,unknown,6.8541,0.0766
6526,Icterus melanopsis,male,6.001,0.0371
6527,Icterus melanopsis,unknown,5.882,0.0472
6528,Icterus mesomelas,male,6.5901,0.0532
6529,Icterus mesomelas,unknown,6.7279,0.0653
6530,Icterus nigrogularis,unknown,6.7007,0.078
6531,Icterus northropi,unknown,6.0854,0.0668
6532,Icterus oberi,female,5.134,0.0465
6533,Icterus oberi,male,5.79,0.0637
6534,Icterus oberi,unknown,6.2346,0.0723
6535,Icterus parisorum,male,6.1941,0.0627
6536,Icterus parisorum,unknown,6.7606,0.075
6537,Icterus pectoralis,unknown,5.818,0.0549
6538,Icterus portoricensis,unknown,5.8672,0.0573
6539,Icterus prosthemelas,unknown,7.0155,0.0716
6540,Icterus pustulatus,male,6.33,0.0424
6541,Icterus pustulatus,unknown,6.6178,0.0684
6542,Icterus pyrrhopterus,unknown,5.3578,0.0385
6543,Icterus spurius,male,6.3059,0.0577
6544,Icterus spurius,unknown,6.7023,0.0756
6545,Icterus wagleri,male,6.7387,0.0568
6546,Icterus wagleri,unknown,6.6053,0.0769
6547,Ictinaetus malaiensis,unknown,6.2221,0.0701
6548,Ictinia mississippiensis,male,6.161,0.0502
6549,Ictinia mississippiensis,unknown,6.8357,0.0729
6550,Ictinia plumbea,unknown,6.176,0.0724
6551,Idiopsar brachyurus,unknown,5.2921,0.0651
6552,Idiopsar dorsalis,unknown,5.3513,0.0431
6553,Idiopsar erythronotus,unknown,5.918,0.0548
6554,Idiopsar speculifer,unknown,5.7478,0.0709
6555,Iduna caligata,unknown,5.5408,0.0527
6556,Iduna natalensis,unknown,6.0723,0.0699
6557,Iduna opaca,unknown,4.9932,0.0498
6558,Iduna pallida,male,4.3777,0.0708
6559,Iduna pallida,unknown,5.1513,0.0641
6560,Iduna rama,unknown,4.704,0.064
6561,Iduna similis,unknown,5.577,0.054
6562,Ifrita kowaldi,female,5.566,0.0149
6563,Ifrita kowaldi,male,6.337,NA
6564,Ifrita kowaldi,unknown,6.2788,0.0833
6565,Ilicura militaris,female,5.883,0.1496
6566,Ilicura militaris,male,7.1987,0.0282
6567,Ilicura militaris,unknown,6.5885,0.0725
6568,Illadopsis albipectus,unknown,4.9061,0.0546
6569,Illadopsis cleaveri,male,5.0658,0.0729
6570,Illadopsis cleaveri,unknown,4.7518,0.0601
6571,Illadopsis fulvescens,unknown,4.7475,0.0597
6572,Illadopsis puveli,unknown,4.6382,0.0622
6573,Illadopsis pyrrhoptera,unknown,4.5883,0.0824
6574,Illadopsis rufescens,unknown,4.4418,0.0517
6575,Illadopsis rufipennis,unknown,4.7321,0.0579
6576,Illadopsis turdina,unknown,5.5268,0.0592
6577,Incana incana,unknown,4.3298,0.0619
6578,Incaspiza laeta,unknown,5.5773,0.0527
6579,Incaspiza ortizi,unknown,6.0213,0.0511
6580,Incaspiza personata,unknown,5.3899,0.0613
6581,Incaspiza pulchra,unknown,6.1714,0.0586
6582,Incaspiza watkinsi,unknown,5.6603,0.0589
6583,Indicator archipelagicus,unknown,5.0076,0.0625
6584,Indicator conirostris,unknown,4.5477,0.0655
6585,Indicator exilis,unknown,4.2018,0.0718
6586,Indicator indicator,unknown,5.0443,0.0588
6587,Indicator maculatus,unknown,4.5215,0.0584
6588,Indicator meliphilus,unknown,4.8276,0.0567
6589,Indicator minor,unknown,4.7484,0.0499
6590,Indicator pumilio,unknown,4.613,0.0617
6591,Indicator variegatus,unknown,4.6728,0.056
6592,Indicator willcocksi,male,4.6243,0.0575
6593,Indicator willcocksi,unknown,4.2524,0.1003
6594,Indicator xanthonotus,female,4.7714,0.0743
6595,Indicator xanthonotus,male,5.1267,0.0836
6596,Indicator xanthonotus,unknown,5.5001,0.056
6597,Inezia caudata,unknown,5.4416,0.0648
6598,Inezia inornata,unknown,5.0757,0.0661
6599,Inezia subflava,unknown,5.2421,0.0584
6600,Inezia tenuirostris,unknown,5.2872,0.049
6601,Iodopleura fusca,unknown,4.9926,0.0599
6602,Iodopleura isabellae,female,5.9033,0.0301
6603,Iodopleura isabellae,male,6.31,0.0735
6604,Iodopleura isabellae,unknown,5.6497,0.0541
6605,Iodopleura pipra,male,5.5349,0.0716
6606,Iodopleura pipra,unknown,5.1981,0.0566
6607,Iole cacharensis,unknown,5.1267,0.0548
6608,Iole charlottae,unknown,4.8349,0.0605
6609,Iole crypta,unknown,4.6221,0.0646
6610,Iole indica,unknown,5.7818,0.0519
6611,Iole palawanensis,unknown,4.7983,0.0603
6612,Iole propinqua,unknown,4.9036,0.0707
6613,Iole viridescens,unknown,5.0568,0.062
6614,Irania gutturalis,female,5.696,NA
6615,Irania gutturalis,male,6.0827,0.0414
6616,Irania gutturalis,unknown,6.4197,0.076
6617,Irediparra gallinacea,unknown,5.6385,0.0496
6618,Irena cyanogastra,unknown,6.0046,0.0605
6619,Irena puella,female,5.026,0.0489
6620,Irena puella,male,6.718,NA
6621,Irena puella,unknown,7.2098,0.0941
6622,Iridophanes pulcherrimus,female,6.1137,0.0585
6623,Iridophanes pulcherrimus,male,6.503,0.0694
6624,Iridophanes pulcherrimus,unknown,6.5308,0.0708
6625,Iridosornis analis,unknown,6.7424,0.079
6626,Iridosornis jelskii,male,6.8664,0.0763
6627,Iridosornis jelskii,unknown,6.982,0.0801
6628,Iridosornis porphyrocephalus,unknown,7.305,0.1149
6629,Iridosornis reinhardti,male,6.327,0.0518
6630,Iridosornis reinhardti,unknown,7.166,0.1051
6631,Iridosornis rufivertex,unknown,7.0176,0.0821
6632,Isleria guttata,male,6.0535,0.0438
6633,Isleria guttata,unknown,6.2967,0.0716
6634,Isleria hauxwelli,female,5.8783,0.0579
6635,Isleria hauxwelli,male,4.6422,0.0223
6636,Isleria hauxwelli,unknown,6.2794,0.0671
6637,Ispidina lecontei,male,7.093,0.0811
6638,Ispidina lecontei,unknown,7.5213,0.1076
6639,Ispidina picta,unknown,7.0894,0.0744
6640,Ithaginis cruentus,male,6.8095,0.079
6641,Ithaginis cruentus,unknown,6.3219,0.0692
6642,Ixobrychus cinnamomeus,male,6.1626,0.0566
6643,Ixobrychus cinnamomeus,unknown,5.4722,0.0541
6644,Ixobrychus dubius,female,5.4598,0.017
6645,Ixobrychus dubius,unknown,5.5164,0.0545
6646,Ixobrychus eurhythmus,unknown,5.4221,0.0506
6647,Ixobrychus exilis,female,5.7509,0.0448
6648,Ixobrychus exilis,male,6.2348,0.0608
6649,Ixobrychus exilis,unknown,6.2748,0.0507
6650,Ixobrychus flavicollis,unknown,5.4966,0.0521
6651,Ixobrychus involucris,unknown,5.7069,0.0514
6652,Ixobrychus minutus,female,6.169,0.0408
6653,Ixobrychus minutus,male,5.7134,0.0485
6654,Ixobrychus minutus,unknown,5.7414,0.0588
6655,Ixobrychus sinensis,male,6.856,0.0865
6656,Ixobrychus sinensis,unknown,5.8724,0.0592
6657,Ixobrychus sturmii,unknown,6.013,0.0686
6658,Ixonotus guttatus,unknown,4.8791,0.0651
6659,Ixoreus naevius,female,5.679,NA
6660,Ixoreus naevius,male,6.7426,0.0716
6661,Ixoreus naevius,unknown,6.8799,0.056
6662,Ixos malaccensis,unknown,5.0241,0.0544
6663,Ixos mcclellandii,unknown,5.788,0.0537
6664,Ixos virescens,unknown,4.9917,0.0557
6665,Ixothraupis guttata,unknown,6.6265,0.0689
6666,Ixothraupis punctata,unknown,7.1731,0.0886
6667,Ixothraupis rufigula,unknown,6.1441,0.0673
6668,Ixothraupis varia,unknown,6.9371,0.1006
6669,Ixothraupis xanthogastra,unknown,6.8562,0.0918
6670,Jabiru mycteria,unknown,5.9206,0.0553
6671,Jacamaralcyon tridactyla,unknown,6.0741,0.063
6672,Jacamerops aureus,unknown,7.3848,0.1004
6673,Jacana jacana,unknown,5.8997,0.0616
6674,Jacana spinosa,unknown,6.4862,0.0652
6675,Juliamyia julie,unknown,7.6416,0.1032
6676,Junco bairdi,unknown,5.4096,0.0529
6677,Junco hyemalis,female,4.8623,0.0476
6678,Junco hyemalis,male,5.662,NA
6679,Junco hyemalis,unknown,5.5609,0.0459
6680,Junco insularis,male,4.6124,0.048
6681,Junco insularis,unknown,5.4475,0.0559
6682,Junco phaeonotus,unknown,5.5142,0.0615
6683,Junco vulcani,unknown,5.1882,0.0556
6684,Jynx ruficollis,unknown,5.4715,0.0535
6685,Jynx torquilla,unknown,5.2286,0.0524
6686,Kakamega poliothorax,unknown,4.823,0.0635
6687,Kaupifalco monogrammicus,unknown,6.3986,0.0725
6688,Kenopia striata,unknown,5.0514,0.0457
6689,Ketupa blakistoni,male,6.8176,0.0651
6690,Ketupa blakistoni,unknown,6.7484,0.0901
6691,Ketupa flavipes,unknown,7.0699,0.0643
6692,Ketupa ketupu,unknown,6.9545,0.0985
6693,Ketupa zeylonensis,unknown,6.7175,0.0824
6694,Klais guimeti,unknown,6.9576,0.0879
6695,Kleinothraupis atropileus,unknown,6.1292,0.0658
6696,Kleinothraupis calophrys,male,6.3633,0.0459
6697,Kleinothraupis calophrys,unknown,6.3444,0.0532
6698,Kleinothraupis parodii,unknown,5.9975,0.0477
6699,Kleinothraupis reyi,unknown,6.3704,0.0627
6700,Knipolegus aterrimus,female,5.9175,0.0474
6701,Knipolegus aterrimus,unknown,5.6352,0.0635
6702,Knipolegus cabanisi,female,5.1325,0.0353
6703,Knipolegus cabanisi,male,5.7875,0.0355
6704,Knipolegus cabanisi,unknown,5.113,0.0588
6705,Knipolegus cyanirostris,female,5.5645,0.04
6706,Knipolegus cyanirostris,male,5.5564,0.057
6707,Knipolegus cyanirostris,unknown,5.5644,0.0375
6708,Knipolegus franciscanus,male,4.9645,0.048
6709,Knipolegus franciscanus,unknown,5.5601,0.0599
6710,Knipolegus hudsoni,female,5.3676,0.0878
6711,Knipolegus hudsoni,male,5.4755,0.0512
6712,Knipolegus hudsoni,unknown,5.5347,0.0581
6713,Knipolegus lophotes,male,5.0125,0.0558
6714,Knipolegus lophotes,unknown,6.1826,0.0624
6715,Knipolegus nigerrimus,male,5.2963,0.0344
6716,Knipolegus nigerrimus,unknown,6.0536,0.0585
6717,Knipolegus orenocensis,female,5.6082,0.0323
6718,Knipolegus orenocensis,male,5.5217,0.0591
6719,Knipolegus orenocensis,unknown,5.4597,0.0367
6720,Knipolegus poecilocercus,male,6.344,0.0624
6721,Knipolegus poecilocercus,unknown,5.8054,0.0609
6722,Knipolegus poecilurus,unknown,5.4266,0.0525
6723,Knipolegus signatus,female,4.9357,0.0726
6724,Knipolegus signatus,male,4.858,NA
6725,Knipolegus signatus,unknown,6.4598,0.0256
6726,Knipolegus striaticeps,female,5.1873,0.0659
6727,Knipolegus striaticeps,male,5.8343,0.0658
6728,Knipolegus striaticeps,unknown,5.7542,0.057
6729,Kurochkinegramma hypogrammicum,male,6.2446,0.0574
6730,Kurochkinegramma hypogrammicum,unknown,6.0626,0.0615
6731,Lacedo pulchella,male,7.3353,0.058
6732,Lacedo pulchella,unknown,7.1888,0.0805
6733,Lafresnaya lafresnayi,female,7.295,0.0713
6734,Lafresnaya lafresnayi,male,7.3785,0.1579
6735,Lafresnaya lafresnayi,unknown,7.403,0.116
6736,Lagonosticta landanae,female,6.1391,0.0443
6737,Lagonosticta landanae,male,6.504,NA
6738,Lagonosticta landanae,unknown,5.6326,0.0429
6739,Lagonosticta larvata,male,6.3238,0.0408
6740,Lagonosticta larvata,unknown,6.8306,0.0873
6741,Lagonosticta nitidula,male,6.886,NA
6742,Lagonosticta nitidula,unknown,6.2105,0.0806
6743,Lagonosticta rara,male,6.5982,0.0615
6744,Lagonosticta rara,unknown,6.2835,0.0609
6745,Lagonosticta rhodopareia,male,6.5968,0.0689
6746,Lagonosticta rhodopareia,unknown,6.4573,0.0585
6747,Lagonosticta rubricata,unknown,6.9227,0.0829
6748,Lagonosticta rufopicta,male,6.2893,0.063
6749,Lagonosticta rufopicta,unknown,5.9952,0.074
6750,Lagonosticta sanguinodorsalis,male,6.149,0.0592
6751,Lagonosticta sanguinodorsalis,unknown,6.6492,0.0701
6752,Lagonosticta senegala,female,6.22,0.0685
6753,Lagonosticta senegala,male,6.6813,0.1217
6754,Lagonosticta senegala,unknown,6.4567,0.0808
6755,Lagonosticta umbrinodorsalis,unknown,6.1599,0.0765
6756,Lagonosticta virata,male,5.372,0.0356
6757,Lagonosticta virata,unknown,5.9546,0.0661
6758,Lagopus lagopus,male,5.4911,0.0626
6759,Lagopus lagopus,unknown,6.7191,0.0756
6760,Lagopus leucura,male,6.8064,0.0671
6761,Lagopus leucura,unknown,6.4983,0.0861
6762,Lagopus muta,female,5.8718,0.0652
6763,Lagopus muta,male,6.2051,0.0758
6764,Lagopus muta,unknown,6.1715,0.0479
6765,Lalage atrovirens,female,5.9794,0.0605
6766,Lalage atrovirens,unknown,5.8564,0.0541
6767,Lalage aurea,male,5.8118,0.0632
6768,Lalage aurea,unknown,6.0415,0.0737
6769,Lalage fimbriata,female,5.1976,0.0645
6770,Lalage fimbriata,unknown,5.2779,0.0649
6771,Lalage leucomela,female,5.641,0.0324
6772,Lalage leucomela,male,5.4641,0.0462
6773,Lalage leucomela,unknown,6.0772,0.0734
6774,Lalage leucopyga,unknown,5.741,0.0634
6775,Lalage leucopygialis,male,5.1908,0.0498
6776,Lalage leucopygialis,unknown,5.231,0.065
6777,Lalage maculosa,unknown,5.5476,0.0522
6778,Lalage melanoleuca,female,5.0288,0.0512
6779,Lalage melanoleuca,male,5.8818,0.062
6780,Lalage melanoleuca,unknown,6.4055,0.0719
6781,Lalage melanoptera,female,5.0977,0.0586
6782,Lalage melanoptera,unknown,5.4075,0.0585
6783,Lalage melaschistos,unknown,5.8543,0.0541
6784,Lalage moesta,unknown,5.2699,0.0553
6785,Lalage newtoni,male,5.9936,0.0555
6786,Lalage newtoni,unknown,5.0622,0.0653
6787,Lalage nigra,female,4.6943,0.0584
6788,Lalage nigra,male,5.6942,0.0469
6789,Lalage nigra,unknown,5.1195,0.0556
6790,Lalage polioptera,unknown,5.5305,0.0486
6791,Lalage sharpei,unknown,5.0337,0.059
6792,Lalage sueurii,male,4.8692,0.0566
6793,Lalage sueurii,unknown,5.3911,0.0604
6794,Lalage tricolor,unknown,5.4828,0.0573
6795,Lalage typica,male,5.1735,0.0491
6796,Lalage typica,unknown,5.0933,0.0586
6797,Lampornis amethystinus,male,7.157,0.0225
6798,Lampornis amethystinus,unknown,6.5625,0.0691
6799,Lampornis calolaemus,male,7.2613,0.0876
6800,Lampornis calolaemus,unknown,7.7089,0.0943
6801,Lampornis castaneoventris,male,7.394,0.0972
6802,Lampornis castaneoventris,unknown,7.2272,0.0732
6803,Lampornis clemenciae,unknown,6.5734,0.0546
6804,Lampornis hemileucus,male,6.49,NA
6805,Lampornis hemileucus,unknown,7.1536,0.0941
6806,Lampornis sybillae,female,6.2552,0.0396
6807,Lampornis sybillae,male,6.7817,0.0733
6808,Lampornis sybillae,unknown,7.2772,0.0814
6809,Lampornis viridipallens,male,7.1949,0.0988
6810,Lampornis viridipallens,unknown,7.0734,0.1127
6811,Lamprolaima rhami,male,6.9956,0.0662
6812,Lamprolaima rhami,unknown,8.076,0.1211
6813,Lamprolia klinesmithi,unknown,5.9975,0.0644
6814,Lamprolia victoriae,unknown,5.7449,0.06
6815,Lampropsar tanagrinus,unknown,5.6184,0.046
6816,Lamprospiza melanoleuca,female,5.7644,0.0631
6817,Lamprospiza melanoleuca,male,6.4047,0.0372
6818,Lamprospiza melanoleuca,unknown,5.5505,0.0547
6819,Lamprotornis acuticaudus,unknown,6.1743,0.0622
6820,Lamprotornis albicapillus,unknown,5.4948,0.0636
6821,Lamprotornis australis,unknown,5.7373,0.0627
6822,Lamprotornis bicolor,unknown,5.7988,0.0601
6823,Lamprotornis caudatus,unknown,6.1156,0.0553
6824,Lamprotornis chalcurus,unknown,7.2671,0.0915
6825,Lamprotornis chalybaeus,unknown,6.8973,0.0792
6826,Lamprotornis chloropterus,unknown,7.1167,0.0958
6827,Lamprotornis fischeri,unknown,5.6809,0.0478
6828,Lamprotornis hildebrandti,unknown,6.6096,0.0802
6829,Lamprotornis iris,unknown,7.1626,0.1169
6830,Lamprotornis mevesii,unknown,6.9783,0.0828
6831,Lamprotornis nitens,unknown,6.5915,0.0601
6832,Lamprotornis ornatus,unknown,5.6122,0.0546
6833,Lamprotornis pulcher,unknown,5.8316,0.0603
6834,Lamprotornis purpureus,unknown,6.9289,0.0939
6835,Lamprotornis purpuroptera,unknown,6.7824,0.086
6836,Lamprotornis regius,unknown,6.9383,0.0739
6837,Lamprotornis shelleyi,unknown,6.3799,0.0709
6838,Lamprotornis splendidus,unknown,6.9132,0.0842
6839,Lamprotornis superbus,unknown,7.1401,0.1211
6840,Lamprotornis unicolor,unknown,5.7992,0.066
6841,Laniarius aethiopicus,unknown,5.2164,0.0692
6842,Laniarius amboimensis,unknown,6.6498,0.0686
6843,Laniarius atrococcineus,unknown,6.929,0.0756
6844,Laniarius atroflavus,male,5.9233,0.073
6845,Laniarius atroflavus,unknown,7.1816,0.081
6846,Laniarius barbarus,unknown,7.6384,0.1306
6847,Laniarius bicolor,unknown,6.0398,0.062
6848,Laniarius brauni,male,6.7764,0.0828
6849,Laniarius brauni,unknown,6.581,0.0902
6850,Laniarius erythrogaster,unknown,6.9402,0.0721
6851,Laniarius ferrugineus,female,5.646,0.0457
6852,Laniarius ferrugineus,unknown,6.0388,0.0602
6853,Laniarius fuelleborni,unknown,5.1983,0.0554
6854,Laniarius funebris,unknown,5.3085,0.0574
6855,Laniarius holomelas,unknown,5.2813,0.0552
6856,Laniarius leucorhynchus,unknown,5.5583,0.0468
6857,Laniarius luehderi,unknown,6.4505,0.0626
6858,Laniarius major,unknown,5.9248,0.0581
6859,Laniarius mufumbiri,unknown,6.6199,0.0835
6860,Laniarius nigerrimus,unknown,5.3426,0.0474
6861,Laniarius poensis,unknown,5.0589,0.0606
6862,Laniarius ruficeps,unknown,6.3395,0.0849
6863,Laniarius sublacteus,unknown,5.7887,0.0524
6864,Laniarius turatii,unknown,5.2699,0.0509
6865,Laniarius willardi,unknown,5.4418,0.0614
6866,Laniisoma elegans,male,5.227,NA
6867,Laniisoma elegans,unknown,5.7373,0.0643
6868,Lanio aurantius,male,5.573,NA
6869,Lanio aurantius,unknown,6.0585,0.0561
6870,Lanio fulvus,male,5.637,0.0509
6871,Lanio fulvus,unknown,6.0293,0.0607
6872,Lanio leucothorax,male,6.04,0.0672
6873,Lanio leucothorax,unknown,6.6066,0.0873
6874,Lanio versicolor,male,5.852,0.0506
6875,Lanio versicolor,unknown,6.6536,0.0635
6876,Laniocera hypopyrra,male,5.0106,0.042
6877,Laniocera hypopyrra,unknown,4.8918,0.0599
6878,Laniocera rufescens,unknown,5.1157,0.0665
6879,Lanioturdus torquatus,unknown,6.2875,0.0574
6880,Lanius borealis,unknown,6.3223,0.0686
6881,Lanius bucephalus,male,5.8072,0.064
6882,Lanius bucephalus,unknown,6.7076,0.0709
6883,Lanius cabanisi,unknown,5.9851,0.0613
6884,Lanius collaris,female,7.1132,0.1013
6885,Lanius collaris,male,6.3137,0.0893
6886,Lanius collaris,unknown,5.9328,0.0609
6887,Lanius collurio,male,6.3105,0.0743
6888,Lanius collurio,unknown,5.8523,0.0446
6889,Lanius collurioides,unknown,6.5965,0.0709
6890,Lanius cristatus,female,5.9475,0.0443
6891,Lanius cristatus,unknown,6.0569,0.0531
6892,Lanius dorsalis,unknown,6.4128,0.0686
6893,Lanius excubitor,unknown,6.044,0.0522
6894,Lanius excubitoroides,unknown,6.2411,0.0575
6895,Lanius gubernator,unknown,6.3518,0.0829
6896,Lanius humeralis,unknown,6.1974,0.0844
6897,Lanius isabellinus,unknown,6.0917,0.0757
6898,Lanius ludovicianus,unknown,6.4538,0.057
6899,Lanius mackinnoni,unknown,6.6344,0.0696
6900,Lanius meridionalis,unknown,6.4526,0.0665
6901,Lanius minor,unknown,6.565,0.063
6902,Lanius newtoni,unknown,6.3941,0.0586
6903,Lanius nubicus,unknown,6.4184,0.0608
6904,Lanius phoenicuroides,male,6.3776,0.0839
6905,Lanius phoenicuroides,unknown,6.8091,0.074
6906,Lanius schach,unknown,6.9238,0.089
6907,Lanius senator,female,5.4668,0.0782
6908,Lanius senator,male,6.2698,0.0641
6909,Lanius senator,unknown,6.2398,0.0639
6910,Lanius somalicus,unknown,6.6371,0.0815
6911,Lanius souzae,unknown,5.9405,0.0616
6912,Lanius sphenocercus,unknown,6.9381,0.0825
6913,Lanius tephronotus,unknown,5.9888,0.0612
6914,Lanius tigrinus,female,6.2077,0.0716
6915,Lanius tigrinus,male,6.3437,0.0424
6916,Lanius tigrinus,unknown,5.418,0.0403
6917,Lanius validirostris,unknown,6.241,0.0563
6918,Lanius vittatus,unknown,6.2656,0.092
6919,Larosterna inca,unknown,5.8664,0.0545
6920,Larus argentatus,unknown,4.7331,0.0732
6921,Larus armenicus,unknown,5.3547,0.0461
6922,Larus atlanticus,unknown,5.0451,0.0477
6923,Larus belcheri,unknown,5.4373,0.0624
6924,Larus cachinnans,unknown,5.4534,0.0515
6925,Larus californicus,unknown,5.6925,0.062
6926,Larus canus,unknown,5.7194,0.0515
6927,Larus crassirostris,unknown,4.8972,0.0587
6928,Larus delawarensis,unknown,4.8441,0.0694
6929,Larus dominicanus,unknown,5.7005,0.0576
6930,Larus fuscus,unknown,4.8629,0.0557
6931,Larus glaucescens,unknown,4.5043,0.067
6932,Larus glaucoides,unknown,4.5213,0.071
6933,Larus heermanni,unknown,5.0233,0.0592
6934,Larus hyperboreus,unknown,4.7013,0.0579
6935,Larus livens,unknown,5.0705,0.0596
6936,Larus marinus,female,5.2403,0.0562
6937,Larus marinus,unknown,4.9303,0.0626
6938,Larus michahellis,unknown,4.8176,0.066
6939,Larus occidentalis,unknown,4.9149,0.0551
6940,Larus pacificus,unknown,5.1262,0.0456
6941,Larus schistisagus,unknown,4.6279,0.0606
6942,Larvivora akahige,female,6.451,0.01
6943,Larvivora akahige,unknown,6.5202,0.0724
6944,Larvivora brunnea,male,6.1141,0.0671
6945,Larvivora brunnea,unknown,7.0923,0.086
6946,Larvivora cyane,female,5.9275,0.0956
6947,Larvivora cyane,male,7.3601,0.1076
6948,Larvivora cyane,unknown,6.8346,0.0679
6949,Larvivora komadori,male,6.7078,0.0542
6950,Larvivora komadori,unknown,7.1288,0.0827
6951,Larvivora ruficeps,female,5.4134,0.0538
6952,Larvivora ruficeps,unknown,5.125,0.0594
6953,Larvivora sibilans,unknown,5.9765,0.0633
6954,Laterallus albigularis,unknown,5.8412,0.0606
6955,Laterallus exilis,unknown,5.3367,0.0452
6956,Laterallus jamaicensis,male,5.1614,0.0393
6957,Laterallus jamaicensis,unknown,4.7725,0.0649
6958,Laterallus leucopyrrhus,unknown,5.7824,0.0635
6959,Laterallus levraudi,unknown,5.6487,0.0575
6960,Laterallus melanophaius,unknown,5.8856,0.0459
6961,Laterallus ruber,unknown,5.649,0.0426
6962,Laterallus spilonota,unknown,4.9193,0.0544
6963,Laterallus xenopterus,unknown,5.748,0.0602
6964,Lathamus discolor,male,7.3742,0.0972
6965,Lathamus discolor,unknown,6.7259,0.0658
6966,Lathrotriccus euleri,unknown,4.9555,0.0559
6967,Lathrotriccus griseipectus,unknown,5.5344,0.0531
6968,Laticilla burnesii,unknown,5.15,0.066
6969,Laticilla cinerascens,unknown,5.3057,0.0462
6970,Legatus leucophaius,unknown,5.1099,0.0613
6971,Leiopicus mahrattensis,female,6.007,0.0373
6972,Leiopicus mahrattensis,male,6.1476,0.0467
6973,Leiopicus mahrattensis,unknown,5.937,0.0532
6974,Leiothlypis celata,unknown,6.1962,0.1006
6975,Leiothlypis crissalis,unknown,6.1489,0.0664
6976,Leiothlypis luciae,female,5.6021,0.049
6977,Leiothlypis luciae,male,5.945,0.0411
6978,Leiothlypis luciae,unknown,5.8622,0.0538
6979,Leiothlypis peregrina,male,6.96,NA
6980,Leiothlypis peregrina,unknown,6.4173,0.0498
6981,Leiothlypis ruficapilla,male,6.4215,0.0207
6982,Leiothlypis ruficapilla,unknown,6.8421,0.0737
6983,Leiothlypis virginiae,unknown,5.7423,0.051
6984,Leiothrix argentauris,male,7.0788,0.0688
6985,Leiothrix argentauris,unknown,7.0745,0.1072
6986,Leiothrix lutea,unknown,7.1406,0.0959
6987,Leipoa ocellata,unknown,4.8278,0.0676
6988,Leistes bellicosus,unknown,6.5063,0.0647
6989,Leistes defilippii,male,5.8831,0.0582
6990,Leistes defilippii,unknown,6.3151,0.0658
6991,Leistes loyca,male,6.2563,0.046
6992,Leistes loyca,unknown,6.638,0.0523
6993,Leistes militaris,male,5.4576,0.0862
6994,Leistes militaris,unknown,6.4579,0.0768
6995,Leistes superciliaris,male,5.8756,0.0574
6996,Leistes superciliaris,unknown,6.1307,0.0522
6997,Leonardina woodi,unknown,6.0152,0.0549
6998,Lepidocolaptes affinis,unknown,5.7005,0.0589
6999,Lepidocolaptes albolineatus,unknown,5.8036,0.0594
7000,Lepidocolaptes angustirostris,male,5.838,NA
7001,Lepidocolaptes angustirostris,unknown,6.0398,0.0607
7002,Lepidocolaptes duidae,unknown,5.3059,0.0416
7003,Lepidocolaptes falcinellus,unknown,5.7212,0.0563
7004,Lepidocolaptes fatimalimae,unknown,4.9902,0.0467
7005,Lepidocolaptes fuscicapillus,unknown,5.2217,0.0617
7006,Lepidocolaptes lacrymiger,unknown,5.8322,0.0758
7007,Lepidocolaptes layardi,unknown,5.0002,0.0546
7008,Lepidocolaptes leucogaster,unknown,5.4075,0.0555
7009,Lepidocolaptes souleyetii,unknown,5.0942,0.0513
7010,Lepidocolaptes squamatus,male,5.6757,0.0708
7011,Lepidocolaptes squamatus,unknown,5.6118,0.0623
7012,Lepidopyga coeruleogularis,male,7.9576,0.122
7013,Lepidopyga coeruleogularis,unknown,7.3444,0.1291
7014,Lepidopyga goudoti,unknown,7.2371,0.0773
7015,Lepidopyga lilliae,male,7.9481,0.0882
7016,Lepidopyga lilliae,unknown,6.9944,0.1086
7017,Lepidothrix coeruleocapilla,male,6.7007,0.0967
7018,Lepidothrix coeruleocapilla,unknown,5.9816,0.0547
7019,Lepidothrix coronata,male,6.3127,0.0489
7020,Lepidothrix coronata,unknown,6.5471,0.0634
7021,Lepidothrix iris,male,6.7836,0.0748
7022,Lepidothrix iris,unknown,6.7182,0.0769
7023,Lepidothrix isidorei,male,6.757,NA
7024,Lepidothrix isidorei,unknown,6.3012,0.0734
7025,Lepidothrix nattereri,male,7.0473,0.1816
7026,Lepidothrix nattereri,unknown,6.2709,0.066
7027,Lepidothrix serena,female,7.08,0.1051
7028,Lepidothrix serena,male,6.767,0.0843
7029,Lepidothrix serena,unknown,6.8348,0.0656
7030,Lepidothrix suavissima,female,5.6326,0.0448
7031,Lepidothrix suavissima,unknown,6.3471,0.0742
7032,Lepidothrix vilasboasi,female,5.7976,0.0685
7033,Lepidothrix vilasboasi,male,5.9901,0.0466
7034,Lepidothrix vilasboasi,unknown,6.2437,0.0663
7035,Leptasthenura aegithaloides,unknown,4.8857,0.0658
7036,Leptasthenura andicola,unknown,5.3843,0.0598
7037,Leptasthenura fuliginiceps,unknown,6.1187,0.0729
7038,Leptasthenura pileata,unknown,5.3906,0.0523
7039,Leptasthenura platensis,unknown,6.1775,0.0629
7040,Leptasthenura setaria,unknown,5.5491,0.0611
7041,Leptasthenura striata,unknown,4.5014,0.0713
7042,Leptasthenura striolata,unknown,5.1655,0.0411
7043,Leptasthenura xenothorax,unknown,5.3063,0.0674
7044,Leptocoma aspasia,unknown,5.8709,0.052
7045,Leptocoma brasiliana,female,6.0621,0.0639
7046,Leptocoma brasiliana,male,6.1298,0.0437
7047,Leptocoma brasiliana,unknown,6.4409,0.0782
7048,Leptocoma calcostetha,male,7.3391,0.082
7049,Leptocoma calcostetha,unknown,7.3348,0.1092
7050,Leptocoma minima,female,6.3813,0.0259
7051,Leptocoma minima,male,7.6121,0.0497
7052,Leptocoma minima,unknown,6.8715,0.1134
7053,Leptocoma sperata,unknown,6.5854,0.0777
7054,Leptocoma zeylonica,female,5.9273,0.0772
7055,Leptocoma zeylonica,male,6.0778,0.0295
7056,Leptocoma zeylonica,unknown,6.6917,0.0775
7057,Leptodon cayanensis,unknown,6.3984,0.0738
7058,Leptodon forbesi,unknown,6.3369,0.066
7059,Leptopoecile elegans,female,5.9546,0.0454
7060,Leptopoecile elegans,male,6.7675,0.0875
7061,Leptopoecile elegans,unknown,7.3595,0.1387
7062,Leptopoecile sophiae,male,7.4383,0.0927
7063,Leptopoecile sophiae,unknown,7.0542,0.1036
7064,Leptopogon amaurocephalus,unknown,5.1271,0.0536
7065,Leptopogon rufipectus,unknown,5.2119,0.0553
7066,Leptopogon superciliaris,unknown,5.477,0.0533
7067,Leptopogon taczanowskii,unknown,5.1743,0.0616
7068,Leptopterus chabert,unknown,6.3076,0.0608
7069,Leptoptilos crumenifer,unknown,4.6258,0.0605
7070,Leptoptilos dubius,female,4.905,0.0665
7071,Leptoptilos dubius,unknown,4.6782,0.0848
7072,Leptoptilos javanicus,unknown,5.185,0.0535
7073,Leptosittaca branickii,unknown,7.4289,0.1095
7074,Leptosomus discolor,unknown,5.7492,0.0547
7075,Leptotila cassinii,unknown,5.3857,0.0597
7076,Leptotila conoveri,unknown,5.2276,0.0564
7077,Leptotila jamaicensis,unknown,5.9822,0.0593
7078,Leptotila megalura,unknown,5.273,0.0593
7079,Leptotila ochraceiventris,unknown,5.6699,0.0721
7080,Leptotila pallida,unknown,5.1901,0.0516
7081,Leptotila plumbeiceps,male,5.3008,0.0686
7082,Leptotila plumbeiceps,unknown,5.2642,0.0532
7083,Leptotila rufaxilla,unknown,5.5207,0.0483
7084,Leptotila verreauxi,unknown,5.0148,0.0472
7085,Leptotila wellsi,unknown,5.3167,0.055
7086,Leptotrygon veraguensis,unknown,5.1642,0.0587
7087,Lerwa lerwa,unknown,5.7875,0.0519
7088,Lesbia nuna,female,7.2033,0.0612
7089,Lesbia nuna,male,7.4929,0.064
7090,Lesbia nuna,unknown,7.5947,0.1153
7091,Lesbia victoriae,male,6.7722,0.0644
7092,Lesbia victoriae,unknown,7.4155,0.0884
7093,Lessonia oreas,unknown,5.7597,0.0567
7094,Lessonia rufa,female,5.2729,0.0391
7095,Lessonia rufa,male,5.4038,0.0456
7096,Lessonia rufa,unknown,5.8805,0.0446
7097,Leucippus baeri,unknown,6.4678,0.0655
7098,Leucippus chlorocercus,female,6.5683,0.0275
7099,Leucippus chlorocercus,unknown,6.1805,0.064
7100,Leucippus fallax,unknown,6.4275,0.0661
7101,Leucippus taczanowskii,unknown,6.1687,0.0537
7102,Leucochloris albicollis,unknown,7.3811,0.0862
7103,Leucogeranus leucogeranus,unknown,5.8854,0.0797
7104,Leucophaeus atricilla,unknown,5.4662,0.0535
7105,Leucophaeus fuliginosus,unknown,5.2347,0.0583
7106,Leucophaeus modestus,unknown,5.8452,0.0588
7107,Leucophaeus pipixcan,unknown,4.6889,0.0647
7108,Leucophaeus scoresbii,unknown,4.9072,0.0589
7109,Leucopsar rothschildi,unknown,7.0635,0.0972
7110,Leucopternis kuhli,unknown,6.1151,0.0616
7111,Leucopternis melanops,unknown,6.1826,0.0592
7112,Leucopternis semiplumbeus,unknown,6.7894,0.0777
7113,Leucosarcia melanoleuca,unknown,6.4235,0.0666
7114,Leucosticte arctoa,male,5.9237,0.0579
7115,Leucosticte arctoa,unknown,6.374,0.0703
7116,Leucosticte atrata,male,6.7589,0.076
7117,Leucosticte atrata,unknown,6.5902,0.0661
7118,Leucosticte australis,male,6.1677,0.0503
7119,Leucosticte australis,unknown,6.348,0.0604
7120,Leucosticte brandti,unknown,5.0048,0.0686
7121,Leucosticte nemoricola,unknown,5.2869,0.0491
7122,Leucosticte tephrocotis,unknown,5.888,0.0692
7123,Lewinia mirifica,unknown,4.2313,0.0755
7124,Lewinia pectoralis,unknown,5.2496,0.0682
7125,Lewinia striata,unknown,5.5209,0.0675
7126,Lichenostomus cratitius,unknown,5.2739,0.0552
7127,Lichenostomus melanops,unknown,6.3872,0.0614
7128,Lichmera alboauricularis,unknown,4.9584,0.0475
7129,Lichmera argentauris,unknown,5.44,0.0591
7130,Lichmera deningeri,male,6.1217,0.0451
7131,Lichmera deningeri,unknown,5.3498,0.0633
7132,Lichmera flavicans,unknown,6.3344,0.0835
7133,Lichmera incana,unknown,5.523,0.0693
7134,Lichmera indistincta,unknown,5.2406,0.0526
7135,Lichmera limbata,female,4.8789,0.0869
7136,Lichmera limbata,unknown,5.2691,0.0649
7137,Lichmera lombokia,unknown,5.7157,0.0633
7138,Lichmera monticola,male,5.4298,0.0577
7139,Lichmera monticola,unknown,3.994,0.0965
7140,Lichmera notabilis,unknown,5.0686,0.0625
7141,Lichmera squamata,unknown,5.1502,0.0505
7142,Limnoctites rectirostris,unknown,5.3221,0.0553
7143,Limnoctites sulphuriferus,unknown,5.1513,0.0633
7144,Limnodromus griseus,unknown,5.4966,0.0559
7145,Limnodromus scolopaceus,unknown,5.3107,0.0665
7146,Limnodromus semipalmatus,unknown,5.6958,0.0656
7147,Limnornis curvirostris,unknown,5.6982,0.0591
7148,Limnothlypis swainsonii,unknown,5.4488,0.0578
7149,Limosa fedoa,unknown,5.5793,0.0475
7150,Limosa haemastica,unknown,5.5652,0.0582
7151,Limosa lapponica,male,6.1775,0.0617
7152,Limosa lapponica,unknown,6.064,0.0607
7153,Limosa limosa,unknown,6.1009,0.0625
7154,Linaria cannabina,female,5.3357,0.0229
7155,Linaria cannabina,male,5.9412,0.0649
7156,Linaria cannabina,unknown,5.7864,0.0508
7157,Linaria flavirostris,unknown,5.7959,0.0584
7158,Linaria yemenensis,unknown,5.7597,0.0522
7159,Linurgus olivaceus,male,6.5539,0.0244
7160,Linurgus olivaceus,unknown,6.5926,0.0596
7161,Liocichla bugunorum,male,6.6949,0.076
7162,Liocichla bugunorum,unknown,6.3921,0.0741
7163,Liocichla omeiensis,unknown,5.9675,0.0505
7164,Liocichla phoenicea,unknown,6.4818,0.062
7165,Liocichla ripponi,unknown,6.5796,0.075
7166,Liocichla steerii,unknown,6.8321,0.0822
7167,Lioparus chrysotis,unknown,6.6405,0.0632
7168,Liosceles thoracicus,unknown,5.1634,0.0495
7169,Lipaugus fuscocinereus,male,5.4403,0.0571
7170,Lipaugus fuscocinereus,unknown,4.7723,0.0609
7171,Lipaugus lanioides,unknown,4.8744,0.0568
7172,Lipaugus streptophorus,male,5.7684,0.0547
7173,Lipaugus streptophorus,unknown,6.3176,0.0678
7174,Lipaugus unirufus,unknown,6.1607,0.0501
7175,Lipaugus uropygialis,unknown,5.2466,0.0457
7176,Lipaugus vociferans,unknown,5.1142,0.0587
7177,Lipaugus weberi,unknown,5.7264,0.0503
7178,Lissotis hartlaubii,male,6.0453,0.0585
7179,Lissotis hartlaubii,unknown,5.1649,0.0565
7180,Lissotis melanogaster,unknown,5.9597,0.0542
7181,Loboparadisea sericea,unknown,6.0919,0.054
7182,Lobotos oriolinus,unknown,6.0078,0.1019
7183,Lochmias nematura,unknown,5.5776,0.0708
7184,Locustella accentor,unknown,4.9826,0.0525
7185,Locustella alishanensis,male,4.885,0.0295
7186,Locustella alishanensis,unknown,5.9181,0.0594
7187,Locustella amnicola,male,4.646,0.0384
7188,Locustella amnicola,unknown,5.3892,0.055
7189,Locustella castanea,unknown,4.8607,0.0558
7190,Locustella caudata,unknown,4.3476,0.063
7191,Locustella certhiola,unknown,5.3314,0.063
7192,Locustella chengi,male,4.6075,0.0448
7193,Locustella chengi,unknown,4.9819,0.0542
7194,Locustella davidi,unknown,5.1313,0.0546
7195,Locustella fasciolata,unknown,4.6848,0.0708
7196,Locustella fluviatilis,male,4.8284,0.0366
7197,Locustella fluviatilis,unknown,5.3355,0.06
7198,Locustella idonea,male,4.1294,0.0723
7199,Locustella idonea,unknown,4.3831,0.0785
7200,Locustella kashmirensis,female,7.521,NA
7201,Locustella kashmirensis,male,5.2663,0.0702
7202,Locustella kashmirensis,unknown,5.7076,0.0715
7203,Locustella lanceolata,unknown,4.6372,0.0621
7204,Locustella luscinioides,male,4.532,0.0388
7205,Locustella luscinioides,unknown,5.2909,0.0557
7206,Locustella luteoventris,male,4.4643,0.0403
7207,Locustella luteoventris,unknown,5.099,0.0553
7208,Locustella mandelli,unknown,4.8233,0.0621
7209,Locustella montis,unknown,4.951,0.0595
7210,Locustella naevia,unknown,5.3921,0.0588
7211,Locustella ochotensis,unknown,4.7454,0.0456
7212,Locustella pleskei,male,5.4217,0.0403
7213,Locustella pleskei,unknown,4.9206,0.0554
7214,Locustella pryeri,unknown,4.9178,0.0628
7215,Locustella seebohmi,unknown,4.2559,0.0796
7216,Locustella tacsanowskia,male,4.8347,0.0354
7217,Locustella tacsanowskia,unknown,4.756,0.0636
7218,Locustella thoracica,male,5.6059,0.0476
7219,Locustella thoracica,unknown,5.439,0.049
7220,Loddigesia mirabilis,male,8.0252,0.1059
7221,Loddigesia mirabilis,unknown,7.597,0.1022
7222,Lonchura atricapilla,unknown,6.1509,0.0672
7223,Lonchura caniceps,unknown,5.5957,0.0594
7224,Lonchura castaneothorax,unknown,6.9276,0.0982
7225,Lonchura ferruginosa,unknown,5.7154,0.0617
7226,Lonchura flaviprymna,unknown,6.115,0.0593
7227,Lonchura forbesi,unknown,5.6452,0.0656
7228,Lonchura fuscans,unknown,5.5306,0.0519
7229,Lonchura fuscata,male,6.046,0.0332
7230,Lonchura fuscata,unknown,5.9375,0.0562
7231,Lonchura grandis,unknown,6.1763,0.0732
7232,Lonchura hunsteini,unknown,5.3179,0.0562
7233,Lonchura kelaarti,unknown,5.5448,0.0577
7234,Lonchura leucogastra,unknown,5.5591,0.0456
7235,Lonchura leucogastroides,unknown,6.1456,0.0649
7236,Lonchura maja,unknown,6.1472,0.0638
7237,Lonchura malacca,unknown,6.4005,0.0717
7238,Lonchura melaena,unknown,5.8958,0.0561
7239,Lonchura molucca,unknown,5.4774,0.0546
7240,Lonchura montana,unknown,6.2515,0.0762
7241,Lonchura monticola,unknown,5.7384,0.0667
7242,Lonchura nana,unknown,5.6112,0.0464
7243,Lonchura nevermanni,male,5.9525,0.0521
7244,Lonchura nevermanni,unknown,6.075,0.0522
7245,Lonchura oryzivora,unknown,6.9111,0.0782
7246,Lonchura pallida,male,6.7264,0.0919
7247,Lonchura pallida,unknown,6.3546,0.1012
7248,Lonchura punctulata,unknown,6.1154,0.0608
7249,Lonchura quinticolor,male,6.3955,0.0788
7250,Lonchura quinticolor,unknown,5.9074,0.0703
7251,Lonchura spectabilis,unknown,6.1903,0.0552
7252,Lonchura striata,unknown,5.9345,0.0635
7253,Lonchura stygia,male,6.6583,0.0451
7254,Lonchura stygia,unknown,6.1531,0.0781
7255,Lonchura teerinki,unknown,5.3847,0.0558
7256,Lonchura tristissima,unknown,5.5315,0.0634
7257,Lonchura vana,male,5.9199,0.0451
7258,Lonchura vana,unknown,5.5946,0.0531
7259,Lophaetus occipitalis,unknown,7.17,0.0803
7260,Lophoceros alboterminatus,unknown,5.3481,0.057
7261,Lophoceros bradfieldi,female,6.0373,0.0563
7262,Lophoceros bradfieldi,unknown,5.5423,0.0479
7263,Lophoceros camurus,unknown,5.9448,0.0637
7264,Lophoceros fasciatus,unknown,5.8934,0.0634
7265,Lophoceros hemprichii,male,6.2564,0.0855
7266,Lophoceros hemprichii,unknown,5.7537,0.0543
7267,Lophoceros nasutus,female,5.6806,0.0527
7268,Lophoceros nasutus,unknown,6.2525,0.0675
7269,Lophoceros pallidirostris,male,4.5866,0.0623
7270,Lophoceros pallidirostris,unknown,5.151,0.0741
7271,Lophochroa leadbeateri,unknown,7.1285,0.0762
7272,Lophodytes cucullatus,male,6.08,0.0527
7273,Lophodytes cucullatus,unknown,6.3898,0.0605
7274,Lophoictinia isura,unknown,6.3807,0.0549
7275,Lopholaimus antarcticus,unknown,5.998,0.0558
7276,Lophonetta specularioides,unknown,5.4073,0.0564
7277,Lophophanes cristatus,unknown,6.4975,0.0693
7278,Lophophanes dichrous,unknown,6.8751,0.0691
7279,Lophophorus impejanus,female,6.9456,0.0759
7280,Lophophorus impejanus,male,6.6928,0.0934
7281,Lophophorus impejanus,unknown,7.1634,0.1613
7282,Lophophorus lhuysii,male,5.9513,0.0535
7283,Lophophorus lhuysii,unknown,6.1265,0.0617
7284,Lophophorus sclateri,male,4.7499,0.0584
7285,Lophophorus sclateri,unknown,4.9383,0.063
7286,Lophorina niedda,male,6.4288,0.0565
7287,Lophorina niedda,unknown,6.9667,0.0707
7288,Lophorina superba,male,6.7082,0.0387
7289,Lophorina superba,unknown,6.1128,0.0576
7290,Lophornis adorabilis,female,6.5947,0.0767
7291,Lophornis adorabilis,male,7.3952,0.0624
7292,Lophornis adorabilis,unknown,7.4973,0.1007
7293,Lophornis brachylophus,female,6.6416,0.0563
7294,Lophornis brachylophus,unknown,6.3999,0.0658
7295,Lophornis chalybeus,female,6.321,0.0868
7296,Lophornis chalybeus,male,6.9629,0.071
7297,Lophornis chalybeus,unknown,7.4725,0.084
7298,Lophornis delattrei,female,6.8865,0.0541
7299,Lophornis delattrei,male,7.001,0.0816
7300,Lophornis delattrei,unknown,7.4868,0.0965
7301,Lophornis gouldii,female,6.4267,0.14
7302,Lophornis gouldii,male,6.385,0.0808
7303,Lophornis gouldii,unknown,6.0218,0.0526
7304,Lophornis helenae,unknown,7.2099,0.0907
7305,Lophornis magnificus,female,6.4376,0.0721
7306,Lophornis magnificus,male,7.2473,0.0865
7307,Lophornis magnificus,unknown,6.9396,0.0724
7308,Lophornis ornatus,male,7.8109,0.0627
7309,Lophornis ornatus,unknown,7.5116,0.1375
7310,Lophornis pavoninus,unknown,6.4662,0.0678
7311,Lophornis stictolophus,male,7.2787,0.0939
7312,Lophornis stictolophus,unknown,7.6155,0.0944
7313,Lophospingus griseocristatus,unknown,6.2013,0.0583
7314,Lophospingus pusillus,male,6.3776,0.0216
7315,Lophospingus pusillus,unknown,6.3886,0.0655
7316,Lophostrix cristata,unknown,7.3091,0.0963
7317,Lophotibis cristata,unknown,5.5215,0.0614
7318,Lophotriccus eulophotes,unknown,5.2422,0.0542
7319,Lophotriccus galeatus,unknown,5.1133,0.0582
7320,Lophotriccus pileatus,unknown,5.6535,0.0474
7321,Lophotriccus vitiosus,unknown,5.3979,0.0546
7322,Lophotriorchis kienerii,unknown,6.6996,0.0817
7323,Lophozosterops dohertyi,male,5.7326,0.0897
7324,Lophozosterops dohertyi,unknown,5.9145,0.0478
7325,Lophozosterops goodfellowi,unknown,5.2891,0.0516
7326,Lophozosterops javanicus,female,6.001,0.0456
7327,Lophozosterops javanicus,unknown,5.6341,0.0497
7328,Lophozosterops pinaiae,male,6.1131,0.0315
7329,Lophozosterops pinaiae,unknown,5.6475,0.0535
7330,Lophozosterops squamiceps,unknown,5.8136,0.0627
7331,Lophozosterops superciliaris,unknown,5.75,0.0578
7332,Lophura bulweri,unknown,5.0856,0.0574
7333,Lophura diardi,male,5.4324,0.0448
7334,Lophura diardi,unknown,6.5683,0.078
7335,Lophura erythrophthalma,unknown,5.6617,0.0578
7336,Lophura ignita,male,6.0755,0.0645
7337,Lophura ignita,unknown,6.6369,0.0845
7338,Lophura inornata,male,5.4775,0.0424
7339,Lophura inornata,unknown,5.1536,0.0497
7340,Lophura leucomelanos,female,5.7316,0.0408
7341,Lophura leucomelanos,male,6.2011,0.0512
7342,Lophura leucomelanos,unknown,6.0851,0.0658
7343,Lophura nycthemera,male,6.791,0.0756
7344,Lophura nycthemera,unknown,6.4966,0.0579
7345,Lophura swinhoii,female,5.8641,0.0368
7346,Lophura swinhoii,male,6.113,NA
7347,Lophura swinhoii,unknown,6.6175,0.08
7348,Loriculus amabilis,male,7.1422,0.0794
7349,Loriculus amabilis,unknown,6.9398,0.097
7350,Loriculus aurantiifrons,unknown,6.9052,0.072
7351,Loriculus beryllinus,unknown,7.0815,0.1168
7352,Loriculus camiguinensis,unknown,5.0966,0.0613
7353,Loriculus catamene,female,6.858,0.0405
7354,Loriculus catamene,male,6.8783,0.1393
7355,Loriculus catamene,unknown,5.8222,0.0832
7356,Loriculus exilis,unknown,6.8314,0.1134
7357,Loriculus flosculus,unknown,4.9667,0.0716
7358,Loriculus galgulus,female,6.8748,0.0742
7359,Loriculus galgulus,male,7.1454,0.0805
7360,Loriculus galgulus,unknown,7.3847,0.0841
7361,Loriculus philippensis,unknown,6.9669,0.0794
7362,Loriculus pusillus,unknown,7.0421,0.0957
7363,Loriculus sclateri,unknown,7.0087,0.0841
7364,Loriculus stigmatus,male,6.3336,0.058
7365,Loriculus stigmatus,unknown,6.8161,0.0823
7366,Loriculus tener,unknown,5.7515,0.0586
7367,Loriculus vernalis,unknown,6.9262,0.0976
7368,Lorius chlorocercus,unknown,6.6137,0.0652
7369,Lorius domicella,unknown,7.0999,0.0663
7370,Lorius garrulus,unknown,6.6038,0.0747
7371,Lorius hypoinochrous,unknown,6.7817,0.0728
7372,Lorius lory,unknown,7.671,0.1384
7373,Loxia curvirostra,male,5.9277,0.0485
7374,Loxia curvirostra,unknown,6.0299,0.0479
7375,Loxia leucoptera,male,5.9707,0.0752
7376,Loxia leucoptera,unknown,6.8186,0.0786
7377,Loxia megaplaga,female,5.3138,0.0455
7378,Loxia megaplaga,unknown,5.3946,0.0479
7379,Loxia pytyopsittacus,male,6.1851,0.0552
7380,Loxia pytyopsittacus,unknown,5.9047,0.0547
7381,Loxia scotica,female,5.516,0.0469
7382,Loxia scotica,unknown,5.3942,0.0388
7383,Loxia sinesciuris,male,6.2567,0.0409
7384,Loxia sinesciuris,unknown,5.7262,0.0503
7385,Loxigilla barbadensis,unknown,5.1368,0.0516
7386,Loxigilla noctis,unknown,6.5293,0.0737
7387,Loxioides bailleui,unknown,6.1031,0.0642
7388,Loxipasser anoxanthus,female,5.348,0.0189
7389,Loxipasser anoxanthus,unknown,6.4733,0.073
7390,Loxops caeruleirostris,unknown,6.1118,0.0557
7391,Loxops coccineus,male,6.6598,0.0637
7392,Loxops coccineus,unknown,5.8966,0.0865
7393,Loxops mana,unknown,5.6581,0.061
7394,Lullula arborea,male,5.1781,0.0426
7395,Lullula arborea,unknown,5.201,0.0536
7396,Lurocalis rufiventris,unknown,5.277,0.0624
7397,Lurocalis semitorquatus,female,5.6733,0.0433
7398,Lurocalis semitorquatus,male,5.4443,0.0801
7399,Lurocalis semitorquatus,unknown,5.9175,0.0459
7400,Luscinia luscinia,unknown,5.2166,0.0467
7401,Luscinia megarhynchos,unknown,5.3528,0.0492
7402,Luscinia phaenicuroides,male,6.6923,0.0531
7403,Luscinia phaenicuroides,unknown,6.7554,0.0829
7404,Luscinia svecica,male,7.0374,0.0893
7405,Luscinia svecica,unknown,7.1668,0.1085
7406,Lybius bidentatus,unknown,6.5473,0.0763
7407,Lybius chaplini,unknown,5.2223,0.0622
7408,Lybius dubius,unknown,6.2669,0.0668
7409,Lybius guifsobalito,unknown,5.7979,0.0498
7410,Lybius leucocephalus,unknown,6.4827,0.088
7411,Lybius melanopterus,unknown,6.6525,0.0668
7412,Lybius minor,unknown,6.3771,0.0759
7413,Lybius rolleti,unknown,5.7363,0.071
7414,Lybius rubrifacies,unknown,5.5666,0.0674
7415,Lybius torquatus,unknown,6.3229,0.0626
7416,Lybius undatus,unknown,5.504,0.0616
7417,Lybius vieilloti,unknown,5.7126,0.0542
7418,Lycocorax pyrrhopterus,unknown,5.9442,0.0453
7419,Lymnocryptes minimus,unknown,5.642,0.0593
7420,Lyncornis macrotis,unknown,6.1028,0.0553
7421,Lyncornis temminckii,unknown,5.1527,0.0591
7422,Macgregoria pulchra,male,5.6378,0.0725
7423,Macgregoria pulchra,unknown,6.266,0.0396
7424,Machaerirhynchus flaviventer,male,7.2336,0.0582
7425,Machaerirhynchus flaviventer,unknown,7.3617,0.0755
7426,Machaerirhynchus nigripectus,female,7.132,0.1275
7427,Machaerirhynchus nigripectus,unknown,7.2524,0.0989
7428,Machaeropterus deliciosus,unknown,6.6233,0.0827
7429,Machaeropterus eckelberryi,male,5.626,0.0659
7430,Machaeropterus eckelberryi,unknown,6.2846,0.0694
7431,Machaeropterus pyrocephalus,female,6.2155,0.0212
7432,Machaeropterus pyrocephalus,male,6.7485,0.0589
7433,Machaeropterus pyrocephalus,unknown,6.6962,0.0993
7434,Machaeropterus regulus,male,6.9296,0.0601
7435,Machaeropterus regulus,unknown,7.2049,0.0968
7436,Machaeropterus striolatus,male,7.3544,0.0675
7437,Machaeropterus striolatus,unknown,6.8111,0.0723
7438,Macheiramphus alcinus,unknown,6.3355,0.068
7439,Machetornis rixosa,unknown,5.3661,0.0732
7440,Machlolophus aplonotus,unknown,6.7728,0.0799
7441,Machlolophus holsti,male,6.74,0.0539
7442,Machlolophus holsti,unknown,7.3953,0.0977
7443,Machlolophus nuchalis,unknown,6.0457,0.0565
7444,Machlolophus spilonotus,male,6.8936,0.0723
7445,Machlolophus spilonotus,unknown,6.7624,0.0783
7446,Machlolophus xanthogenys,unknown,7.1631,0.0849
7447,Mackenziaena leachii,female,5.904,0.0602
7448,Mackenziaena leachii,male,6.4047,0.072
7449,Mackenziaena leachii,unknown,6.5225,0.0781
7450,Mackenziaena severa,female,5.8774,0.0476
7451,Mackenziaena severa,unknown,6.7011,0.0809
7452,Macroagelaius imthurni,male,5.3547,0.0295
7453,Macroagelaius imthurni,unknown,5.3572,0.0557
7454,Macroagelaius subalaris,unknown,5.5365,0.0522
7455,Macrocephalon maleo,female,5.4864,0.048
7456,Macrocephalon maleo,male,5.896,0.0558
7457,Macrocephalon maleo,unknown,5.6859,0.0363
7458,Macronectes giganteus,unknown,4.57,0.0569
7459,Macronectes halli,unknown,5.2588,0.0542
7460,Macronus ptilosus,unknown,6.4622,0.0618
7461,Macronus striaticeps,unknown,5.2823,0.046
7462,Macronyx ameliae,unknown,5.8537,0.0449
7463,Macronyx aurantiigula,unknown,5.398,0.0545
7464,Macronyx capensis,unknown,5.6776,0.0471
7465,Macronyx croceus,unknown,6.1088,0.0669
7466,Macronyx flavicollis,unknown,5.7874,0.0626
7467,Macronyx fuelleborni,unknown,5.4734,0.0591
7468,Macronyx grimwoodi,unknown,5.5245,0.051
7469,Macropsalis forcipata,female,5.6225,0.0588
7470,Macropsalis forcipata,male,6.5629,0.054
7471,Macropsalis forcipata,unknown,6.2346,0.0675
7472,Macropygia amboinensis,unknown,5.9223,0.0627
7473,Macropygia doreya,unknown,5.8094,0.0487
7474,Macropygia emiliana,unknown,5.1672,0.0635
7475,Macropygia macassariensis,unknown,5.1679,0.0554
7476,Macropygia mackinlayi,unknown,5.1593,0.0522
7477,Macropygia magna,unknown,5.2492,0.0607
7478,Macropygia modiglianii,unknown,4.9909,0.0545
7479,Macropygia nigrirostris,unknown,5.85,0.0556
7480,Macropygia phasianella,female,5.6751,0.0415
7481,Macropygia phasianella,male,5.331,NA
7482,Macropygia phasianella,unknown,5.0532,0.0491
7483,Macropygia ruficeps,unknown,5.4065,0.0498
7484,Macropygia rufipennis,unknown,5.7386,0.0521
7485,Macropygia tenuirostris,unknown,5.4987,0.043
7486,Macropygia timorlaoensis,unknown,5.3897,0.0566
7487,Macropygia unchall,unknown,5.3967,0.0507
7488,Macrosphenus concolor,unknown,4.8701,0.056
7489,Macrosphenus flavicans,unknown,5.2264,0.0654
7490,Macrosphenus kempi,unknown,4.8993,0.0474
7491,Macrosphenus kretschmeri,male,4.2955,0.0716
7492,Macrosphenus kretschmeri,unknown,3.9259,0.0936
7493,Macrosphenus pulitzeri,unknown,5.6324,0.0597
7494,Madanga ruficollis,unknown,5.6362,0.0598
7495,Magumma parva,unknown,6.0344,0.0609
7496,Malaconotus alius,unknown,4.9153,0.0581
7497,Malaconotus blanchoti,unknown,6.3759,0.0749
7498,Malaconotus cruentus,male,6.4352,0.0564
7499,Malaconotus cruentus,unknown,7.0688,0.1035
7500,Malaconotus gladiator,unknown,5.1759,0.0548
7501,Malaconotus lagdeni,unknown,6.1938,0.0691
7502,Malaconotus monteiri,male,6.6706,0.0607
7503,Malaconotus monteiri,unknown,6.1244,0.0603
7504,Malacopteron affine,unknown,5.3309,0.0521
7505,Malacopteron albogulare,unknown,5.3265,0.0612
7506,Malacopteron cinereum,unknown,5.2555,0.0479
7507,Malacopteron magnirostre,unknown,4.6578,0.0704
7508,Malacopteron magnum,unknown,5.1344,0.0591
7509,Malacopteron palawanense,unknown,5.4719,0.0486
7510,Malacoptila fulvogularis,unknown,5.2142,0.0667
7511,Malacoptila fusca,unknown,6.7676,0.0782
7512,Malacoptila mystacalis,female,6.1022,0.0601
7513,Malacoptila mystacalis,male,6.056,NA
7514,Malacoptila mystacalis,unknown,5.7227,0.0722
7515,Malacoptila panamensis,unknown,5.7491,0.0544
7516,Malacoptila rufa,unknown,5.6295,0.0539
7517,Malacoptila semicincta,unknown,6.4091,0.0741
7518,Malacoptila striata,unknown,5.8903,0.0612
7519,Malacorhynchus membranaceus,unknown,5.6047,0.0488
7520,Malcorus pectoralis,unknown,5.5435,0.0549
7521,Malia grata,unknown,5.0453,0.0535
7522,Malimbus ballmanni,unknown,5.3512,0.0523
7523,Malimbus cassini,unknown,6.7371,0.1063
7524,Malimbus coronatus,female,5.2974,0.0594
7525,Malimbus coronatus,male,5.668,0.0705
7526,Malimbus coronatus,unknown,6.149,0.068
7527,Malimbus erythrogaster,unknown,5.3105,0.0531
7528,Malimbus malimbicus,male,5.6819,0.0316
7529,Malimbus malimbicus,unknown,6.572,0.0572
7530,Malimbus nitens,unknown,6.6677,0.0642
7531,Malimbus racheliae,female,6.2576,0.0472
7532,Malimbus racheliae,male,6.295,NA
7533,Malimbus racheliae,unknown,6.0246,0.0503
7534,Malimbus rubricollis,male,5.603,0.0864
7535,Malimbus rubricollis,unknown,6.3805,0.0737
7536,Malimbus scutatus,male,5.553,0.0215
7537,Malimbus scutatus,unknown,6.552,0.0762
7538,Malindangia mcgregori,male,5.4992,0.0388
7539,Malindangia mcgregori,unknown,5.4515,0.0549
7540,Malurus alboscapulatus,unknown,6.4208,0.0665
7541,Malurus amabilis,unknown,7.6317,0.1065
7542,Malurus assimilis,female,7.3009,0.1037
7543,Malurus assimilis,male,7.797,0.1114
7544,Malurus assimilis,unknown,7.9094,0.1093
7545,Malurus coronatus,unknown,7.5472,0.089
7546,Malurus cyaneus,male,7.4295,0.0852
7547,Malurus cyaneus,unknown,6.3822,0.0569
7548,Malurus cyanocephalus,female,5.8444,0.0939
7549,Malurus cyanocephalus,male,7.2979,0.0729
7550,Malurus cyanocephalus,unknown,7.0783,0.0797
7551,Malurus elegans,male,6.7705,0.078
7552,Malurus elegans,unknown,5.8135,0.0315
7553,Malurus lamberti,female,6.8928,0.0465
7554,Malurus lamberti,male,6.9529,0.0778
7555,Malurus lamberti,unknown,7.4606,0.0777
7556,Malurus leucopterus,male,7.3765,0.0571
7557,Malurus leucopterus,unknown,7.8577,0.1088
7558,Malurus melanocephalus,female,5.5639,0.0498
7559,Malurus melanocephalus,male,7.7502,0.1204
7560,Malurus melanocephalus,unknown,6.7428,0.0902
7561,Malurus pulcherrimus,male,7.1272,0.0729
7562,Malurus pulcherrimus,unknown,6.9221,0.0957
7563,Malurus splendens,male,7.2807,0.0567
7564,Malurus splendens,unknown,7.661,0.1027
7565,Manacus aurantiacus,female,7.0995,0.0694
7566,Manacus aurantiacus,male,6.1461,0.0435
7567,Manacus aurantiacus,unknown,6.4473,0.0701
7568,Manacus candei,unknown,6.439,0.073
7569,Manacus manacus,male,6.9883,0.084
7570,Manacus manacus,unknown,6.3929,0.0607
7571,Manacus vitellinus,male,6.7722,0.0719
7572,Manacus vitellinus,unknown,6.6998,0.0837
7573,Mandingoa nitidula,female,6.1333,0.0478
7574,Mandingoa nitidula,male,7.2115,0.0896
7575,Mandingoa nitidula,unknown,6.3438,0.0806
7576,Manorina flavigula,unknown,5.87,0.0507
7577,Manorina melanocephala,unknown,5.6171,0.0535
7578,Manorina melanophrys,unknown,5.2253,0.0532
7579,Manorina melanotis,unknown,5.8125,0.0608
7580,Manucodia ater,unknown,5.589,0.0528
7581,Manucodia chalybatus,unknown,6.1639,0.0675
7582,Manucodia comrii,unknown,5.2474,0.0569
7583,Manucodia jobiensis,unknown,5.0562,0.0595
7584,Mareca americana,male,6.099,0.0563
7585,Mareca americana,unknown,5.9214,0.0473
7586,Mareca falcata,male,5.9751,0.0417
7587,Mareca falcata,unknown,5.7902,0.0496
7588,Mareca penelope,male,5.4565,0.0284
7589,Mareca penelope,unknown,6.3648,0.0662
7590,Mareca sibilatrix,male,5.8823,0.0323
7591,Mareca sibilatrix,unknown,6.3462,0.0733
7592,Mareca strepera,male,6.0862,0.0686
7593,Mareca strepera,unknown,5.9389,0.0574
7594,Margarobyas lawrencii,unknown,6.7763,0.0635
7595,Margaroperdix madagarensis,unknown,5.566,0.0545
7596,Margarops fuscatus,unknown,4.6204,0.0432
7597,Margarornis bellulus,unknown,5.1798,0.0723
7598,Margarornis rubiginosus,unknown,5.833,0.058
7599,Margarornis squamiger,unknown,6.4565,0.0724
7600,Margarornis stellatus,unknown,5.3963,0.0589
7601,Marmaronetta angustirostris,unknown,5.4961,0.0583
7602,Masius chrysopterus,male,6.111,0.0508
7603,Masius chrysopterus,unknown,6.2675,0.0794
7604,Mayrornis lessoni,unknown,5.5938,0.0601
7605,Mayrornis schistaceus,unknown,4.3551,0.0952
7606,Mayrornis versicolor,unknown,5.44,0.0456
7607,Mazaria propinqua,unknown,4.8728,0.0604
7608,Mearnsia novaeguineae,unknown,5.2008,0.0414
7609,Mearnsia picina,unknown,5.0719,0.0639
7610,Mecocerculus calopterus,unknown,6.2024,0.0478
7611,Mecocerculus hellmayri,unknown,5.2271,0.0543
7612,Mecocerculus leucophrys,unknown,6.5316,0.0723
7613,Mecocerculus minor,unknown,5.7095,0.0516
7614,Mecocerculus poecilocercus,unknown,6.0044,0.0495
7615,Mecocerculus stictopterus,unknown,5.5165,0.0523
7616,Megabyas flammulatus,female,4.8357,0.0597
7617,Megabyas flammulatus,male,6.0418,0.0753
7618,Megabyas flammulatus,unknown,5.1028,0.0528
7619,Megaceryle alcyon,female,7.3254,0.1001
7620,Megaceryle alcyon,unknown,6.81,0.0601
7621,Megaceryle lugubris,male,7.327,NA
7622,Megaceryle lugubris,unknown,7.2204,0.0932
7623,Megaceryle maxima,unknown,6.942,0.0845
7624,Megaceryle torquata,unknown,6.9826,0.085
7625,Megacrex inepta,unknown,4.6667,0.064
7626,Megadyptes antipodes,unknown,6.9888,0.0765
7627,Megalurus palustris,unknown,5.0434,0.0618
7628,Megapodius bernsteinii,unknown,4.7113,0.0504
7629,Megapodius cumingii,male,4.5147,0.0401
7630,Megapodius cumingii,unknown,4.6203,0.0708
7631,Megapodius decollatus,unknown,4.4664,0.0927
7632,Megapodius eremita,unknown,4.3128,0.0655
7633,Megapodius forsteni,unknown,4.5808,0.0857
7634,Megapodius freycinet,unknown,5.2662,0.0513
7635,Megapodius geelvinkianus,unknown,4.2637,0.0708
7636,Megapodius laperouse,unknown,5.1921,0.0502
7637,Megapodius layardi,unknown,4.3615,0.0683
7638,Megapodius nicobariensis,unknown,4.5896,0.0569
7639,Megapodius reinwardt,unknown,5.2893,0.0572
7640,Megapodius tenimberensis,unknown,4.4704,0.0867
7641,Megapomatorhinus erythrocnemis,male,5.2844,0.0569
7642,Megapomatorhinus erythrocnemis,unknown,5.5563,0.0601
7643,Megapomatorhinus erythrogenys,unknown,5.131,0.0633
7644,Megapomatorhinus gravivox,unknown,6.0239,0.0626
7645,Megapomatorhinus hypoleucos,unknown,5.0137,0.0621
7646,Megapomatorhinus mcclellandi,unknown,5.3647,0.0471
7647,Megapomatorhinus swinhoei,unknown,6.0792,0.0611
7648,Megarynchus pitangua,unknown,5.7659,0.0465
7649,Megascops albogularis,unknown,7.4743,0.0906
7650,Megascops asio,unknown,7.1787,0.0833
7651,Megascops atricapilla,unknown,6.6636,0.0669
7652,Megascops barbarus,unknown,6.5116,0.0798
7653,Megascops centralis,male,6.9695,0.1127
7654,Megascops centralis,unknown,6.8404,0.0906
7655,Megascops choliba,unknown,6.2292,0.0537
7656,Megascops clarkii,unknown,7.1597,0.1217
7657,Megascops cooperi,unknown,6.9807,0.0759
7658,Megascops gilesi,unknown,6.664,0.0787
7659,Megascops guatemalae,female,6.4068,0.0419
7660,Megascops guatemalae,unknown,7.2535,0.087
7661,Megascops hoyi,unknown,6.9047,0.1109
7662,Megascops ingens,unknown,6.2886,0.0721
7663,Megascops kennicottii,unknown,7.003,0.0783
7664,Megascops koepckeae,unknown,6.6697,0.069
7665,Megascops marshalli,unknown,6.9346,0.081
7666,Megascops nudipes,unknown,6.2399,0.0738
7667,Megascops petersoni,unknown,6.8444,0.0716
7668,Megascops roboratus,unknown,6.5188,0.0716
7669,Megascops roraimae,unknown,6.8995,0.0694
7670,Megascops sanctaecatarinae,unknown,6.8304,0.1115
7671,Megascops seductus,male,6.2931,0.086
7672,Megascops seductus,unknown,7.2912,0.0938
7673,Megascops trichopsis,unknown,6.5133,0.0717
7674,Megascops watsonii,unknown,6.7404,0.0786
7675,Megastictus margaritatus,female,4.6082,0.0723
7676,Megastictus margaritatus,unknown,5.4594,0.0576
7677,Megatriorchis doriae,unknown,5.4842,0.0557
7678,Megaxenops parnaguae,unknown,6.0673,0.0663
7679,Megazosterops palauensis,unknown,5.2994,0.0447
7680,Meiglyptes jugularis,male,5.8927,0.0947
7681,Meiglyptes jugularis,unknown,5.8942,0.0522
7682,Meiglyptes tristis,male,6.0622,0.0473
7683,Meiglyptes tristis,unknown,6.632,0.0625
7684,Meiglyptes tukki,male,6.2153,0.0299
7685,Meiglyptes tukki,unknown,6.3562,0.0532
7686,Melaenornis annamarulae,unknown,4.6224,0.0789
7687,Melaenornis ardesiacus,unknown,5.4236,0.0516
7688,Melaenornis brunneus,unknown,5.7163,0.0459
7689,Melaenornis chocolatinus,unknown,5.6668,0.0568
7690,Melaenornis edolioides,unknown,5.8075,0.0584
7691,Melaenornis fischeri,unknown,5.6593,0.0586
7692,Melaenornis herero,unknown,5.2074,0.063
7693,Melaenornis pammelaina,unknown,5.7813,0.0472
7694,Melaenornis semipartitus,unknown,7.1791,0.1037
7695,Melaenornis silens,unknown,5.734,0.0523
7696,Melampitta gigantea,unknown,4.3747,0.0767
7697,Melampitta lugubris,male,5.7898,0.0469
7698,Melampitta lugubris,unknown,5.6583,0.0508
7699,Melamprosops phaeosoma,unknown,5.1362,0.0486
7700,Melanerpes aurifrons,female,7.1745,0.1124
7701,Melanerpes aurifrons,male,6.8254,0.0491
7702,Melanerpes aurifrons,unknown,6.9055,0.1082
7703,Melanerpes cactorum,unknown,6.2661,0.0661
7704,Melanerpes candidus,male,6.8638,0.0766
7705,Melanerpes candidus,unknown,6.4356,0.068
7706,Melanerpes carolinus,unknown,7.1918,0.0925
7707,Melanerpes chrysauchen,female,6.3834,0.06
7708,Melanerpes chrysauchen,male,6.751,0.0764
7709,Melanerpes chrysauchen,unknown,6.0775,0.0676
7710,Melanerpes chrysogenys,male,6.3628,0.0771
7711,Melanerpes chrysogenys,unknown,6.5884,0.0661
7712,Melanerpes cruentatus,male,5.889,0.0567
7713,Melanerpes cruentatus,unknown,6.7961,0.085
7714,Melanerpes erythrocephalus,unknown,7.1709,0.0919
7715,Melanerpes flavifrons,male,6.4174,0.0621
7716,Melanerpes flavifrons,unknown,7.1175,0.0957
7717,Melanerpes formicivorus,unknown,6.6843,0.0816
7718,Melanerpes herminieri,unknown,6.0705,0.0512
7719,Melanerpes hoffmannii,male,6.9391,0.1052
7720,Melanerpes hoffmannii,unknown,6.8915,0.0754
7721,Melanerpes hypopolius,male,5.6231,0.0378
7722,Melanerpes hypopolius,unknown,6.2761,0.0691
7723,Melanerpes lewis,unknown,6.1587,0.0554
7724,Melanerpes portoricensis,unknown,6.3472,0.0784
7725,Melanerpes pucherani,male,6.4001,0.0681
7726,Melanerpes pucherani,unknown,6.3452,0.0755
7727,Melanerpes pulcher,female,6.3283,0.0871
7728,Melanerpes pulcher,male,6.113,0.0204
7729,Melanerpes pulcher,unknown,6.7584,0.0843
7730,Melanerpes pygmaeus,male,6.083,0.0804
7731,Melanerpes pygmaeus,unknown,6.4768,0.0806
7732,Melanerpes radiolatus,unknown,6.7926,0.0839
7733,Melanerpes rubricapillus,female,6.0405,0.0083
7734,Melanerpes rubricapillus,male,6.2044,0.0392
7735,Melanerpes rubricapillus,unknown,6.2053,0.0618
7736,Melanerpes striatus,unknown,6.4153,0.0652
7737,Melanerpes superciliaris,male,7.1181,0.0775
7738,Melanerpes superciliaris,unknown,6.1534,0.0649
7739,Melanerpes uropygialis,male,6.2435,0.0533
7740,Melanerpes uropygialis,unknown,6.3436,0.0603
7741,Melaniparus afer,unknown,6.3664,0.06
7742,Melaniparus albiventris,unknown,6.0538,0.0558
7743,Melaniparus carpi,unknown,5.8625,0.0634
7744,Melaniparus cinerascens,unknown,5.7969,0.0534
7745,Melaniparus fasciiventer,unknown,5.8179,0.064
7746,Melaniparus fringillinus,unknown,5.474,0.0516
7747,Melaniparus funereus,unknown,5.6273,0.0518
7748,Melaniparus griseiventris,unknown,4.9549,0.0574
7749,Melaniparus guineensis,unknown,5.6449,0.0573
7750,Melaniparus leucomelas,unknown,6.1202,0.0661
7751,Melaniparus leuconotus,unknown,6.1534,0.0569
7752,Melaniparus niger,female,5.9452,0.0551
7753,Melaniparus niger,unknown,5.8218,0.0514
7754,Melaniparus rufiventris,unknown,5.575,0.0607
7755,Melaniparus thruppi,unknown,5.6556,0.047
7756,Melanitta americana,female,5.6688,0.0457
7757,Melanitta americana,male,5.9103,0.0471
7758,Melanitta americana,unknown,5.8125,0.0697
7759,Melanitta deglandi,male,5.6477,0.0478
7760,Melanitta deglandi,unknown,5.4586,0.0593
7761,Melanitta fusca,female,4.5242,0.0418
7762,Melanitta fusca,unknown,5.189,0.062
7763,Melanitta nigra,female,5.2868,0.059
7764,Melanitta nigra,male,4.9283,0.0613
7765,Melanitta nigra,unknown,5.6234,0.0566
7766,Melanitta perspicillata,male,5.3057,0.0197
7767,Melanitta perspicillata,unknown,5.7188,0.0503
7768,Melanitta stejnegeri,male,6.4175,0.1194
7769,Melanitta stejnegeri,unknown,5.6427,0.0564
7770,Melanocharis arfakiana,male,5.3847,0.0739
7771,Melanocharis arfakiana,unknown,4.7004,0.065
7772,Melanocharis crassirostris,male,5.0625,0.0375
7773,Melanocharis crassirostris,unknown,4.99,0.0683
7774,Melanocharis longicauda,female,5.4106,0.0572
7775,Melanocharis longicauda,unknown,5.062,0.0542
7776,Melanocharis nigra,unknown,5.3239,0.0407
7777,Melanocharis striativentris,unknown,5.0103,0.0382
7778,Melanocharis versteri,male,6.2702,0.1053
7779,Melanocharis versteri,unknown,5.074,0.0456
7780,Melanochlora sultanea,unknown,7.2871,0.0963
7781,Melanocorypha bimaculata,unknown,4.8745,0.0491
7782,Melanocorypha calandra,male,5.554,0.0695
7783,Melanocorypha calandra,unknown,4.672,0.0548
7784,Melanocorypha maxima,unknown,4.6096,0.0628
7785,Melanocorypha mongolica,male,5.1009,0.0577
7786,Melanocorypha mongolica,unknown,4.613,0.0601
7787,Melanocorypha yeltoniensis,female,4.7574,0.0735
7788,Melanocorypha yeltoniensis,male,4.7354,0.0596
7789,Melanocorypha yeltoniensis,unknown,4.8337,0.0795
7790,Melanodera melanodera,male,6.1522,0.0595
7791,Melanodera melanodera,unknown,6.6395,0.0664
7792,Melanodera xanthogramma,female,5.9462,0.0331
7793,Melanodera xanthogramma,male,6.0022,0.0698
7794,Melanodera xanthogramma,unknown,6.6363,0.061
7795,Melanodryas cucullata,female,6.1912,0.0941
7796,Melanodryas cucullata,male,6.7287,0.0655
7797,Melanodryas cucullata,unknown,5.7601,0.0608
7798,Melanodryas vittata,unknown,5.5456,0.0487
7799,Melanopareia elegans,unknown,6.6125,0.0845
7800,Melanopareia maranonica,female,6.9055,0.0689
7801,Melanopareia maranonica,male,6.696,NA
7802,Melanopareia maranonica,unknown,6.7667,0.0892
7803,Melanopareia maximiliani,unknown,6.5803,0.0704
7804,Melanopareia torquata,male,6.506,0.0554
7805,Melanopareia torquata,unknown,6.7122,0.1024
7806,Melanoptila glabrirostris,unknown,5.7038,0.0587
7807,Melanorectes nigrescens,female,4.1946,0.0635
7808,Melanorectes nigrescens,male,5.128,NA
7809,Melanorectes nigrescens,unknown,4.7239,0.0655
7810,Melanospiza bicolor,male,5.4869,0.0811
7811,Melanospiza bicolor,unknown,5.4714,0.0693
7812,Melanospiza richardsoni,male,5.4538,0.0583
7813,Melanospiza richardsoni,unknown,5.4932,0.05
7814,Melanotis caerulescens,unknown,5.5802,0.0475
7815,Melanotis hypoleucus,unknown,5.4765,0.0581
7816,Meleagris gallopavo,unknown,4.1189,0.0778
7817,Meleagris ocellata,unknown,4.9826,0.0632
7818,Meliarchus sclateri,unknown,5.6321,0.0478
7819,Melichneutes robustus,unknown,4.4672,0.0701
7820,Melidectes belfordi,unknown,5.282,0.0608
7821,Melidectes fuscus,unknown,5.5607,0.0585
7822,Melidectes leucostephes,unknown,5.6207,0.0587
7823,Melidectes nouhuysi,unknown,5.2894,0.0499
7824,Melidectes ochromelas,unknown,5.1251,0.059
7825,Melidectes rufocrissalis,unknown,5.6341,0.0573
7826,Melidectes torquatus,unknown,5.8524,0.0552
7827,Melidora macrorrhina,male,6.8692,0.0825
7828,Melidora macrorrhina,unknown,6.604,0.0853
7829,Melierax canorus,unknown,6.1465,0.0454
7830,Melierax metabates,unknown,6.9183,0.0818
7831,Melierax poliopterus,unknown,6.7839,0.0797
7832,Melignomon eisentrauti,unknown,4.4854,0.0595
7833,Melignomon zenkeri,unknown,4.4193,0.0641
7834,Melilestes megarhynchus,unknown,5.2218,0.0632
7835,Meliphacator provocator,unknown,5.5808,0.0531
7836,Meliphaga albilineata,unknown,4.8351,0.0643
7837,Meliphaga albonotata,unknown,5.1685,0.0639
7838,Meliphaga analoga,unknown,5.3257,0.0536
7839,Meliphaga aruensis,unknown,5.1274,0.0515
7840,Meliphaga cinereifrons,unknown,5.1668,0.0538
7841,Meliphaga flavirictus,unknown,4.4754,0.0708
7842,Meliphaga fordiana,unknown,5.2414,0.0563
7843,Meliphaga gracilis,unknown,5.6109,0.067
7844,Meliphaga lewinii,unknown,5.5996,0.0416
7845,Meliphaga montana,unknown,5.2735,0.048
7846,Meliphaga notata,unknown,5.2406,0.0568
7847,Meliphaga orientalis,unknown,4.8421,0.0816
7848,Meliphaga reticulata,female,4.8233,0.0404
7849,Meliphaga reticulata,unknown,5.4738,0.0669
7850,Melipotes ater,unknown,5.7974,0.0646
7851,Melipotes fumigatus,unknown,5.8365,0.0568
7852,Melipotes gymnops,unknown,6.1033,0.0669
7853,Melithreptus affinis,unknown,5.9798,0.0727
7854,Melithreptus albogularis,unknown,6.1179,0.0567
7855,Melithreptus brevirostris,unknown,5.1192,0.0718
7856,Melithreptus chloropsis,unknown,5.5087,0.0575
7857,Melithreptus gularis,unknown,6.8246,0.0771
7858,Melithreptus lunatus,unknown,6.4235,0.0569
7859,Melithreptus validirostris,unknown,5.8578,0.0624
7860,Melitograis gilolensis,unknown,5.4226,0.0562
7861,Mellisuga helenae,male,7.1219,0.0791
7862,Mellisuga helenae,unknown,7.659,0.1246
7863,Mellisuga minima,female,6.5383,0.0813
7864,Mellisuga minima,unknown,6.7119,0.0626
7865,Melocichla mentalis,unknown,4.7951,0.059
7866,Melopsittacus undulatus,female,6.403,0.0248
7867,Melopsittacus undulatus,unknown,6.5842,0.0562
7868,Melopyrrha nigra,unknown,6.0243,0.0572
7869,Melopyrrha portoricensis,male,6.3103,0.0862
7870,Melopyrrha portoricensis,unknown,6.5109,0.066
7871,Melopyrrha violacea,male,6.5132,0.0632
7872,Melopyrrha violacea,unknown,6.2465,0.0699
7873,Melospiza georgiana,male,5.6854,0.0617
7874,Melospiza georgiana,unknown,5.5586,0.0588
7875,Melospiza lincolnii,unknown,5.6699,0.0586
7876,Melospiza melodia,unknown,5.6638,0.0613
7877,Melozone aberti,unknown,5.0614,0.0641
7878,Melozone albicollis,unknown,4.7894,0.056
7879,Melozone biarcuata,unknown,5.8691,0.0505
7880,Melozone cabanisi,male,5.9022,0.0444
7881,Melozone cabanisi,unknown,6.4288,0.061
7882,Melozone crissalis,unknown,4.9488,0.0607
7883,Melozone fusca,unknown,5.2726,0.0514
7884,Melozone kieneri,unknown,5.8802,0.0652
7885,Melozone leucotis,unknown,6.0164,0.0572
7886,Mentrocrex beankaensis,male,4.9456,0.0566
7887,Mentrocrex beankaensis,unknown,5.5135,0.0559
7888,Mentrocrex kioloides,unknown,5.3578,0.0505
7889,Menura alberti,unknown,5.7909,0.0626
7890,Menura novaehollandiae,male,6.6184,0.0796
7891,Menura novaehollandiae,unknown,5.7188,0.0563
7892,Merganetta armata,female,5.5108,0.0712
7893,Merganetta armata,male,5.4963,0.0475
7894,Merganetta armata,unknown,6.0999,0.0511
7895,Mergellus albellus,female,5.6486,0.0357
7896,Mergellus albellus,male,5.7546,0.0544
7897,Mergellus albellus,unknown,6.7638,0.0867
7898,Mergus merganser,unknown,5.9399,0.0624
7899,Mergus octosetaceus,female,5.1083,0.0476
7900,Mergus octosetaceus,male,5.1282,0.0565
7901,Mergus octosetaceus,unknown,5.9961,0.0891
7902,Mergus serrator,female,5.3774,0.0449
7903,Mergus serrator,male,6.1102,0.0582
7904,Mergus serrator,unknown,5.29,0.059
7905,Mergus squamatus,female,6.1119,0.069
7906,Mergus squamatus,unknown,5.8248,0.0539
7907,Meropogon forsteni,unknown,7.4096,0.1118
7908,Merops albicollis,unknown,6.6533,0.0722
7909,Merops americanus,unknown,7.785,0.1254
7910,Merops apiaster,unknown,7.467,0.0916
7911,Merops boehmi,unknown,7.6809,0.121
7912,Merops breweri,unknown,6.8063,0.0597
7913,Merops bullockoides,unknown,7.2227,0.0937
7914,Merops bulocki,unknown,7.4419,0.0896
7915,Merops gularis,unknown,7.1591,0.0958
7916,Merops hirundineus,unknown,7.3714,0.1016
7917,Merops leschenaulti,male,6.7349,0.0716
7918,Merops leschenaulti,unknown,7.5909,0.133
7919,Merops malimbicus,unknown,7.0716,0.0909
7920,Merops mentalis,unknown,7.6498,0.1174
7921,Merops muelleri,unknown,7.0248,0.0913
7922,Merops nubicoides,unknown,7.6428,0.1156
7923,Merops nubicus,unknown,7.7227,0.1162
7924,Merops oreobates,unknown,7.4302,0.1017
7925,Merops orientalis,unknown,7.4467,0.092
7926,Merops ornatus,male,7.5904,0.0835
7927,Merops ornatus,unknown,8.1704,0.1035
7928,Merops persicus,unknown,7.2468,0.1015
7929,Merops philippinus,unknown,7.5222,0.0992
7930,Merops pusillus,unknown,7.772,0.0927
7931,Merops revoilii,unknown,7.3012,0.1194
7932,Merops superciliosus,female,7.691,0.0117
7933,Merops superciliosus,unknown,6.97,0.0907
7934,Merops variegatus,unknown,7.2799,0.0964
7935,Merops viridis,unknown,7.3092,0.1216
7936,Merulaxis ater,male,5.9617,0.0401
7937,Merulaxis ater,unknown,5.6534,0.036
7938,Merulaxis stresemanni,female,5.0522,0.0417
7939,Merulaxis stresemanni,male,5.646,0.0336
7940,Merulaxis stresemanni,unknown,5.1167,0.0718
7941,Mesembrinibis cayennensis,unknown,5.7323,0.0607
7942,Mesitornis unicolor,unknown,5.4191,0.0591
7943,Mesitornis variegatus,unknown,5.7365,0.0566
7944,Metabolus rugensis,male,6.19,NA
7945,Metabolus rugensis,unknown,5.2426,0.0619
7946,Metallura aeneocauda,male,6.3685,0.0503
7947,Metallura aeneocauda,unknown,6.317,0.0706
7948,Metallura baroni,female,5.6613,0.0641
7949,Metallura baroni,male,6.2705,0.043
7950,Metallura baroni,unknown,6.6354,0.0707
7951,Metallura eupogon,female,6.6473,0.0371
7952,Metallura eupogon,male,6.515,0.0471
7953,Metallura eupogon,unknown,6.6768,0.0638
7954,Metallura iracunda,male,7.1476,0.0979
7955,Metallura iracunda,unknown,7.2917,0.1044
7956,Metallura odomae,male,7.4042,0.0632
7957,Metallura odomae,unknown,7.6011,0.1058
7958,Metallura phoebe,unknown,6.517,0.0765
7959,Metallura theresiae,female,7.216,0.0746
7960,Metallura theresiae,male,7.0721,0.0711
7961,Metallura theresiae,unknown,6.9183,0.0748
7962,Metallura tyrianthina,male,6.9252,0.0755
7963,Metallura tyrianthina,unknown,7.5359,0.1245
7964,Metallura williami,unknown,6.9141,0.0872
7965,Metopidius indicus,unknown,6.0806,0.0663
7966,Metopothrix aurantiaca,unknown,5.923,0.0561
7967,Metriopelia aymara,unknown,4.9451,0.0634
7968,Metriopelia ceciliae,unknown,5.6136,0.0537
7969,Metriopelia melanoptera,unknown,5.4885,0.0602
7970,Metriopelia morenoi,unknown,5.5802,0.0543
7971,Micrastur buckleyi,unknown,6.0596,0.0549
7972,Micrastur gilvicollis,unknown,6.0479,0.0602
7973,Micrastur mintoni,unknown,6.0725,0.0663
7974,Micrastur mirandollei,unknown,6.0046,0.0527
7975,Micrastur plumbeus,unknown,5.7927,0.0655
7976,Micrastur ruficollis,unknown,6.4255,0.0697
7977,Micrastur semitorquatus,unknown,6.6576,0.0671
7978,Micrathene whitneyi,unknown,6.5854,0.0843
7979,Microbates cinereiventris,unknown,5.9197,0.062
7980,Microbates collaris,unknown,5.2847,0.0598
7981,Microcarbo africanus,unknown,4.4754,0.0609
7982,Microcarbo coronatus,unknown,5.1253,0.0393
7983,Microcarbo melanoleucos,unknown,5.7342,0.0433
7984,Microcarbo niger,unknown,4.4968,0.0763
7985,Microcarbo pygmaeus,unknown,4.9766,0.0557
7986,Microcerculus bambla,unknown,4.8521,0.0633
7987,Microcerculus marginatus,unknown,5.3997,0.0439
7988,Microcerculus philomela,unknown,5.0507,0.0484
7989,Microcerculus ustulatus,unknown,5.12,0.0546
7990,Microchera albocoronata,male,7.7354,0.0829
7991,Microchera albocoronata,unknown,7.2648,0.1092
7992,Microdynamis parva,male,5.5339,0.0615
7993,Microdynamis parva,unknown,5.6316,0.0413
7994,Microeca fascinans,unknown,6.2609,0.0542
7995,Microeca flavigaster,unknown,5.8304,0.0555
7996,Microeca flavovirescens,male,6.1799,0.0604
7997,Microeca flavovirescens,unknown,5.5758,0.074
7998,Microeca griseoceps,unknown,5.6413,0.0539
7999,Microeca hemixantha,male,5.8504,0.087
8000,Microeca hemixantha,unknown,5.8918,0.0675
8001,Microeca papuana,unknown,5.9388,0.0474
8002,Microhierax caerulescens,unknown,7.1633,0.0925
8003,Microhierax erythrogenys,unknown,6.5322,0.0549
8004,Microhierax fringillarius,unknown,6.8806,0.0947
8005,Microhierax latifrons,female,6.8635,0.0778
8006,Microhierax latifrons,male,6.2973,0.0647
8007,Microhierax latifrons,unknown,6.5425,0.0718
8008,Microhierax melanoleucos,unknown,6.3235,0.0662
8009,Microligea palustris,unknown,5.8252,0.0585
8010,Micromacronus leytensis,male,4.6584,0.0702
8011,Micromacronus leytensis,unknown,5.2618,0.048
8012,Micromacronus sordidus,unknown,5.465,0.0501
8013,Micromonacha lanceolata,unknown,6.1911,0.0638
8014,Micronisus gabar,unknown,6.5392,0.071
8015,Microparra capensis,unknown,5.9936,0.0544
8016,Micropsitta bruijnii,male,7.0181,0.0695
8017,Micropsitta bruijnii,unknown,7.3276,0.1054
8018,Micropsitta finschii,unknown,7.0643,0.0975
8019,Micropsitta geelvinkiana,male,6.7951,0.052
8020,Micropsitta geelvinkiana,unknown,6.5021,0.0663
8021,Micropsitta keiensis,unknown,6.5837,0.0702
8022,Micropsitta meeki,unknown,5.4876,0.0608
8023,Micropsitta pusio,female,6.7574,0.0554
8024,Micropsitta pusio,unknown,6.4267,0.0758
8025,Micropternus brachyurus,male,6.3657,0.0721
8026,Micropternus brachyurus,unknown,6.1359,0.0638
8027,Micropygia schomburgkii,unknown,6.3133,0.0582
8028,Microrhopias quixensis,male,6.2865,0.0602
8029,Microrhopias quixensis,unknown,5.9636,0.0669
8030,Microspingus alticola,male,5.9069,0.0601
8031,Microspingus alticola,unknown,5.4817,0.061
8032,Microspingus cabanisi,unknown,6.0203,0.0632
8033,Microspingus cinereus,unknown,4.9402,0.0815
8034,Microspingus erythrophrys,unknown,6.7764,0.0745
8035,Microspingus lateralis,unknown,6.6233,0.0772
8036,Microspingus melanoleucus,unknown,6.1194,0.0564
8037,Microspingus torquatus,unknown,6.3441,0.0597
8038,Microspingus trifasciatus,unknown,6.4979,0.0555
8039,Microstilbon burmeisteri,unknown,6.9193,0.0755
8040,Microxenops milleri,female,5.2673,0.0175
8041,Microxenops milleri,unknown,5.2977,0.052
8042,Milvago chimachima,unknown,6.4087,0.0681
8043,Milvago chimango,unknown,6.328,0.0629
8044,Milvus migrans,male,6.1721,0.0571
8045,Milvus migrans,unknown,6.3814,0.06
8046,Milvus milvus,unknown,5.7418,0.06
8047,Mimus dorsalis,unknown,5.2887,0.0491
8048,Mimus gilvus,unknown,5.481,0.0553
8049,Mimus graysoni,female,4.519,NA
8050,Mimus graysoni,unknown,4.9505,0.0514
8051,Mimus gundlachii,male,4.9663,0.0681
8052,Mimus gundlachii,unknown,5.1947,0.0563
8053,Mimus longicaudatus,unknown,5.1624,0.0576
8054,Mimus macdonaldi,unknown,5.579,0.0688
8055,Mimus melanotis,unknown,4.9432,0.0525
8056,Mimus parvulus,unknown,5.0246,0.0539
8057,Mimus patagonicus,unknown,4.6833,0.0754
8058,Mimus polyglottos,unknown,5.258,0.0659
8059,Mimus saturninus,unknown,5.2339,0.0504
8060,Mimus thenca,unknown,4.9467,0.0562
8061,Mimus trifasciatus,unknown,5.0786,0.0491
8062,Mimus triurus,unknown,5.1176,0.0498
8063,Minla annectens,unknown,5.9568,0.0495
8064,Minla ignotincta,male,5.648,0.0018
8065,Minla ignotincta,unknown,6.2021,0.0413
8066,Mino anais,unknown,6.2114,0.0735
8067,Mino dumontii,unknown,6.0981,0.0599
8068,Mino kreffti,unknown,6.2268,0.0621
8069,Mionectes macconnelli,unknown,5.4527,0.0528
8070,Mionectes oleagineus,unknown,5.1589,0.0566
8071,Mionectes olivaceus,unknown,5.3722,0.05
8072,Mionectes rufiventris,unknown,6.089,0.0544
8073,Mionectes striaticollis,unknown,5.6224,0.0636
8074,Mirafra affinis,unknown,5.2557,0.0473
8075,Mirafra africana,unknown,4.7052,0.0474
8076,Mirafra albicauda,male,4.7009,0.0525
8077,Mirafra albicauda,unknown,4.9536,0.0595
8078,Mirafra angolensis,unknown,4.8351,0.0591
8079,Mirafra apiata,male,4.8285,0.0854
8080,Mirafra apiata,unknown,5.1618,0.0572
8081,Mirafra assamica,unknown,4.9426,0.061
8082,Mirafra cantillans,male,4.6806,0.0514
8083,Mirafra cantillans,unknown,4.8582,0.0613
8084,Mirafra cheniana,male,5.2618,0.0515
8085,Mirafra cheniana,unknown,5.0135,0.0579
8086,Mirafra collaris,unknown,5.1368,0.0551
8087,Mirafra erythrocephala,unknown,4.8852,0.0581
8088,Mirafra erythroptera,male,4.8979,0.0373
8089,Mirafra erythroptera,unknown,5.1374,0.0502
8090,Mirafra fasciolata,unknown,4.4926,0.0591
8091,Mirafra gilletti,unknown,4.7231,0.0663
8092,Mirafra hypermetra,unknown,4.8665,0.0529
8093,Mirafra javanica,unknown,5.397,0.0675
8094,Mirafra microptera,unknown,4.6158,0.0543
8095,Mirafra passerina,unknown,4.492,0.0603
8096,Mirafra pulpa,unknown,4.7759,0.0558
8097,Mirafra rufocinnamomea,unknown,5.1161,0.0478
8098,Mirafra somalica,unknown,4.9389,0.0557
8099,Mirafra williamsi,unknown,5.1974,0.0622
8100,Mitrephanes olivaceus,unknown,5.6022,0.0487
8101,Mitrephanes phaeocercus,male,5.831,0.0476
8102,Mitrephanes phaeocercus,unknown,6.4273,0.0558
8103,Mitrospingus cassinii,unknown,6.0678,0.0763
8104,Mitrospingus oleagineus,unknown,5.1316,0.0539
8105,Mitu salvini,male,5.0318,0.0975
8106,Mitu salvini,unknown,5.2384,0.0496
8107,Mitu tomentosum,unknown,5.5462,0.0493
8108,Mitu tuberosum,male,5.3311,0.0495
8109,Mitu tuberosum,unknown,5.3856,0.0538
8110,Mixornis bornensis,unknown,5.2578,0.0716
8111,Mixornis flavicollis,unknown,4.8382,0.0742
8112,Mixornis gularis,unknown,5.5386,0.046
8113,Mixornis kelleyi,unknown,5.3416,0.0542
8114,Mniotilta varia,male,6.6228,0.0146
8115,Mniotilta varia,unknown,6.6792,0.0654
8116,Modulatrix stictigula,unknown,4.7828,0.0554
8117,Moho braccatus,unknown,4.7853,0.063
8118,Mohoua albicilla,unknown,6.209,0.0593
8119,Mohoua novaeseelandiae,unknown,5.6447,0.0546
8120,Mohoua ochrocephala,unknown,6.5121,0.0636
8121,Molothrus aeneus,male,5.6744,0.066
8122,Molothrus aeneus,unknown,5.8187,0.0419
8123,Molothrus ater,unknown,5.4731,0.055
8124,Molothrus bonariensis,male,5.842,0.0636
8125,Molothrus bonariensis,unknown,5.7477,0.0485
8126,Molothrus oryzivorus,male,6.2835,0.0358
8127,Molothrus oryzivorus,unknown,5.2203,0.0483
8128,Molothrus rufoaxillaris,unknown,5.3544,0.0553
8129,Momotus aequatorialis,unknown,7.0762,0.1278
8130,Momotus bahamensis,unknown,7.4058,0.0843
8131,Momotus coeruliceps,unknown,7.6535,0.0984
8132,Momotus lessonii,unknown,7.7589,0.1114
8133,Momotus mexicanus,unknown,6.8952,0.102
8134,Momotus momota,unknown,6.7951,0.0644
8135,Momotus subrufescens,unknown,7.1369,0.0852
8136,Monachella muelleriana,unknown,6.0079,0.0626
8137,Monarcha castaneiventris,unknown,6.1111,0.0618
8138,Monarcha cinerascens,unknown,5.8525,0.068
8139,Monarcha erythrostictus,unknown,5.7212,0.0596
8140,Monarcha frater,male,6.4334,0.0826
8141,Monarcha frater,unknown,6.3501,0.0551
8142,Monarcha godeffroyi,unknown,5.8503,0.0542
8143,Monarcha melanopsis,unknown,5.9549,0.0591
8144,Monarcha richardsii,unknown,5.9081,0.063
8145,Monarcha takatsukasae,unknown,5.4061,0.0707
8146,Monasa atra,unknown,6.1079,0.0625
8147,Monasa flavirostris,unknown,5.3335,0.0577
8148,Monasa morphoeus,unknown,6.0169,0.0686
8149,Monasa nigrifrons,unknown,5.9691,0.0575
8150,Monias benschi,unknown,5.4218,0.0546
8151,Montecincla cachinnans,unknown,5.7659,0.0557
8152,Montecincla fairbanki,unknown,5.7634,0.0603
8153,Montecincla jerdoni,unknown,4.9694,0.0571
8154,Montecincla meridionalis,unknown,4.9569,0.0635
8155,Monticola angolensis,male,5.1207,0.0587
8156,Monticola angolensis,unknown,6.0022,0.0521
8157,Monticola brevipes,male,6.6513,0.0846
8158,Monticola brevipes,unknown,6.4959,0.0772
8159,Monticola cinclorhyncha,male,6.6754,0.1002
8160,Monticola cinclorhyncha,unknown,6.9194,0.0622
8161,Monticola explorator,female,5.4786,0.0316
8162,Monticola explorator,male,5.862,NA
8163,Monticola explorator,unknown,5.7855,0.0664
8164,Monticola gularis,male,6.9877,0.077
8165,Monticola gularis,unknown,6.191,0.0713
8166,Monticola imerina,male,6.2404,0.0181
8167,Monticola imerina,unknown,5.8608,0.0669
8168,Monticola rufiventris,female,6.2525,0.0697
8169,Monticola rufiventris,male,6.9197,0.0471
8170,Monticola rufiventris,unknown,6.7149,0.0627
8171,Monticola rufocinereus,female,6.3198,0.0705
8172,Monticola rufocinereus,unknown,6.3617,0.0818
8173,Monticola rupestris,female,6.5754,0.0816
8174,Monticola rupestris,unknown,6.2039,0.0635
8175,Monticola saxatilis,male,6.4698,0.0505
8176,Monticola saxatilis,unknown,5.6406,0.0437
8177,Monticola sharpei,male,7.1955,0.0884
8178,Monticola sharpei,unknown,7.1155,0.0972
8179,Monticola solitarius,male,5.508,0.0367
8180,Monticola solitarius,unknown,6.4075,0.0625
8181,Montifringilla adamsi,unknown,5.3052,0.0562
8182,Montifringilla blanfordi,unknown,5.197,0.0526
8183,Montifringilla davidiana,male,5.3475,0.0125
8184,Montifringilla davidiana,unknown,4.8492,0.0535
8185,Montifringilla henrici,male,5.5452,0.0748
8186,Montifringilla henrici,unknown,5.188,0.0475
8187,Montifringilla nivalis,unknown,5.6504,0.057
8188,Montifringilla ruficollis,male,6.3713,0.0335
8189,Montifringilla ruficollis,unknown,5.5891,0.0418
8190,Montifringilla taczanowskii,unknown,5.0104,0.0724
8191,Morococcyx erythropygus,unknown,6.1554,0.0589
8192,Morphnarchus princeps,unknown,6.1211,0.0513
8193,Morphnus guianensis,female,5.6918,0.0605
8194,Morphnus guianensis,unknown,5.6518,0.0692
8195,Morus bassanus,unknown,6.5614,0.0811
8196,Morus capensis,unknown,6.0428,0.0621
8197,Morus serrator,unknown,5.7664,0.0546
8198,Motacilla aguimp,unknown,5.6633,0.0608
8199,Motacilla alba,unknown,5.8083,0.0612
8200,Motacilla bocagii,unknown,4.7637,0.0558
8201,Motacilla capensis,unknown,5.0331,0.0567
8202,Motacilla cinerea,female,5.18,0.0372
8203,Motacilla cinerea,male,4.7116,0.0691
8204,Motacilla cinerea,unknown,6.5131,0.072
8205,Motacilla citreola,unknown,5.7744,0.0555
8206,Motacilla clara,unknown,5.65,0.0532
8207,Motacilla flava,male,5.1573,0.0283
8208,Motacilla flava,unknown,5.7577,0.0509
8209,Motacilla flaviventris,unknown,6.0199,0.0616
8210,Motacilla grandis,unknown,5.739,0.0557
8211,Motacilla maderaspatensis,unknown,5.9995,0.064
8212,Motacilla samveasnae,male,5.9344,0.0653
8213,Motacilla samveasnae,unknown,5.1703,0.0567
8214,Motacilla tschutschensis,male,5.8079,0.0733
8215,Motacilla tschutschensis,unknown,5.9305,0.0662
8216,Mulleripicus fuliginosus,female,5.89,0.036
8217,Mulleripicus fuliginosus,unknown,5.8445,0.0569
8218,Mulleripicus fulvus,male,5.7984,0.0633
8219,Mulleripicus fulvus,unknown,5.7954,0.0614
8220,Mulleripicus funebris,male,5.8412,0.032
8221,Mulleripicus funebris,unknown,6.0164,0.0493
8222,Mulleripicus pulverulentus,female,5.4172,0.0492
8223,Mulleripicus pulverulentus,male,6.6563,0.0381
8224,Mulleripicus pulverulentus,unknown,6.0121,0.0717
8225,Muscicapa adusta,unknown,6.2479,0.067
8226,Muscicapa aquatica,unknown,5.2991,0.058
8227,Muscicapa cassini,unknown,5.9208,0.0516
8228,Muscicapa dauurica,unknown,5.8086,0.0577
8229,Muscicapa epulata,unknown,5.7367,0.0562
8230,Muscicapa ferruginea,unknown,6.5268,0.0701
8231,Muscicapa gambagae,unknown,5.0403,0.0646
8232,Muscicapa griseisticta,unknown,5.5002,0.0613
8233,Muscicapa muttui,unknown,5.4341,0.0523
8234,Muscicapa randi,unknown,4.1134,0.0713
8235,Muscicapa segregata,unknown,5.4231,0.056
8236,Muscicapa sethsmithi,unknown,5.7536,0.0694
8237,Muscicapa sibirica,unknown,6.2108,0.0636
8238,Muscicapa sodhii,unknown,5.2987,0.0476
8239,Muscicapa striata,unknown,5.6926,0.0629
8240,Muscicapa williamsoni,unknown,5.5523,0.0665
8241,Muscigralla brevicauda,unknown,4.8623,0.0675
8242,Muscipipra vetula,unknown,5.2802,0.0613
8243,Muscisaxicola albifrons,unknown,4.989,0.0564
8244,Muscisaxicola albilora,unknown,5.2242,0.0531
8245,Muscisaxicola alpinus,unknown,4.9907,0.0558
8246,Muscisaxicola capistratus,unknown,5.6023,0.0554
8247,Muscisaxicola cinereus,unknown,5.5801,0.0593
8248,Muscisaxicola flavinucha,unknown,5.0896,0.0544
8249,Muscisaxicola fluviatilis,unknown,4.684,0.0642
8250,Muscisaxicola frontalis,unknown,5.386,0.0508
8251,Muscisaxicola griseus,unknown,5.0114,0.0521
8252,Muscisaxicola juninensis,unknown,5.5059,0.0403
8253,Muscisaxicola maclovianus,unknown,5.6785,0.0655
8254,Muscisaxicola maculirostris,unknown,5.1788,0.0512
8255,Muscisaxicola rufivertex,unknown,5.5539,0.0649
8256,Musophaga rossae,unknown,7.1038,0.1041
8257,Musophaga violacea,unknown,7.0236,0.081
8258,Mustelirallus albicollis,unknown,5.2154,0.0523
8259,Mustelirallus erythrops,unknown,6.0108,0.0458
8260,Myadestes coloratus,unknown,5.8881,0.0428
8261,Myadestes elisabeth,unknown,5.503,0.0579
8262,Myadestes genibarbis,unknown,5.9798,0.0636
8263,Myadestes melanops,unknown,6.1074,0.0633
8264,Myadestes obscurus,male,5.0047,0.0765
8265,Myadestes obscurus,unknown,5.1371,0.0437
8266,Myadestes occidentalis,unknown,5.6247,0.0539
8267,Myadestes palmeri,unknown,5.1421,0.0503
8268,Myadestes ralloides,unknown,5.3324,0.0557
8269,Myadestes townsendi,unknown,5.3663,0.058
8270,Myadestes unicolor,unknown,5.351,0.055
8271,Mycerobas affinis,female,6.395,NA
8272,Mycerobas affinis,male,6.2233,0.0588
8273,Mycerobas affinis,unknown,6.7006,0.0703
8274,Mycerobas carnipes,female,6.2714,0.0746
8275,Mycerobas carnipes,male,5.7641,0.0429
8276,Mycerobas carnipes,unknown,5.4516,0.0462
8277,Mycerobas icterioides,female,5.8588,0.0657
8278,Mycerobas icterioides,male,5.4748,0.0722
8279,Mycerobas icterioides,unknown,6.7834,0.0769
8280,Mycerobas melanozanthos,female,5.7548,0.0263
8281,Mycerobas melanozanthos,male,5.8792,0.0902
8282,Mycerobas melanozanthos,unknown,5.5552,0.0553
8283,Mycteria americana,unknown,5.1869,0.0447
8284,Mycteria cinerea,unknown,5.6053,0.0569
8285,Mycteria ibis,unknown,5.4104,0.0645
8286,Mycteria leucocephala,unknown,5.9772,0.0623
8287,Myiagra albiventris,unknown,5.4524,0.0537
8288,Myiagra alecto,female,6.5088,0.0169
8289,Myiagra alecto,male,6.4845,0.0832
8290,Myiagra alecto,unknown,6.8677,0.0661
8291,Myiagra atra,male,6.16,0.0806
8292,Myiagra atra,unknown,6.5606,0.0551
8293,Myiagra azureocapilla,male,6.8818,0.0682
8294,Myiagra azureocapilla,unknown,6.1958,0.0543
8295,Myiagra caledonica,female,6.5433,0.0748
8296,Myiagra caledonica,unknown,6.2838,0.0663
8297,Myiagra castaneigularis,male,6.3146,0.0407
8298,Myiagra castaneigularis,unknown,6.6377,0.0809
8299,Myiagra cervinicauda,male,5.7472,0.0647
8300,Myiagra cervinicauda,unknown,5.2493,0.0542
8301,Myiagra cyanoleuca,male,6.0271,0.0816
8302,Myiagra cyanoleuca,unknown,7.1983,0.1007
8303,Myiagra erythrops,unknown,6.5977,0.0802
8304,Myiagra ferrocyanea,male,6.3414,0.0512
8305,Myiagra ferrocyanea,unknown,5.6937,0.0583
8306,Myiagra galeata,male,5.8936,0.0271
8307,Myiagra galeata,unknown,5.9544,0.0629
8308,Myiagra hebetior,unknown,5.1429,0.0509
8309,Myiagra inquieta,female,6.4194,0.0418
8310,Myiagra inquieta,male,5.9229,0.0548
8311,Myiagra inquieta,unknown,5.8614,0.0724
8312,Myiagra nana,unknown,5.8124,0.0501
8313,Myiagra oceanica,unknown,5.7393,0.052
8314,Myiagra pluto,unknown,6.3012,0.0778
8315,Myiagra rubecula,male,6.0407,0.0357
8316,Myiagra rubecula,unknown,7.0896,0.0812
8317,Myiagra ruficollis,unknown,6.7636,0.1032
8318,Myiagra vanikorensis,unknown,6.8058,0.0704
8319,Myiarchus antillarum,unknown,4.8595,0.0544
8320,Myiarchus apicalis,unknown,5.7528,0.0564
8321,Myiarchus barbirostris,unknown,5.4918,0.0486
8322,Myiarchus cephalotes,unknown,6.2074,0.0675
8323,Myiarchus cinerascens,unknown,5.2738,0.0546
8324,Myiarchus crinitus,unknown,6.1722,0.0551
8325,Myiarchus ferox,unknown,5.2018,0.052
8326,Myiarchus magnirostris,unknown,5.9613,0.0523
8327,Myiarchus nugator,male,5.848,NA
8328,Myiarchus nugator,unknown,6.1719,0.064
8329,Myiarchus nuttingi,unknown,5.5051,0.0466
8330,Myiarchus oberi,unknown,5.3638,0.0514
8331,Myiarchus panamensis,unknown,5.3998,0.0714
8332,Myiarchus phaeocephalus,unknown,5.6285,0.0579
8333,Myiarchus sagrae,unknown,5.6011,0.0547
8334,Myiarchus semirufus,unknown,5.6978,0.0566
8335,Myiarchus stolidus,unknown,5.649,0.0547
8336,Myiarchus swainsoni,unknown,5.338,0.0642
8337,Myiarchus tuberculifer,unknown,5.9148,0.0668
8338,Myiarchus tyrannulus,unknown,5.7494,0.0602
8339,Myiarchus validus,unknown,5.2805,0.0557
8340,Myiarchus venezuelensis,unknown,5.0246,0.045
8341,Myiarchus yucatanensis,unknown,5.4069,0.0506
8342,Myiobius atricaudus,female,6.1264,0.0349
8343,Myiobius atricaudus,unknown,5.9048,0.0877
8344,Myiobius barbatus,unknown,5.3731,0.0452
8345,Myiobius sulphureipygius,unknown,6.2013,0.0475
8346,Myiobius villosus,unknown,5.68,0.0622
8347,Myioborus albifrons,unknown,6.1799,0.0563
8348,Myioborus brunniceps,unknown,6.8349,0.0808
8349,Myioborus castaneocapilla,unknown,7.2221,0.105
8350,Myioborus flavivertex,unknown,6.5407,0.0582
8351,Myioborus melanocephalus,unknown,6.8183,0.0652
8352,Myioborus miniatus,unknown,6.9078,0.0921
8353,Myioborus ornatus,unknown,6.994,0.0945
8354,Myioborus pariae,unknown,5.8837,0.0613
8355,Myioborus pictus,unknown,6.6075,0.0746
8356,Myioborus torquatus,unknown,7.3249,0.0883
8357,Myiodynastes bairdii,unknown,5.6143,0.0597
8358,Myiodynastes chrysocephalus,unknown,5.9032,0.0678
8359,Myiodynastes hemichrysus,unknown,5.8481,0.0616
8360,Myiodynastes luteiventris,unknown,5.5152,0.0559
8361,Myiodynastes maculatus,unknown,4.8529,0.0702
8362,Myiomela diana,male,6.4748,0.0669
8363,Myiomela diana,unknown,6.0542,0.0606
8364,Myiomela leucura,male,6.7584,0.0725
8365,Myiomela leucura,unknown,6.2018,0.058
8366,Myiopagis caniceps,male,4.815,0.0864
8367,Myiopagis caniceps,unknown,5.2582,0.0508
8368,Myiopagis cotta,unknown,5.1343,0.0616
8369,Myiopagis flavivertex,unknown,4.9267,0.0463
8370,Myiopagis gaimardii,unknown,5.3529,0.0618
8371,Myiopagis olallai,unknown,5.8188,0.0584
8372,Myiopagis subplacens,unknown,5.4038,0.0484
8373,Myiopagis viridicata,unknown,5.8534,0.0613
8374,Myiophobus cryptoxanthus,unknown,5.6098,0.05
8375,Myiophobus fasciatus,unknown,5.7496,0.083
8376,Myiophobus flavicans,unknown,6.2993,0.0699
8377,Myiophobus inornatus,unknown,5.3225,0.0552
8378,Myiophobus phoenicomitra,unknown,5.7819,0.0581
8379,Myiophobus roraimae,unknown,5.1164,0.0578
8380,Myiopsitta monachus,unknown,6.7247,0.0771
8381,Myiornis albiventris,unknown,5.8417,0.0591
8382,Myiornis atricapillus,unknown,6.2551,0.0577
8383,Myiornis auricularis,unknown,6.4456,0.0743
8384,Myiornis ecaudatus,unknown,6.7562,0.0852
8385,Myiotheretes fumigatus,unknown,4.9034,0.061
8386,Myiotheretes fuscorufus,unknown,5.5315,0.0623
8387,Myiotheretes pernix,unknown,5.3134,0.0641
8388,Myiotheretes striaticollis,unknown,5.8193,0.0576
8389,Myiothlypis basilica,unknown,6.5397,0.0721
8390,Myiothlypis bivittata,unknown,6.0837,0.0537
8391,Myiothlypis chrysogaster,unknown,5.9856,0.0577
8392,Myiothlypis cinereicollis,unknown,5.4454,0.0517
8393,Myiothlypis conspicillata,unknown,6.0132,0.0519
8394,Myiothlypis coronata,unknown,6.3413,0.0546
8395,Myiothlypis flaveola,unknown,6.5725,0.0668
8396,Myiothlypis fraseri,unknown,6.5238,0.0664
8397,Myiothlypis fulvicauda,unknown,5.6094,0.0532
8398,Myiothlypis leucoblephara,unknown,6.0776,0.0635
8399,Myiothlypis leucophrys,unknown,5.7856,0.0592
8400,Myiothlypis luteoviridis,unknown,6.0618,0.0641
8401,Myiothlypis nigrocristata,unknown,6.819,0.0742
8402,Myiothlypis rivularis,unknown,5.5413,0.0536
8403,Myiothlypis signata,male,6.2329,0.0577
8404,Myiothlypis signata,unknown,6.0346,0.0522
8405,Myiotriccus ornatus,unknown,6.1962,0.0619
8406,Myiozetetes cayanensis,unknown,6.2786,0.0516
8407,Myiozetetes granadensis,unknown,5.8755,0.0539
8408,Myiozetetes luteiventris,unknown,5.6691,0.0486
8409,Myiozetetes similis,unknown,5.9187,0.0526
8410,Myophonus blighi,female,5.2868,0.0155
8411,Myophonus blighi,male,5.4942,0.053
8412,Myophonus blighi,unknown,5.7694,0.0583
8413,Myophonus borneensis,male,6.3181,0.053
8414,Myophonus borneensis,unknown,5.6195,0.057
8415,Myophonus caeruleus,unknown,6.1495,0.0588
8416,Myophonus castaneus,female,5.6505,0.0558
8417,Myophonus castaneus,male,6.1299,0.0488
8418,Myophonus castaneus,unknown,6.401,0.0608
8419,Myophonus glaucinus,male,6.2945,0.0189
8420,Myophonus glaucinus,unknown,5.8548,0.0557
8421,Myophonus horsfieldii,unknown,6.6327,0.0726
8422,Myophonus insularis,unknown,6.5553,0.0822
8423,Myophonus melanurus,male,6.7171,0.0714
8424,Myophonus melanurus,unknown,6.3245,0.0807
8425,Myophonus robinsoni,unknown,5.9223,0.0533
8426,Myornis senilis,unknown,5.3683,0.0531
8427,Myrmeciza longipes,male,5.819,0.0508
8428,Myrmeciza longipes,unknown,5.9768,0.052
8429,Myrmecocichla aethiops,unknown,5.0445,0.0576
8430,Myrmecocichla arnotti,unknown,5.9303,0.0585
8431,Myrmecocichla collaris,unknown,5.7757,0.0528
8432,Myrmecocichla formicivora,male,5.6948,0.0318
8433,Myrmecocichla formicivora,unknown,5.5219,0.056
8434,Myrmecocichla melaena,unknown,5.6493,0.0496
8435,Myrmecocichla monticola,male,6.0608,0.0497
8436,Myrmecocichla monticola,unknown,5.1343,0.0518
8437,Myrmecocichla nigra,male,6.4141,0.0709
8438,Myrmecocichla nigra,unknown,6.3014,0.0635
8439,Myrmecocichla tholloni,unknown,5.4043,0.0606
8440,Myrmelastes brunneiceps,male,4.337,0.0471
8441,Myrmelastes brunneiceps,unknown,4.9091,0.0813
8442,Myrmelastes caurensis,female,5.454,0.0403
8443,Myrmelastes caurensis,male,5.9538,0.0554
8444,Myrmelastes caurensis,unknown,5.5875,0.0657
8445,Myrmelastes humaythae,female,5.3877,0.0561
8446,Myrmelastes humaythae,unknown,5.2842,0.0606
8447,Myrmelastes hyperythrus,female,5.6835,0.0511
8448,Myrmelastes hyperythrus,male,5.5368,0.0745
8449,Myrmelastes hyperythrus,unknown,5.8305,0.0458
8450,Myrmelastes leucostigma,male,5.3984,0.0767
8451,Myrmelastes leucostigma,unknown,5.7998,0.0572
8452,Myrmelastes rufifacies,male,4.7585,0.0503
8453,Myrmelastes rufifacies,unknown,5.527,0.057
8454,Myrmelastes saturatus,unknown,5.6972,0.0481
8455,Myrmelastes schistaceus,female,4.8668,0.0605
8456,Myrmelastes schistaceus,male,4.9659,0.0524
8457,Myrmelastes schistaceus,unknown,5.1198,0.0455
8458,Myrmia micrura,female,5.9614,0.0657
8459,Myrmia micrura,unknown,6.6703,0.0749
8460,Myrmoborus leucophrys,unknown,6.1604,0.0629
8461,Myrmoborus lophotes,male,6.1023,0.0526
8462,Myrmoborus lophotes,unknown,5.9651,0.0657
8463,Myrmoborus lugubris,female,5.7962,0.0591
8464,Myrmoborus lugubris,male,5.3862,0.0575
8465,Myrmoborus lugubris,unknown,5.6458,0.0579
8466,Myrmoborus melanurus,male,5.7183,0.0554
8467,Myrmoborus melanurus,unknown,5.8517,0.0511
8468,Myrmoborus myotherinus,male,5.866,0.0574
8469,Myrmoborus myotherinus,unknown,6.0397,0.0523
8470,Myrmochanes hemileucus,female,6.5758,0.0648
8471,Myrmochanes hemileucus,male,5.471,0.0592
8472,Myrmochanes hemileucus,unknown,6.0405,0.0686
8473,Myrmoderus eowilsoni,male,5.6194,0.0489
8474,Myrmoderus eowilsoni,unknown,5.5969,0.0473
8475,Myrmoderus ferrugineus,male,6.4775,0.0606
8476,Myrmoderus ferrugineus,unknown,6.1097,0.0622
8477,Myrmoderus loricatus,male,5.8661,0.0705
8478,Myrmoderus loricatus,unknown,5.8644,0.0767
8479,Myrmoderus ruficauda,female,5.139,NA
8480,Myrmoderus ruficauda,male,5.6787,0.0617
8481,Myrmoderus ruficauda,unknown,5.8213,0.0535
8482,Myrmoderus squamosus,male,5.8007,0.0141
8483,Myrmoderus squamosus,unknown,5.6288,0.0562
8484,Myrmophylax atrothorax,male,4.9381,0.0572
8485,Myrmophylax atrothorax,unknown,6.2124,0.0552
8486,Myrmorchilus strigilatus,female,5.517,0.0393
8487,Myrmorchilus strigilatus,male,5.738,0.034
8488,Myrmorchilus strigilatus,unknown,5.7244,0.0636
8489,Myrmornis torquata,male,6.0743,0.0628
8490,Myrmornis torquata,unknown,5.693,0.0587
8491,Myrmothera campanisona,unknown,5.3005,0.0565
8492,Myrmothera simplex,unknown,5.5198,0.0927
8493,Myrmothera subcanescens,unknown,3.9997,0.093
8494,Myrmotherula ambigua,male,4.764,0.0408
8495,Myrmotherula ambigua,unknown,5.0302,0.0581
8496,Myrmotherula assimilis,male,5.1022,0.053
8497,Myrmotherula assimilis,unknown,5.751,0.0528
8498,Myrmotherula axillaris,male,5.4665,0.0603
8499,Myrmotherula axillaris,unknown,6.1014,0.0534
8500,Myrmotherula behni,male,5.1857,0.0633
8501,Myrmotherula behni,unknown,5.69,0.0592
8502,Myrmotherula brachyura,female,5.98,0.0623
8503,Myrmotherula brachyura,male,5.9472,0.0624
8504,Myrmotherula brachyura,unknown,6.2326,0.0493
8505,Myrmotherula cherriei,female,5.1705,0.0477
8506,Myrmotherula cherriei,male,5.6969,0.0449
8507,Myrmotherula cherriei,unknown,5.0913,0.0512
8508,Myrmotherula grisea,male,4.7127,0.0642
8509,Myrmotherula grisea,unknown,5.5254,0.0457
8510,Myrmotherula ignota,female,5.1423,0.0282
8511,Myrmotherula ignota,male,5.9794,0.067
8512,Myrmotherula ignota,unknown,5.8501,0.0523
8513,Myrmotherula iheringi,male,6.3728,0.0649
8514,Myrmotherula iheringi,unknown,4.3558,0.0527
8515,Myrmotherula klagesi,male,5.671,0.0131
8516,Myrmotherula klagesi,unknown,5.8943,0.0461
8517,Myrmotherula longicauda,female,5.4857,0.0309
8518,Myrmotherula longicauda,unknown,5.3852,0.0628
8519,Myrmotherula longipennis,unknown,5.531,0.0564
8520,Myrmotherula menetriesii,female,5.4276,0.0245
8521,Myrmotherula menetriesii,male,5.418,0.0534
8522,Myrmotherula menetriesii,unknown,5.3766,0.0504
8523,Myrmotherula minor,female,4.9899,0.0602
8524,Myrmotherula minor,male,5.2165,0.044
8525,Myrmotherula minor,unknown,5.2392,0.045
8526,Myrmotherula multostriata,female,5.9775,0.0625
8527,Myrmotherula multostriata,male,5.8433,0.0457
8528,Myrmotherula multostriata,unknown,5.9441,0.051
8529,Myrmotherula pacifica,male,5.8813,0.0622
8530,Myrmotherula pacifica,unknown,5.6984,0.0542
8531,Myrmotherula schisticolor,unknown,5.0521,0.0574
8532,Myrmotherula sclateri,male,6.1511,0.0525
8533,Myrmotherula sclateri,unknown,5.7148,0.0597
8534,Myrmotherula snowi,male,5.1277,0.0538
8535,Myrmotherula snowi,unknown,5.6734,0.0522
8536,Myrmotherula sunensis,male,4.486,0.0611
8537,Myrmotherula sunensis,unknown,5.1285,0.0493
8538,Myrmotherula surinamensis,male,5.8125,0.0475
8539,Myrmotherula surinamensis,unknown,6.0185,0.0438
8540,Myrmotherula unicolor,male,5.2607,0.0293
8541,Myrmotherula unicolor,unknown,4.97,0.0482
8542,Myrmotherula urosticta,male,5.1665,0.053
8543,Myrmotherula urosticta,unknown,6.134,0.0617
8544,Myrtis fanny,female,6.7473,0.06
8545,Myrtis fanny,male,7.216,NA
8546,Myrtis fanny,unknown,6.7586,0.084
8547,Mystacornis crossleyi,male,5.9135,0.0422
8548,Mystacornis crossleyi,unknown,5.8448,0.0483
8549,Myza celebensis,unknown,5.1497,0.0454
8550,Myza sarasinorum,unknown,5.4438,0.0472
8551,Myzomela adolphinae,male,6.1242,0.0658
8552,Myzomela adolphinae,unknown,5.8162,0.0655
8553,Myzomela albigula,unknown,4.6744,0.0643
8554,Myzomela blasii,unknown,4.826,0.0575
8555,Myzomela boiei,male,6.2014,0.0624
8556,Myzomela boiei,unknown,6.3165,0.086
8557,Myzomela caledonica,male,5.362,0.003
8558,Myzomela caledonica,unknown,7.0196,0.0798
8559,Myzomela cardinalis,female,5.0328,0.0416
8560,Myzomela cardinalis,male,6.1496,0.0717
8561,Myzomela cardinalis,unknown,6.3767,0.0573
8562,Myzomela chloroptera,male,6.7258,0.0753
8563,Myzomela chloroptera,unknown,6.9206,0.0779
8564,Myzomela cineracea,unknown,5.0271,0.0598
8565,Myzomela cruentata,female,4.8776,0.0419
8566,Myzomela cruentata,male,7.1375,0.0778
8567,Myzomela cruentata,unknown,6.6868,0.0535
8568,Myzomela dammermani,male,5.8512,0.0773
8569,Myzomela dammermani,unknown,6.2857,0.0752
8570,Myzomela eichhorni,unknown,5.4657,0.0497
8571,Myzomela eques,unknown,4.8378,0.0644
8572,Myzomela erythrocephala,female,5.6358,0.0503
8573,Myzomela erythrocephala,unknown,6.0577,0.072
8574,Myzomela erythromelas,unknown,4.7904,0.0553
8575,Myzomela irianawidodoae,male,5.6557,0.0633
8576,Myzomela irianawidodoae,unknown,5.911,0.0685
8577,Myzomela jugularis,male,5.973,0.0545
8578,Myzomela jugularis,unknown,6.3673,0.0729
8579,Myzomela kuehni,unknown,5.2847,0.0475
8580,Myzomela lafargei,unknown,5.1196,0.0582
8581,Myzomela malaitae,unknown,5.783,0.0569
8582,Myzomela melanocephala,unknown,4.8747,0.0556
8583,Myzomela nigrita,male,5.2756,0.0568
8584,Myzomela nigrita,unknown,5.1928,0.0355
8585,Myzomela nigriventris,unknown,6.9629,0.0622
8586,Myzomela obscura,unknown,5.283,0.0545
8587,Myzomela pammelaena,unknown,5.2907,0.0491
8588,Myzomela pulchella,unknown,5.219,0.0568
8589,Myzomela rosenbergii,unknown,6.3179,0.0712
8590,Myzomela rubratra,male,6.1066,0.0812
8591,Myzomela rubratra,unknown,6.6709,0.0806
8592,Myzomela sanguinolenta,male,6.392,0.0573
8593,Myzomela sanguinolenta,unknown,7.4103,0.1359
8594,Myzomela sclateri,unknown,5.3734,0.0614
8595,Myzomela tristrami,unknown,5.4243,0.0577
8596,Myzomela vulnerata,male,5.3326,0.0682
8597,Myzomela vulnerata,unknown,5.7661,0.0636
8598,Myzomela wakoloensis,male,6.0565,0.0625
8599,Myzomela wakoloensis,unknown,6.2794,0.0592
8600,Myzornis pyrrhoura,male,6.4345,0.0614
8601,Myzornis pyrrhoura,unknown,7.0848,0.0943
8602,Nannopsittaca dachilleae,unknown,5.9233,0.0523
8603,Nannopsittaca panychlora,unknown,4.7083,0.0595
8604,Napothera albostriata,unknown,5.2963,0.0649
8605,Napothera danjoui,male,4.9918,0.0496
8606,Napothera danjoui,unknown,4.9528,0.0619
8607,Napothera epilepidota,unknown,5.0443,0.0612
8608,Napothera malacoptila,male,5.244,0.0571
8609,Napothera malacoptila,unknown,5.3995,0.0507
8610,Napothera pasquieri,unknown,4.8999,0.0519
8611,Nasica longirostris,unknown,5.4004,0.0542
8612,Neafrapus boehmi,unknown,5.334,0.0501
8613,Neafrapus cassini,unknown,4.7736,0.0638
8614,Necrosyrtes monachus,unknown,6.0614,0.0764
8615,Nectarinia bocagii,male,5.361,NA
8616,Nectarinia bocagii,unknown,5.8237,0.0674
8617,Nectarinia famosa,male,7.1517,0.066
8618,Nectarinia famosa,unknown,7.0672,0.098
8619,Nectarinia johnstoni,unknown,7.0215,0.1069
8620,Nectarinia kilimensis,male,6.6938,0.0251
8621,Nectarinia kilimensis,unknown,6.319,0.083
8622,Nectarinia purpureiventris,unknown,6.3197,0.0787
8623,Nectarinia tacazze,unknown,6.2304,0.0874
8624,Nemosia pileata,female,5.4835,0.0344
8625,Nemosia pileata,male,5.7096,0.0345
8626,Nemosia pileata,unknown,6.1522,0.0678
8627,Nemosia rourei,unknown,6.5142,0.0798
8628,Neochmia modesta,male,5.7092,0.0386
8629,Neochmia modesta,unknown,6.026,0.0516
8630,Neochmia phaeton,male,6.5257,0.0735
8631,Neochmia phaeton,unknown,6.5869,0.0682
8632,Neochmia ruficauda,unknown,6.0147,0.0637
8633,Neochmia temporalis,unknown,7.0624,0.0888
8634,Neocichla gutturalis,unknown,4.837,0.0611
8635,Neocossyphus finschi,unknown,5.3783,0.0598
8636,Neocossyphus fraseri,unknown,5.4882,0.0634
8637,Neocossyphus poensis,unknown,5.1794,0.0656
8638,Neocossyphus rufus,unknown,6.1999,0.0605
8639,Neoctantes niger,female,5.837,0.0376
8640,Neoctantes niger,male,5.067,0.0615
8641,Neoctantes niger,unknown,5.5253,0.0719
8642,Neodrepanis coruscans,male,6.3412,0.0555
8643,Neodrepanis coruscans,unknown,6.6078,0.0669
8644,Neodrepanis hypoxantha,female,6.2605,0.0456
8645,Neodrepanis hypoxantha,male,6.9062,0.0676
8646,Neodrepanis hypoxantha,unknown,7.2543,0.0886
8647,Neolalage banksiana,male,6.3639,0.0647
8648,Neolalage banksiana,unknown,6.7822,0.0869
8649,Neolestes torquatus,unknown,6.1631,0.062
8650,Neomixis striatigula,unknown,5.9562,0.0497
8651,Neomixis tenella,unknown,5.9027,0.0659
8652,Neomixis viridis,unknown,4.9281,0.0519
8653,Neomorphus geoffroyi,unknown,6.0141,0.0616
8654,Neomorphus pucheranii,unknown,4.452,0.0384
8655,Neomorphus radiolosus,unknown,5.5842,0.0601
8656,Neomorphus rufipennis,unknown,5.4513,0.0616
8657,Neomorphus squamiger,unknown,5.7995,0.0459
8658,Neopelma aurifrons,male,5.2077,0.0583
8659,Neopelma aurifrons,unknown,6.2266,0.0829
8660,Neopelma chrysocephalum,unknown,5.4666,0.0431
8661,Neopelma chrysolophum,male,5.8858,0.0991
8662,Neopelma chrysolophum,unknown,5.7583,0.0516
8663,Neopelma pallescens,unknown,5.0217,0.0489
8664,Neopelma sulphureiventer,unknown,5.2025,0.0403
8665,Neophema bourkii,unknown,6.3951,0.0821
8666,Neophema chrysogaster,unknown,7.1907,0.0674
8667,Neophema chrysostoma,unknown,6.8435,0.0754
8668,Neophema elegans,male,7.4216,0.0278
8669,Neophema elegans,unknown,7.0129,0.0823
8670,Neophema petrophila,unknown,6.7439,0.0871
8671,Neophema pulchella,male,7.8142,0.1382
8672,Neophema pulchella,unknown,7.16,0.0994
8673,Neophema splendida,male,7.1159,0.0898
8674,Neophema splendida,unknown,6.8585,0.0882
8675,Neophron percnopterus,unknown,5.7484,0.0706
8676,Neopipo cinnamomea,unknown,5.6466,0.0687
8677,Neopsittacus musschenbroekii,unknown,6.833,0.0677
8678,Neopsittacus pullicauda,unknown,7.1544,0.1073
8679,Neosuthora davidiana,unknown,6.0706,0.0814
8680,Neothraupis fasciata,male,5.4123,0.0502
8681,Neothraupis fasciata,unknown,5.7826,0.0553
8682,Neotis denhami,male,6.338,NA
8683,Neotis denhami,unknown,5.7393,0.0576
8684,Neotis heuglinii,female,5.5386,0.0721
8685,Neotis heuglinii,male,5.3615,0.0394
8686,Neotis heuglinii,unknown,5.3397,0.0619
8687,Neotis ludwigii,unknown,5.3143,0.0508
8688,Neoxolmis rufiventris,unknown,5.9249,0.0562
8689,Nephelomyias lintoni,unknown,6.1322,0.0518
8690,Nephelomyias ochraceiventris,unknown,6.632,0.0615
8691,Nephelomyias pulcher,unknown,5.6641,0.0516
8692,Nephelornis oneilli,unknown,5.7283,0.0639
8693,Nesasio solomonensis,unknown,6.5,0.0733
8694,Nesillas brevicaudata,unknown,4.6586,0.0557
8695,Nesillas lantzii,unknown,5.0572,0.0542
8696,Nesillas longicaudata,unknown,4.6793,0.0961
8697,Nesillas mariae,unknown,4.7629,0.0597
8698,Nesillas typica,unknown,4.6056,0.0605
8699,Nesocharis ansorgei,unknown,5.6946,0.0554
8700,Nesocharis capistrata,unknown,5.2911,0.06
8701,Nesocharis shelleyi,male,6.448,0.0653
8702,Nesocharis shelleyi,unknown,6.6684,0.0897
8703,Nesoctites micromegas,female,4.5853,0.0457
8704,Nesoctites micromegas,male,5.8,0.0351
8705,Nesoctites micromegas,unknown,5.9196,0.0464
8706,Nesoenas mayeri,unknown,5.4302,0.0522
8707,Nesofregetta fuliginosa,unknown,5.7053,0.0512
8708,Nesophlox evelynae,female,6.9603,0.1011
8709,Nesophlox evelynae,unknown,6.6575,0.0869
8710,Nesophlox lyrura,unknown,6.7248,0.0677
8711,Nesopsar nigerrimus,unknown,5.9699,0.0636
8712,Nesoptilotis flavicollis,unknown,6.0413,0.0551
8713,Nesoptilotis leucotis,unknown,6.0301,0.0518
8714,Nesospingus speculiferus,unknown,5.2814,0.0499
8715,Nesospiza acunhae,unknown,5.4183,0.05
8716,Nesospiza questi,unknown,5.3648,0.0594
8717,Nesospiza wilkinsi,unknown,5.2324,0.0529
8718,Nesotriccus ridgwayi,unknown,5.3777,0.0561
8719,Nestor meridionalis,unknown,6.6496,0.0656
8720,Nestor notabilis,unknown,6.831,0.1155
8721,Netta erythrophthalma,male,4.9235,0.0622
8722,Netta erythrophthalma,unknown,5.2317,0.0627
8723,Netta peposaca,female,5.5818,0.0654
8724,Netta peposaca,male,5.8673,0.0604
8725,Netta peposaca,unknown,5.3854,0.0488
8726,Netta rufina,male,5.9544,0.0726
8727,Netta rufina,unknown,6.3913,0.0506
8728,Nettapus auritus,male,5.9289,0.0524
8729,Nettapus auritus,unknown,6.8424,0.0697
8730,Nettapus coromandelianus,female,5.1933,0.0757
8731,Nettapus coromandelianus,male,6.2808,0.0546
8732,Nettapus coromandelianus,unknown,6.2567,0.0664
8733,Nettapus pulchellus,male,6.0652,0.0534
8734,Nettapus pulchellus,unknown,5.6986,0.0491
8735,Newtonia amphichroa,unknown,5.1594,0.0544
8736,Newtonia archboldi,unknown,5.2521,0.0552
8737,Newtonia brunneicauda,unknown,5.0694,0.0647
8738,Newtonia fanovanae,unknown,5.5223,0.0691
8739,Nicator chloris,unknown,5.4132,0.0545
8740,Nicator gularis,unknown,5.7479,0.0641
8741,Nicator vireo,unknown,5.3004,0.0507
8742,Nigrita bicolor,unknown,5.9545,0.0636
8743,Nigrita canicapillus,unknown,6.1583,0.0548
8744,Nigrita fusconotus,unknown,6.2035,0.0716
8745,Nigrita luteifrons,female,6.2278,0.0314
8746,Nigrita luteifrons,male,5.536,0.0476
8747,Nigrita luteifrons,unknown,5.7377,0.0609
8748,Nilaus afer,male,6.979,0.0465
8749,Nilaus afer,unknown,6.4518,0.1206
8750,Niltava davidi,male,6.8626,0.0719
8751,Niltava davidi,unknown,6.0397,0.0451
8752,Niltava grandis,male,7.1156,0.0852
8753,Niltava grandis,unknown,6.2533,0.0676
8754,Niltava macgrigoriae,male,7.6198,0.0858
8755,Niltava macgrigoriae,unknown,6.8851,0.0808
8756,Niltava sumatrana,male,6.1506,0.0474
8757,Niltava sumatrana,unknown,6.9071,0.099
8758,Niltava sundara,female,6.376,0.0879
8759,Niltava sundara,male,6.958,0.0586
8760,Niltava sundara,unknown,6.2826,0.0667
8761,Niltava vivida,male,6.7481,0.0489
8762,Niltava vivida,unknown,6.4883,0.0481
8763,Ninox affinis,unknown,6.6506,0.0746
8764,Ninox boobook,unknown,7.0086,0.0835
8765,Ninox burhani,female,6.3925,0.0577
8766,Ninox burhani,unknown,6.7238,0.0632
8767,Ninox connivens,female,6.447,0.0326
8768,Ninox connivens,unknown,6.5033,0.0664
8769,Ninox forbesi,unknown,6.8283,0.0883
8770,Ninox hypogramma,unknown,5.461,0.0596
8771,Ninox ios,unknown,6.2555,0.0577
8772,Ninox jacquinoti,unknown,6.3255,0.0719
8773,Ninox japonica,unknown,7.2487,0.1031
8774,Ninox leventisi,unknown,6.4798,0.0941
8775,Ninox meeki,unknown,6.0842,0.0706
8776,Ninox mindorensis,unknown,6.0699,0.0525
8777,Ninox natalis,unknown,7.0586,0.0938
8778,Ninox novaeseelandiae,unknown,6.9048,0.0927
8779,Ninox obscura,unknown,6.567,0.0574
8780,Ninox ochracea,unknown,6.5242,0.066
8781,Ninox odiosa,unknown,6.7696,0.0846
8782,Ninox philippensis,unknown,6.5957,0.08
8783,Ninox punctulata,unknown,7.0588,0.0803
8784,Ninox randi,unknown,5.4517,0.0604
8785,Ninox rudolfi,unknown,6.4534,0.0617
8786,Ninox rufa,unknown,6.7468,0.0739
8787,Ninox rumseyi,unknown,6.5587,0.0808
8788,Ninox scutulata,unknown,6.6909,0.0818
8789,Ninox spilocephala,unknown,5.9764,0.0472
8790,Ninox spilonotus,unknown,6.1039,0.0625
8791,Ninox squamipila,unknown,6.491,0.0732
8792,Ninox strenua,female,6.4029,0.0517
8793,Ninox strenua,male,6.996,0.0672
8794,Ninox strenua,unknown,7.0618,0.0652
8795,Ninox sumbaensis,unknown,6.5015,0.0743
8796,Ninox theomacha,male,6.7583,0.0725
8797,Ninox theomacha,unknown,6.937,0.0909
8798,Ninox variegata,unknown,5.6829,0.0589
8799,Nipponia nippon,unknown,6.0703,0.0633
8800,Nisaetus alboniger,male,6.7707,0.0534
8801,Nisaetus alboniger,unknown,6.5906,0.069
8802,Nisaetus bartelsi,unknown,5.7845,0.0476
8803,Nisaetus cirrhatus,unknown,6.2598,0.0749
8804,Nisaetus floris,unknown,5.982,0.0601
8805,Nisaetus kelaarti,unknown,6.2841,0.0676
8806,Nisaetus lanceolatus,unknown,6.6727,0.0897
8807,Nisaetus nanus,unknown,6.3387,0.0579
8808,Nisaetus nipalensis,male,6.5194,0.0742
8809,Nisaetus nipalensis,unknown,6.4118,0.0625
8810,Nisaetus philippensis,unknown,5.8772,0.0566
8811,Nisaetus pinskeri,unknown,5.77,0.0553
8812,Nok hualon,unknown,4.8065,0.0662
8813,Nomonyx dominicus,female,5.4401,0.0582
8814,Nomonyx dominicus,male,6.026,NA
8815,Nomonyx dominicus,unknown,5.6214,0.0526
8816,Nonnula amaurocephala,unknown,6.2426,0.073
8817,Nonnula brunnea,unknown,5.6577,0.0506
8818,Nonnula frontalis,unknown,5.981,0.0569
8819,Nonnula rubecula,unknown,5.3099,0.0507
8820,Nonnula ruficapilla,unknown,6.3112,0.0663
8821,Nonnula sclateri,unknown,5.4982,0.053
8822,Northiella haematogaster,male,6.803,0.0372
8823,Northiella haematogaster,unknown,6.7222,0.0601
8824,Northiella narethae,unknown,6.6367,0.0794
8825,Notharchus hyperrhynchus,unknown,5.5882,0.051
8826,Notharchus macrorhynchos,unknown,5.9263,0.0636
8827,Notharchus ordii,unknown,6.1067,0.0646
8828,Notharchus pectoralis,unknown,6.4426,0.0602
8829,Notharchus swainsoni,unknown,5.8365,0.0656
8830,Notharchus tectus,unknown,6.3948,0.0687
8831,Nothocercus bonapartei,unknown,4.7721,0.0635
8832,Nothocercus julius,unknown,5.1362,0.0531
8833,Nothocercus nigrocapillus,unknown,4.6419,0.0646
8834,Nothocrax urumutum,unknown,5.4596,0.0614
8835,Nothoprocta cinerascens,unknown,5.3057,0.0674
8836,Nothoprocta curvirostris,unknown,4.8664,0.049
8837,Nothoprocta ornata,unknown,4.4639,0.0686
8838,Nothoprocta pentlandii,unknown,4.8495,0.0558
8839,Nothoprocta perdicaria,unknown,4.892,0.0422
8840,Nothoprocta taczanowskii,unknown,4.377,0.0648
8841,Nothura boraquira,unknown,5.4693,0.0506
8842,Nothura darwinii,unknown,5.0767,0.0575
8843,Nothura maculosa,unknown,4.7772,0.0528
8844,Nothura minor,unknown,4.6182,0.0695
8845,Notiomystis cincta,male,5.8617,0.0384
8846,Notiomystis cincta,unknown,6.3278,0.0611
8847,Notopholia corusca,unknown,5.9922,0.0658
8848,Nucifraga caryocatactes,unknown,6.4763,0.0721
8849,Nucifraga columbiana,unknown,5.4531,0.0489
8850,Nucifraga multipunctata,unknown,5.5878,0.0468
8851,Numenius americanus,unknown,6.1669,0.0644
8852,Numenius arquata,unknown,5.4912,0.0532
8853,Numenius madagascariensis,unknown,5.4656,0.0499
8854,Numenius minutus,unknown,6.0012,0.064
8855,Numenius phaeopus,unknown,5.5425,0.0538
8856,Numenius tahitiensis,unknown,5.498,0.0462
8857,Numenius tenuirostris,unknown,4.325,0.0854
8858,Numida meleagris,unknown,5.2862,0.0509
8859,Nyctanassa violacea,unknown,5.6249,0.058
8860,Nyctibius aethereus,unknown,5.3465,0.0545
8861,Nyctibius bracteatus,unknown,5.8708,0.0593
8862,Nyctibius grandis,unknown,5.5858,0.0558
8863,Nyctibius griseus,female,5.3668,0.0565
8864,Nyctibius griseus,male,5.918,NA
8865,Nyctibius griseus,unknown,6.1538,0.0751
8866,Nyctibius jamaicensis,unknown,5.5929,0.0767
8867,Nyctibius leucopterus,unknown,5.6551,0.0497
8868,Nyctibius maculosus,unknown,5.8727,0.0597
8869,Nycticorax caledonicus,unknown,5.308,0.0568
8870,Nycticorax nycticorax,unknown,5.8578,0.0658
8871,Nycticryphes semicollaris,unknown,6.3811,0.0704
8872,Nyctidromus albicollis,unknown,5.669,0.0447
8873,Nyctidromus anthonyi,unknown,5.4414,0.0525
8874,Nyctiphrynus mcleodii,male,4.751,0.103
8875,Nyctiphrynus mcleodii,unknown,5.5198,0.0697
8876,Nyctiphrynus ocellatus,unknown,5.3533,0.0572
8877,Nyctiphrynus rosenbergi,male,5.6358,0.0397
8878,Nyctiphrynus rosenbergi,unknown,5.6846,0.0652
8879,Nyctiphrynus yucatanicus,male,4.8696,0.0754
8880,Nyctiphrynus yucatanicus,unknown,5.6793,0.0566
8881,Nyctipolus hirundinaceus,unknown,6.0795,0.0606
8882,Nyctipolus nigrescens,unknown,5.841,0.0586
8883,Nyctiprogne leucopyga,unknown,5.9453,0.0606
8884,Nyctiprogne vielliardi,unknown,5.4468,0.0592
8885,Nyctyornis amictus,male,6.963,0.0314
8886,Nyctyornis amictus,unknown,7.1017,0.1162
8887,Nyctyornis athertoni,unknown,7.369,0.1049
8888,Nymphicus hollandicus,male,6.4705,0.0795
8889,Nymphicus hollandicus,unknown,6.6906,0.0798
8890,Nystalus chacuru,unknown,5.8379,0.0452
8891,Nystalus maculatus,male,6.1097,0.0559
8892,Nystalus maculatus,unknown,5.6144,0.0505
8893,Nystalus obamai,unknown,5.3603,0.0537
8894,Nystalus radiatus,unknown,5.4524,0.0502
8895,Nystalus striolatus,unknown,5.2382,0.0577
8896,Oceanites gracilis,unknown,5.5228,0.0475
8897,Oceanites oceanicus,unknown,5.3263,0.0574
8898,Oceanites pincoyae,unknown,5.7041,0.0514
8899,Oceanodroma castro,unknown,5.6057,0.0437
8900,Oceanodroma furcata,unknown,5.2383,0.0615
8901,Oceanodroma homochroa,unknown,5.11,0.0496
8902,Oceanodroma hornbyi,unknown,5.4266,0.0561
8903,Oceanodroma jabejabe,unknown,4.9669,0.0661
8904,Oceanodroma leucorhoa,unknown,4.7638,0.0604
8905,Oceanodroma markhami,unknown,4.914,0.0493
8906,Oceanodroma matsudairae,unknown,5.4898,0.0535
8907,Oceanodroma melania,unknown,5.322,0.0509
8908,Oceanodroma microsoma,unknown,4.6588,0.0583
8909,Oceanodroma monorhis,unknown,4.9142,0.0503
8910,Oceanodroma monteiroi,unknown,5.5827,0.059
8911,Oceanodroma socorroensis,unknown,4.8412,0.0607
8912,Oceanodroma tethys,unknown,5.1245,0.0649
8913,Oceanodroma tristrami,unknown,5.197,0.0489
8914,Ochetorhynchus andaecola,unknown,5.13,0.0473
8915,Ochetorhynchus melanurus,unknown,5.9417,0.0562
8916,Ochetorhynchus phoenicurus,unknown,5.2225,0.0502
8917,Ochetorhynchus ruficaudus,unknown,4.8384,0.0593
8918,Ochthoeca cinnamomeiventris,unknown,6.6431,0.0773
8919,Ochthoeca diadema,unknown,5.6321,0.0635
8920,Ochthoeca frontalis,unknown,6.2453,0.0709
8921,Ochthoeca fumicolor,unknown,5.8617,0.0487
8922,Ochthoeca jelskii,unknown,5.8085,0.0541
8923,Ochthoeca leucophrys,unknown,5.6805,0.0519
8924,Ochthoeca oenanthoides,unknown,6.0794,0.0616
8925,Ochthoeca piurae,unknown,5.6094,0.0511
8926,Ochthoeca pulchella,unknown,6.0056,0.0599
8927,Ochthoeca rufipectoralis,unknown,6.0567,0.076
8928,Ochthornis littoralis,unknown,5.1636,0.0458
8929,Ocreatus underwoodii,female,7.426,0.0733
8930,Ocreatus underwoodii,unknown,7.4158,0.0875
8931,Oculocincta squamifrons,unknown,5.3535,0.0493
8932,Ocyceros birostris,female,6.1445,0.0331
8933,Ocyceros birostris,unknown,5.5074,0.0608
8934,Ocyceros gingalensis,male,5.475,0.0428
8935,Ocyceros gingalensis,unknown,5.6658,0.0397
8936,Ocyceros griseus,male,5.4438,0.066
8937,Ocyceros griseus,unknown,5.6892,0.0573
8938,Ocyphaps lophotes,unknown,5.892,0.0622
8939,Odontophorus atrifrons,unknown,5.6016,0.0485
8940,Odontophorus balliviani,unknown,5.9082,0.0634
8941,Odontophorus capueira,male,6.326,NA
8942,Odontophorus capueira,unknown,5.7678,0.0521
8943,Odontophorus columbianus,unknown,5.2051,0.0544
8944,Odontophorus dialeucos,male,4.5388,0.0643
8945,Odontophorus dialeucos,unknown,4.7259,0.0834
8946,Odontophorus erythrops,unknown,6.2122,0.0646
8947,Odontophorus gujanensis,unknown,5.6362,0.0524
8948,Odontophorus guttatus,unknown,5.6747,0.0597
8949,Odontophorus hyperythrus,female,5.5752,0.0408
8950,Odontophorus hyperythrus,male,5.5528,0.0207
8951,Odontophorus hyperythrus,unknown,6.0139,0.0432
8952,Odontophorus leucolaemus,unknown,4.6321,0.0609
8953,Odontophorus melanonotus,unknown,5.2347,0.0536
8954,Odontophorus melanotis,unknown,5.4863,0.0523
8955,Odontophorus speciosus,female,4.9922,0.0735
8956,Odontophorus speciosus,unknown,5.9662,0.047
8957,Odontophorus stellatus,female,5.1507,0.0428
8958,Odontophorus stellatus,unknown,5.4051,0.0346
8959,Odontophorus strophium,unknown,5.235,0.0583
8960,Odontorchilus branickii,unknown,5.5603,0.0424
8961,Odontorchilus cinereus,unknown,4.9077,0.0431
8962,Odontospiza griseicapilla,unknown,6.2827,0.0672
8963,Oedistoma iliolophus,unknown,5.1867,0.0506
8964,Oedistoma pygmaeum,unknown,5.4976,0.0557
8965,Oena capensis,female,5.2973,0.0694
8966,Oena capensis,male,5.8659,0.0758
8967,Oena capensis,unknown,6.4129,0.0636
8968,Oenanthe albifrons,male,5.9747,0.0823
8969,Oenanthe albifrons,unknown,6.1655,0.0545
8970,Oenanthe albonigra,unknown,5.2951,0.0478
8971,Oenanthe bottae,unknown,5.7015,0.07
8972,Oenanthe chrysopygia,unknown,5.624,0.0517
8973,Oenanthe cypriaca,female,5.421,0.0521
8974,Oenanthe cypriaca,male,5.627,0.0329
8975,Oenanthe cypriaca,unknown,6.5309,0.0847
8976,Oenanthe deserti,male,6.6185,0.0742
8977,Oenanthe deserti,unknown,6.065,0.0243
8978,Oenanthe dubia,unknown,5.1001,0.0585
8979,Oenanthe familiaris,unknown,5.7417,0.063
8980,Oenanthe finschii,female,5.317,0.0429
8981,Oenanthe finschii,male,6.3054,0.0683
8982,Oenanthe finschii,unknown,6.1299,0.0654
8983,Oenanthe fusca,unknown,5.1935,0.0442
8984,Oenanthe heuglini,unknown,5.0148,0.05
8985,Oenanthe hispanica,male,7.3734,0.0721
8986,Oenanthe hispanica,unknown,7.0344,0.0739
8987,Oenanthe isabellina,unknown,5.5874,0.0626
8988,Oenanthe leucopyga,unknown,6.3922,0.0663
8989,Oenanthe leucura,male,6.0663,0.0554
8990,Oenanthe leucura,unknown,6.5302,0.0673
8991,Oenanthe lugens,female,5.931,0.043
8992,Oenanthe lugens,male,6.2422,0.0488
8993,Oenanthe lugens,unknown,6.2202,0.0606
8994,Oenanthe lugentoides,male,5.7507,0.0619
8995,Oenanthe lugentoides,unknown,5.9935,0.068
8996,Oenanthe lugubris,male,5.537,0.0216
8997,Oenanthe lugubris,unknown,5.9881,0.0599
8998,Oenanthe melanura,unknown,5.5194,0.0602
8999,Oenanthe moesta,female,5.6224,0.0699
9000,Oenanthe moesta,unknown,5.8514,0.0509
9001,Oenanthe monacha,male,5.9729,0.0573
9002,Oenanthe monacha,unknown,6.6261,0.0579
9003,Oenanthe oenanthe,male,5.9823,0.0548
9004,Oenanthe oenanthe,unknown,5.5329,0.0446
9005,Oenanthe phillipsi,unknown,5.6921,0.0514
9006,Oenanthe picata,female,5.6454,0.0449
9007,Oenanthe picata,male,6.088,NA
9008,Oenanthe picata,unknown,5.9362,0.067
9009,Oenanthe pileata,unknown,6.6026,0.0643
9010,Oenanthe pleschanka,female,6.103,0.0581
9011,Oenanthe pleschanka,male,5.9765,0.0183
9012,Oenanthe pleschanka,unknown,5.7281,0.0533
9013,Oenanthe scotocerca,unknown,6.0014,0.0552
9014,Oenanthe xanthoprymna,male,6.123,0.0598
9015,Oenanthe xanthoprymna,unknown,5.8188,0.0496
9016,Ognorhynchus icterotis,unknown,6.8607,0.0964
9017,Oncostoma cinereigulare,unknown,5.3201,0.074
9018,Oncostoma olivaceum,unknown,5.4224,0.0553
9019,Oneillornis lunulatus,female,5.8166,0.0221
9020,Oneillornis lunulatus,unknown,5.1268,0.0267
9021,Oneillornis salvini,male,5.341,0.0339
9022,Oneillornis salvini,unknown,5.8608,0.0605
9023,Onychognathus albirostris,unknown,6.2564,0.0491
9024,Onychognathus blythii,female,5.5885,0.0647
9025,Onychognathus blythii,male,6.0188,0.0827
9026,Onychognathus blythii,unknown,5.7073,0.0506
9027,Onychognathus frater,unknown,5.4011,0.0725
9028,Onychognathus fulgidus,unknown,6.0346,0.0541
9029,Onychognathus morio,male,5.9899,0.021
9030,Onychognathus morio,unknown,5.6192,0.0585
9031,Onychognathus nabouroup,male,5.5256,0.0565
9032,Onychognathus nabouroup,unknown,6.1508,0.063
9033,Onychognathus neumanni,female,4.9665,0.0376
9034,Onychognathus neumanni,unknown,5.4296,0.0573
9035,Onychognathus salvadorii,unknown,5.898,0.0538
9036,Onychognathus tenuirostris,male,4.958,0.0454
9037,Onychognathus tenuirostris,unknown,5.7183,0.0549
9038,Onychognathus tristramii,female,5.9325,0.048
9039,Onychognathus tristramii,unknown,5.1665,0.0491
9040,Onychognathus walleri,female,5.0719,0.0579
9041,Onychognathus walleri,male,5.1196,0.0415
9042,Onychognathus walleri,unknown,5.1819,0.0643
9043,Onychoprion aleuticus,unknown,5.9804,0.067
9044,Onychoprion anaethetus,unknown,6.4207,0.0626
9045,Onychoprion fuscatus,unknown,5.9444,0.0519
9046,Onychoprion lunatus,unknown,5.5896,0.0478
9047,Onychorhynchus coronatus,male,6.805,NA
9048,Onychorhynchus coronatus,unknown,6.088,0.059
9049,Opisthocomus hoazin,unknown,6.4636,0.0957
9050,Opisthoprora euryptera,unknown,7.4323,0.1075
9051,Oporornis agilis,male,6.3702,0.0763
9052,Oporornis agilis,unknown,6.3914,0.0627
9053,Orchesticus abeillei,unknown,6.3424,0.0715
9054,Oreocharis arfaki,unknown,6.5892,0.0591
9055,Oreoica gutturalis,female,5.8298,0.0415
9056,Oreoica gutturalis,male,5.733,NA
9057,Oreoica gutturalis,unknown,5.6763,0.0502
9058,Oreolais pulcher,unknown,6.0903,0.0677
9059,Oreolais ruwenzorii,unknown,5.8045,0.0519
9060,Oreomystis bairdi,male,5.4986,0.0466
9061,Oreomystis bairdi,unknown,5.0003,0.0585
9062,Oreonympha nobilis,male,6.5876,0.0674
9063,Oreonympha nobilis,unknown,7.3188,0.0825
9064,Oreophasis derbianus,unknown,5.4458,0.0471
9065,Oreophilais robertsi,unknown,5.0629,0.0577
9066,Oreopholus ruficollis,unknown,6.1907,0.0621
9067,Oreopsar bolivianus,male,5.4885,0.0461
9068,Oreopsar bolivianus,unknown,5.5533,0.0532
9069,Oreopsittacus arfaki,unknown,6.8141,0.084
9070,Oreornis chrysogenys,unknown,5.9616,0.0571
9071,Oreortyx pictus,male,6.7527,0.0392
9072,Oreortyx pictus,unknown,6.1064,0.0523
9073,Oreoscoptes montanus,unknown,5.0373,0.067
9074,Oreoscopus gutturalis,unknown,5.6531,0.0484
9075,Oreostruthus fuliginosus,male,7.064,0.0687
9076,Oreostruthus fuliginosus,unknown,6.1896,0.0635
9077,Oreothlypis gutturalis,male,6.9087,0.0623
9078,Oreothlypis gutturalis,unknown,7.0678,0.0837
9079,Oreothlypis superciliosa,unknown,6.8087,0.0629
9080,Oreothraupis arremonops,unknown,5.7468,0.0563
9081,Oreotrochilus adela,male,5.8536,0.0578
9082,Oreotrochilus adela,unknown,6.8657,0.0768
9083,Oreotrochilus chimborazo,male,6.5771,0.0631
9084,Oreotrochilus chimborazo,unknown,7.1771,0.1081
9085,Oreotrochilus cyanolaemus,male,6.991,0.082
9086,Oreotrochilus cyanolaemus,unknown,7.5775,0.0939
9087,Oreotrochilus estella,unknown,6.6612,0.0994
9088,Oreotrochilus leucopleurus,male,6.466,0.0505
9089,Oreotrochilus leucopleurus,unknown,6.8912,0.0743
9090,Oreotrochilus melanogaster,male,6.7506,0.0745
9091,Oreotrochilus melanogaster,unknown,7.416,0.1123
9092,Oreotrochilus stolzmanni,female,5.9078,0.0561
9093,Oreotrochilus stolzmanni,male,6.466,0.0733
9094,Oreotrochilus stolzmanni,unknown,6.3929,0.1041
9095,Oressochen jubatus,unknown,5.3903,0.051
9096,Oressochen melanopterus,male,5.6995,0.0735
9097,Oressochen melanopterus,unknown,5.851,0.0604
9098,Origma solitaria,unknown,5.104,0.0547
9099,Oriolia bernieri,unknown,5.7254,0.0505
9100,Oriolus albiloris,unknown,5.9328,0.0618
9101,Oriolus auratus,unknown,6.8724,0.0708
9102,Oriolus bouroensis,unknown,4.9959,0.064
9103,Oriolus brachyrynchus,unknown,6.3339,0.0562
9104,Oriolus chinensis,unknown,6.8839,0.0851
9105,Oriolus chlorocephalus,unknown,6.3094,0.0703
9106,Oriolus crassirostris,male,5.3513,0.0527
9107,Oriolus crassirostris,unknown,5.7959,0.0583
9108,Oriolus cruentus,male,6.5679,0.027
9109,Oriolus cruentus,unknown,5.9423,0.0487
9110,Oriolus decipiens,unknown,4.5896,0.0577
9111,Oriolus flavocinctus,unknown,5.7921,0.0799
9112,Oriolus forsteni,unknown,4.9918,0.063
9113,Oriolus hosii,unknown,5.3734,0.06
9114,Oriolus isabellae,unknown,5.6339,0.053
9115,Oriolus kundoo,male,5.702,0.0444
9116,Oriolus kundoo,unknown,7.0411,0.0976
9117,Oriolus larvatus,unknown,6.43,0.0548
9118,Oriolus melanotis,unknown,5.0091,0.0543
9119,Oriolus mellianus,male,4.937,0.0633
9120,Oriolus mellianus,unknown,6.3713,0.05
9121,Oriolus monacha,unknown,6.66,0.0711
9122,Oriolus nigripennis,unknown,6.2173,0.0624
9123,Oriolus oriolus,male,6.4186,0.0672
9124,Oriolus oriolus,unknown,6.5541,0.0522
9125,Oriolus percivali,unknown,6.0272,0.0621
9126,Oriolus phaeochromus,female,5.1417,0.0468
9127,Oriolus phaeochromus,unknown,4.8149,0.051
9128,Oriolus sagittatus,male,6.385,0.0176
9129,Oriolus sagittatus,unknown,5.2395,0.0548
9130,Oriolus steerii,unknown,5.5458,0.0581
9131,Oriolus szalayi,unknown,4.8341,0.0562
9132,Oriolus tenuirostris,unknown,6.6922,0.104
9133,Oriolus traillii,female,5.1787,0.061
9134,Oriolus traillii,male,6.8359,0.0689
9135,Oriolus traillii,unknown,6.6503,0.0974
9136,Oriolus xanthonotus,female,6.8129,0.096
9137,Oriolus xanthonotus,male,6.3103,0.0543
9138,Oriolus xanthonotus,unknown,6,0.0679
9139,Oriolus xanthornus,unknown,6.6163,0.0667
9140,Oriturus superciliosus,unknown,5.2402,0.055
9141,Ornithion brunneicapillus,unknown,5.1667,0.0496
9142,Ornithion inerme,unknown,4.9906,0.0563
9143,Ornithion semiflavum,unknown,5.9497,0.047
9144,Ornorectes cristatus,unknown,4.9404,0.0619
9145,Orochelidon andecola,unknown,5.7403,0.0641
9146,Orochelidon flavipes,unknown,5.0637,0.0528
9147,Orochelidon murina,unknown,5.5427,0.0446
9148,Ortalis araucuan,male,5.5516,0.044
9149,Ortalis araucuan,unknown,5.2638,0.0616
9150,Ortalis canicollis,unknown,5.1538,0.0571
9151,Ortalis cinereiceps,unknown,4.5463,0.0699
9152,Ortalis columbiana,unknown,5.571,0.0547
9153,Ortalis erythroptera,male,5.491,0.0349
9154,Ortalis erythroptera,unknown,5.2382,0.053
9155,Ortalis garrula,unknown,4.955,0.0552
9156,Ortalis guttata,unknown,5.7937,0.0554
9157,Ortalis leucogastra,unknown,4.9513,0.0619
9158,Ortalis motmot,unknown,5.5052,0.0566
9159,Ortalis poliocephala,unknown,4.791,0.0654
9160,Ortalis ruficauda,unknown,5.9707,0.0629
9161,Ortalis squamata,unknown,5.6937,0.0582
9162,Ortalis superciliaris,unknown,4.3602,0.0613
9163,Ortalis vetula,unknown,4.7048,0.0661
9164,Ortalis wagleri,unknown,4.9941,0.0505
9165,Orthogonys chloricterus,unknown,6.0652,0.0559
9166,Orthonyx novaeguineae,male,5.8418,0.0549
9167,Orthonyx novaeguineae,unknown,5.6605,0.0482
9168,Orthonyx spaldingii,male,5.5892,0.0582
9169,Orthonyx spaldingii,unknown,5.4616,0.0597
9170,Orthonyx temminckii,female,5.7564,0.0555
9171,Orthonyx temminckii,male,5.1306,0.0731
9172,Orthonyx temminckii,unknown,6.7097,0.0772
9173,Orthopsittaca manilatus,unknown,6.6126,0.072
9174,Orthorhyncus cristatus,male,6.6985,0.0769
9175,Orthorhyncus cristatus,unknown,7.4068,0.1224
9176,Orthotomus atrogularis,male,5.6381,0.0602
9177,Orthotomus atrogularis,unknown,5.7686,0.0504
9178,Orthotomus castaneiceps,unknown,5.0329,0.0549
9179,Orthotomus chaktomuk,unknown,5.9131,0.0752
9180,Orthotomus chloronotus,unknown,4.9267,0.0566
9181,Orthotomus cinereiceps,unknown,5.142,0.0619
9182,Orthotomus derbianus,male,5.4101,0.0448
9183,Orthotomus derbianus,unknown,5.2406,0.0475
9184,Orthotomus frontalis,unknown,5.4992,0.0576
9185,Orthotomus nigriceps,unknown,4.8598,0.0541
9186,Orthotomus ruficeps,female,5.1266,0.0732
9187,Orthotomus ruficeps,male,5.2322,0.0741
9188,Orthotomus ruficeps,unknown,5.8206,0.046
9189,Orthotomus samarensis,unknown,5.7546,0.0566
9190,Orthotomus sepium,unknown,5.2744,0.0581
9191,Orthotomus sericeus,unknown,6.4179,0.0791
9192,Orthotomus sutorius,male,5.1637,0.0403
9193,Orthotomus sutorius,unknown,4.8842,0.0547
9194,Ortygospiza atricollis,male,5.8712,0.0563
9195,Ortygospiza atricollis,unknown,5.8822,0.049
9196,Ortyxelos meiffrenii,unknown,5.0558,0.0645
9197,Otidiphaps nobilis,unknown,6.3538,0.0771
9198,Otis tarda,male,5.8687,0.0488
9199,Otis tarda,unknown,6.3667,0.0605
9200,Otocichla mupinensis,unknown,4.9803,0.0592
9201,Otus alfredi,unknown,6.6874,0.0679
9202,Otus alius,unknown,6.1159,0.0565
9203,Otus angelinae,unknown,6.7617,0.1078
9204,Otus bakkamoena,unknown,7.2928,0.0902
9205,Otus balli,male,7.1574,0.0826
9206,Otus balli,unknown,6.3715,0.0575
9207,Otus beccarii,unknown,6.4219,0.0724
9208,Otus brookii,unknown,7.0154,0.0822
9209,Otus brucei,unknown,7.1323,0.0882
9210,Otus capnodes,unknown,5.6249,0.0584
9211,Otus collari,unknown,6.4707,0.0719
9212,Otus elegans,male,6.5333,0.0511
9213,Otus elegans,unknown,6.9131,0.0658
9214,Otus enganensis,unknown,5.5372,0.0585
9215,Otus everetti,unknown,6.318,0.0715
9216,Otus fuliginosus,unknown,6.6039,0.0765
9217,Otus gurneyi,unknown,7.2022,0.0992
9218,Otus hartlaubi,unknown,6.5807,0.0746
9219,Otus insularis,unknown,6.1443,0.0658
9220,Otus ireneae,unknown,7.6141,0.0936
9221,Otus jolandae,unknown,6.1415,0.0655
9222,Otus lempiji,unknown,7.0117,0.0905
9223,Otus lettia,unknown,6.7084,0.0827
9224,Otus longicornis,unknown,6.4695,0.0657
9225,Otus madagascariensis,unknown,6.6021,0.0656
9226,Otus magicus,unknown,6.4892,0.0761
9227,Otus manadensis,unknown,7.3,0.1074
9228,Otus mantananensis,unknown,7.1375,0.092
9229,Otus mayottensis,unknown,6.6958,0.0733
9230,Otus megalotis,unknown,6.3887,0.0705
9231,Otus mentawi,unknown,5.4937,0.0664
9232,Otus mindorensis,unknown,7.059,0.0946
9233,Otus mirus,unknown,6.1378,0.0511
9234,Otus moheliensis,unknown,6.6675,0.0873
9235,Otus nigrorum,unknown,6.7594,0.0589
9236,Otus pamelae,male,6.8732,0.0616
9237,Otus pamelae,unknown,6.9994,0.0697
9238,Otus pauliani,unknown,6.0633,0.0644
9239,Otus pembaensis,unknown,5.9733,0.0629
9240,Otus rufescens,unknown,6.1085,0.0579
9241,Otus rutilus,unknown,6.6188,0.0694
9242,Otus sagittatus,unknown,6.7978,0.0545
9243,Otus scops,unknown,7.3161,0.0736
9244,Otus semitorques,unknown,7.0397,0.0847
9245,Otus senegalensis,male,6.7148,0.0559
9246,Otus senegalensis,unknown,7.4909,0.107
9247,Otus silvicola,unknown,5.9133,0.0585
9248,Otus socotranus,unknown,6.8957,0.0825
9249,Otus spilocephalus,male,7.1685,0.0999
9250,Otus spilocephalus,unknown,6.9475,0.0887
9251,Otus sulaensis,male,6.2762,0.0645
9252,Otus sulaensis,unknown,6.0288,0.0556
9253,Otus sunia,unknown,7.4121,0.0925
9254,Otus thilohoffmanni,unknown,6.8649,0.0937
9255,Otus umbra,unknown,6.8617,0.0626
9256,Oxylabes madagascariensis,unknown,5.9216,0.0666
9257,Oxypogon cyanolaemus,female,6.4912,0.0355
9258,Oxypogon cyanolaemus,male,5.504,0.0612
9259,Oxypogon cyanolaemus,unknown,5.9824,0.0696
9260,Oxypogon guerinii,unknown,6.8721,0.0985
9261,Oxypogon lindenii,male,6.1275,0.0614
9262,Oxypogon lindenii,unknown,5.9848,0.0429
9263,Oxypogon stuebelii,male,6.6143,0.0682
9264,Oxypogon stuebelii,unknown,6.6383,0.074
9265,Oxyruncus cristatus,female,5.967,0.0646
9266,Oxyruncus cristatus,unknown,6.028,0.0521
9267,Oxyura australis,male,5.5046,0.0529
9268,Oxyura australis,unknown,5.4988,0.059
9269,Oxyura ferruginea,male,5.6188,0.0635
9270,Oxyura ferruginea,unknown,5.2251,0.0488
9271,Oxyura jamaicensis,female,5.781,0.0489
9272,Oxyura jamaicensis,male,5.5358,0.0514
9273,Oxyura jamaicensis,unknown,5.5365,0.0631
9274,Oxyura leucocephala,male,5.8157,0.1233
9275,Oxyura leucocephala,unknown,5.4511,0.062
9276,Oxyura maccoa,male,5.4515,0.0497
9277,Oxyura maccoa,unknown,6.1238,0.076
9278,Oxyura vittata,male,5.6192,0.0538
9279,Oxyura vittata,unknown,5.804,0.0554
9280,Pachycare flavogriseum,unknown,6.5544,0.0716
9281,Pachycephala albiventris,unknown,5.0117,0.0597
9282,Pachycephala arctitorquis,female,5.7549,0.0268
9283,Pachycephala arctitorquis,male,5.952,0.0748
9284,Pachycephala arctitorquis,unknown,5.5204,0.065
9285,Pachycephala balim,female,4.7267,0.0633
9286,Pachycephala balim,male,5.699,0.0358
9287,Pachycephala balim,unknown,5.8848,0.0541
9288,Pachycephala caledonica,male,6.2016,0.0622
9289,Pachycephala caledonica,unknown,6.0467,0.0594
9290,Pachycephala chlorura,male,6.5487,0.07
9291,Pachycephala chlorura,unknown,5.8535,0.0492
9292,Pachycephala cinerea,unknown,5.2865,0.0419
9293,Pachycephala citreogaster,unknown,5.9586,0.0611
9294,Pachycephala feminina,unknown,4.9394,0.0594
9295,Pachycephala flavifrons,unknown,5.8692,0.0591
9296,Pachycephala fulvotincta,female,4.8824,0.0709
9297,Pachycephala fulvotincta,male,4.827,0.0615
9298,Pachycephala fulvotincta,unknown,6.1946,0.0665
9299,Pachycephala griseonota,unknown,5.8156,0.0666
9300,Pachycephala homeyeri,unknown,4.445,0.0676
9301,Pachycephala hyperythra,unknown,5.3852,0.0486
9302,Pachycephala hypoxantha,unknown,5.9569,0.0592
9303,Pachycephala implicata,unknown,5.1612,0.0581
9304,Pachycephala inornata,unknown,5.2694,0.0585
9305,Pachycephala jacquinoti,male,4.5519,0.0577
9306,Pachycephala jacquinoti,unknown,5.9543,0.0639
9307,Pachycephala lanioides,unknown,5.7177,0.06
9308,Pachycephala leucogastra,unknown,5.0662,0.057
9309,Pachycephala lorentzi,unknown,6.4014,0.0669
9310,Pachycephala macrorhyncha,female,5.493,0.0431
9311,Pachycephala macrorhyncha,male,5.7622,0.0705
9312,Pachycephala macrorhyncha,unknown,6.1834,0.0473
9313,Pachycephala melanorhyncha,unknown,5.3524,0.04
9314,Pachycephala melanura,unknown,6.8144,0.0619
9315,Pachycephala mentalis,female,5.301,0.0424
9316,Pachycephala mentalis,unknown,6.548,0.0678
9317,Pachycephala meyeri,unknown,5.0962,0.0554
9318,Pachycephala modesta,unknown,4.9886,0.0604
9319,Pachycephala monacha,female,4.7493,0.0441
9320,Pachycephala monacha,male,4.9133,0.0562
9321,Pachycephala monacha,unknown,5.51,0.058
9322,Pachycephala nudigula,male,5.2854,0.0667
9323,Pachycephala nudigula,unknown,6.1104,0.0648
9324,Pachycephala occidentalis,male,5.9872,0.0644
9325,Pachycephala occidentalis,unknown,6.2403,0.0565
9326,Pachycephala olivacea,male,5.3555,0.0472
9327,Pachycephala olivacea,unknown,5.5925,0.0612
9328,Pachycephala orioloides,unknown,5.8473,0.0661
9329,Pachycephala orpheus,female,4.4385,0.0377
9330,Pachycephala orpheus,unknown,4.8844,0.049
9331,Pachycephala pectoralis,male,6.5563,0.0706
9332,Pachycephala pectoralis,unknown,6.0956,0.062
9333,Pachycephala phaionota,unknown,5.175,0.0592
9334,Pachycephala philippinensis,unknown,5.6901,0.052
9335,Pachycephala richardsi,female,6.1755,0.0461
9336,Pachycephala richardsi,unknown,4.9098,0.0789
9337,Pachycephala rufiventris,male,5.8018,0.0566
9338,Pachycephala rufiventris,unknown,5.706,0.054
9339,Pachycephala rufogularis,unknown,5.5164,0.042
9340,Pachycephala schlegelii,male,6.9422,0.0595
9341,Pachycephala schlegelii,unknown,6.592,0.0784
9342,Pachycephala simplex,unknown,5.6259,0.0467
9343,Pachycephala soror,male,5.9256,0.0547
9344,Pachycephala soror,unknown,6.2197,0.0481
9345,Pachycephala sulfuriventer,male,6.4352,0.0346
9346,Pachycephala sulfuriventer,unknown,5.7408,0.0386
9347,Pachycephala tenebrosa,unknown,4.3724,0.0543
9348,Pachycephala vanikorensis,unknown,6.0934,0.0729
9349,Pachycephala vitiensis,male,6.2729,0.0466
9350,Pachycephala vitiensis,unknown,6.5574,0.0662
9351,Pachycephalopsis hattamensis,unknown,6.3593,0.0822
9352,Pachycephalopsis poliosoma,unknown,3.3129,0.0997
9353,Pachycoccyx audeberti,male,5.0136,0.0703
9354,Pachycoccyx audeberti,unknown,5.3976,0.057
9355,Pachyphantes superciliosus,male,6.1807,0.0635
9356,Pachyphantes superciliosus,unknown,6.011,0.0571
9357,Pachyptila belcheri,unknown,5.6331,0.0614
9358,Pachyptila crassirostris,unknown,5.4585,0.0697
9359,Pachyptila desolata,unknown,5.0447,0.0521
9360,Pachyptila salvini,unknown,5.2738,0.0403
9361,Pachyptila turtur,unknown,5.4059,0.0551
9362,Pachyptila vittata,unknown,5.018,0.0575
9363,Pachyramphus aglaiae,male,6.1019,0.0462
9364,Pachyramphus aglaiae,unknown,5.5456,0.0503
9365,Pachyramphus albogriseus,male,5.8809,0.0426
9366,Pachyramphus albogriseus,unknown,5.7684,0.0587
9367,Pachyramphus castaneus,unknown,5.9572,0.0547
9368,Pachyramphus cinnamomeus,unknown,5.2542,0.0472
9369,Pachyramphus homochrous,female,5.607,0.0013
9370,Pachyramphus homochrous,unknown,5.2582,0.0567
9371,Pachyramphus major,female,5.0682,0.0444
9372,Pachyramphus major,male,5.7999,0.0679
9373,Pachyramphus major,unknown,5.3453,0.0486
9374,Pachyramphus marginatus,female,5.626,0.0381
9375,Pachyramphus marginatus,male,5.9626,0.0758
9376,Pachyramphus marginatus,unknown,5.5351,0.0561
9377,Pachyramphus minor,male,5.411,0.0507
9378,Pachyramphus minor,unknown,5.6473,0.0687
9379,Pachyramphus niger,unknown,5.4404,0.0498
9380,Pachyramphus polychopterus,unknown,5.547,0.0478
9381,Pachyramphus rufus,female,6.0904,0.0788
9382,Pachyramphus rufus,male,5.395,0.0484
9383,Pachyramphus rufus,unknown,5.521,0.0518
9384,Pachyramphus spodiurus,male,5.116,0.0483
9385,Pachyramphus spodiurus,unknown,4.8499,0.0623
9386,Pachyramphus surinamus,male,5.1257,0.0264
9387,Pachyramphus surinamus,unknown,5.9812,0.0661
9388,Pachyramphus validus,female,5.6657,0.0619
9389,Pachyramphus validus,unknown,5.613,0.0501
9390,Pachyramphus versicolor,female,6.8539,0.0385
9391,Pachyramphus versicolor,male,6.1596,0.0696
9392,Pachyramphus versicolor,unknown,6.3692,0.0569
9393,Pachyramphus viridis,male,5.3895,0.0147
9394,Pachyramphus viridis,unknown,6.0033,0.0563
9395,Pachysylvia aurantiifrons,unknown,5.6175,0.0498
9396,Pachysylvia decurtata,unknown,5.7646,0.0542
9397,Pachysylvia hypoxantha,unknown,5.5329,0.0493
9398,Pachysylvia muscicapina,unknown,5.2135,0.0512
9399,Pachysylvia semibrunnea,unknown,5.3595,0.0532
9400,Pagodroma nivea,unknown,6.2325,0.0533
9401,Pagophila eburnea,unknown,5.7916,0.064
9402,Palmeria dolei,unknown,6.0093,0.0639
9403,Paludipasser locustella,female,5.2239,0.0463
9404,Paludipasser locustella,male,5.223,0.0549
9405,Paludipasser locustella,unknown,5.4373,0.0691
9406,Pandion haliaetus,unknown,6.6069,0.0843
9407,Panterpe insignis,unknown,7.4672,0.0941
9408,Panurus biarmicus,male,7.5043,0.0926
9409,Panurus biarmicus,unknown,7.2845,0.1096
9410,Panyptila cayennensis,unknown,5.6261,0.0509
9411,Panyptila sanctihieronymi,unknown,5.4084,0.0534
9412,Papasula abbotti,unknown,5.3455,0.054
9413,Parabuteo leucorrhous,unknown,6.3543,0.0878
9414,Parabuteo unicinctus,male,6.2838,0.0671
9415,Parabuteo unicinctus,unknown,6.6059,0.0763
9416,Paraclaravis mondetoura,female,5.4939,0.0736
9417,Paraclaravis mondetoura,male,6.2771,0.0711
9418,Paraclaravis mondetoura,unknown,5.7933,0.0831
9419,Paradigalla brevicauda,male,5.5679,0.0468
9420,Paradigalla brevicauda,unknown,5.3507,0.0593
9421,Paradigalla carunculata,female,6.6707,0.0463
9422,Paradigalla carunculata,unknown,5.8674,0.0689
9423,Paradisaea apoda,male,6.3919,0.0443
9424,Paradisaea apoda,unknown,6.5098,0.0867
9425,Paradisaea decora,unknown,6.7404,0.0642
9426,Paradisaea guilielmi,unknown,7.4383,0.1338
9427,Paradisaea minor,male,7.3509,0.0822
9428,Paradisaea minor,unknown,7.4811,0.1109
9429,Paradisaea raggiana,male,6.9418,0.1097
9430,Paradisaea raggiana,unknown,7.6983,0.1035
9431,Paradisaea rubra,unknown,7.497,0.1325
9432,Paradisaea rudolphi,female,6.16,0.07
9433,Paradisaea rudolphi,male,7.0696,0.0785
9434,Paradisaea rudolphi,unknown,6.889,0.0796
9435,Paradoxornis flavirostris,unknown,6.1489,0.0511
9436,Paradoxornis guttaticollis,unknown,6.3351,0.0593
9437,Paradoxornis heudei,male,6.4087,0.0477
9438,Paradoxornis heudei,unknown,5.6319,0.0635
9439,Paragallinula angulata,unknown,5.3954,0.05
9440,Paramythia montium,unknown,7.44,0.1084
9441,Pardalotus punctatus,male,7.0821,0.0572
9442,Pardalotus punctatus,unknown,7.5955,0.0898
9443,Pardalotus quadragintus,unknown,6.974,0.0827
9444,Pardalotus rubricatus,unknown,6.9172,0.1016
9445,Pardalotus striatus,unknown,6.7794,0.0837
9446,Pardirallus maculatus,unknown,5.4662,0.055
9447,Pardirallus nigricans,unknown,5.6604,0.0426
9448,Pardirallus sanguinolentus,female,4.8288,0.0795
9449,Pardirallus sanguinolentus,unknown,5.3995,0.0546
9450,Parkerthraustes humeralis,unknown,5.8638,0.0763
9451,Parkesia motacilla,male,5.8959,0.0359
9452,Parkesia motacilla,unknown,5.2338,0.059
9453,Parkesia noveboracensis,male,5.5762,0.0699
9454,Parkesia noveboracensis,unknown,6.2927,0.0724
9455,Parmoptila jamesoni,female,6.4022,0.054
9456,Parmoptila jamesoni,unknown,5.2693,0.0598
9457,Parmoptila rubrifrons,female,5.131,0.0712
9458,Parmoptila rubrifrons,male,6.2568,0.0296
9459,Parmoptila rubrifrons,unknown,6.1007,0.0648
9460,Parmoptila woodhousei,male,5.3335,0.0571
9461,Parmoptila woodhousei,unknown,6.2084,0.0693
9462,Paroaria baeri,male,6.0788,0.0529
9463,Paroaria baeri,unknown,5.4288,0.0593
9464,Paroaria capitata,unknown,6.2265,0.0653
9465,Paroaria coronata,unknown,7.0594,0.1053
9466,Paroaria dominicana,unknown,6.3981,0.0533
9467,Paroaria gularis,unknown,6.349,0.0862
9468,Paroaria nigrogenis,unknown,7.1044,0.0966
9469,Parophasma galinieri,unknown,5.3489,0.0587
9470,Paroreomyza montana,male,5.6563,0.0108
9471,Paroreomyza montana,unknown,6.0082,0.0657
9472,Parotia berlepschi,male,6.4998,0.0273
9473,Parotia berlepschi,unknown,6.3295,0.0723
9474,Parotia carolae,male,6.5157,0.0959
9475,Parotia carolae,unknown,6.1827,0.0603
9476,Parotia lawesii,unknown,5.1597,0.0485
9477,Parotia sefilata,female,5.378,0.0331
9478,Parotia sefilata,male,7.319,0.0846
9479,Parotia sefilata,unknown,5.8468,0.0548
9480,Parotia wahnesi,unknown,5.0938,0.0609
9481,Parus cinereus,male,5.7303,0.0495
9482,Parus cinereus,unknown,6.0619,0.058
9483,Parus major,female,6.1853,0.091
9484,Parus major,unknown,6.9255,0.0666
9485,Parus minor,unknown,5.9519,0.0569
9486,Parus monticolus,unknown,6.9096,0.0702
9487,Passer ammodendri,male,5.5012,0.0481
9488,Passer ammodendri,unknown,5.8826,0.0611
9489,Passer castanopterus,female,5.1118,0.045
9490,Passer castanopterus,male,5.4055,0.0513
9491,Passer castanopterus,unknown,5.7945,0.0517
9492,Passer cinnamomeus,unknown,5.446,0.0531
9493,Passer diffusus,unknown,4.8909,0.0562
9494,Passer domesticus,male,6.4825,0.0501
9495,Passer domesticus,unknown,4.8402,0.0435
9496,Passer eminibey,male,5.9295,0.0747
9497,Passer eminibey,unknown,5.7202,0.0434
9498,Passer euchlorus,unknown,6.4062,0.0687
9499,Passer flaveolus,unknown,5.8453,0.0737
9500,Passer gongonensis,unknown,5.347,0.0592
9501,Passer griseus,unknown,4.9662,0.059
9502,Passer hispaniolensis,male,5.9102,0.0636
9503,Passer hispaniolensis,unknown,5.3404,0.0553
9504,Passer iagoensis,female,4.9349,0.062
9505,Passer iagoensis,male,5.9301,0.0567
9506,Passer iagoensis,unknown,5.8685,0.0448
9507,Passer insularis,unknown,4.8847,0.0717
9508,Passer italiae,female,5.9908,0.0519
9509,Passer italiae,male,5.3814,0.056
9510,Passer italiae,unknown,5.5563,0.0522
9511,Passer luteus,male,6.242,0.0601
9512,Passer luteus,unknown,6.6381,0.0465
9513,Passer melanurus,male,6.1351,0.067
9514,Passer melanurus,unknown,5.9091,0.0714
9515,Passer moabiticus,male,5.2897,0.0615
9516,Passer moabiticus,unknown,6.0925,0.0551
9517,Passer montanus,male,5.4137,0.0334
9518,Passer montanus,unknown,5.7054,0.0632
9519,Passer motitensis,male,5.2811,0.053
9520,Passer motitensis,unknown,5.3973,0.0605
9521,Passer pyrrhonotus,male,5.0049,0.0453
9522,Passer pyrrhonotus,unknown,5.235,0.0521
9523,Passer rufocinctus,male,5.3089,0.0575
9524,Passer rufocinctus,unknown,5.0597,0.0522
9525,Passer shelleyi,male,5.5637,0.0638
9526,Passer shelleyi,unknown,5.0187,0.067
9527,Passer simplex,female,5.556,0.0414
9528,Passer simplex,male,5.6754,0.0531
9529,Passer simplex,unknown,6.7012,0.066
9530,Passer suahelicus,unknown,4.9241,0.0509
9531,Passer swainsonii,unknown,5.44,0.0569
9532,Passer zarudnyi,unknown,6.335,0.0193
9533,Passerculus sandwichensis,unknown,5.4418,0.05
9534,Passerella iliaca,unknown,5.6104,0.0569
9535,Passerina amoena,male,6.8098,0.0648
9536,Passerina amoena,unknown,6.845,0.1293
9537,Passerina caerulea,male,7.1031,0.0764
9538,Passerina caerulea,unknown,7.1867,0.0795
9539,Passerina ciris,female,6.6046,0.068
9540,Passerina ciris,male,7.0561,0.0759
9541,Passerina ciris,unknown,7.6368,0.1161
9542,Passerina cyanea,male,7.418,0.0796
9543,Passerina cyanea,unknown,7.6161,0.0928
9544,Passerina leclancherii,unknown,7.6876,0.0934
9545,Passerina rositae,unknown,7.6867,0.1064
9546,Passerina versicolor,male,6.3402,0.0574
9547,Passerina versicolor,unknown,7.1433,0.111
9548,Pastor roseus,male,6.1284,0.0506
9549,Pastor roseus,unknown,5.7216,0.0507
9550,Patagioenas araucana,unknown,4.7341,0.0596
9551,Patagioenas caribaea,unknown,4.4244,0.0688
9552,Patagioenas cayennensis,unknown,5.1912,0.0592
9553,Patagioenas corensis,unknown,5.7778,0.0709
9554,Patagioenas fasciata,unknown,5.0752,0.0625
9555,Patagioenas flavirostris,unknown,5.4136,0.0479
9556,Patagioenas goodsoni,unknown,4.8274,0.0537
9557,Patagioenas inornata,unknown,5.4289,0.0452
9558,Patagioenas leucocephala,unknown,5.1906,0.0563
9559,Patagioenas maculosa,unknown,5.0392,0.0577
9560,Patagioenas nigrirostris,unknown,5.267,0.0566
9561,Patagioenas oenops,unknown,4.9803,0.0585
9562,Patagioenas picazuro,unknown,5.3006,0.0564
9563,Patagioenas plumbea,unknown,4.8607,0.0668
9564,Patagioenas speciosa,unknown,5.4209,0.0561
9565,Patagioenas squamosa,unknown,5.3694,0.0483
9566,Patagioenas subvinacea,unknown,5.5473,0.0586
9567,Patagona gigas,female,6.3569,0.05
9568,Patagona gigas,male,7.1,NA
9569,Patagona gigas,unknown,5.877,0.0584
9570,Pauxi pauxi,unknown,3.5384,0.1501
9571,Pauxi unicornis,unknown,4.6896,0.0621
9572,Pavo cristatus,male,7.1777,0.0745
9573,Pavo cristatus,unknown,6.6541,0.0868
9574,Pavo muticus,unknown,6.7093,0.0877
9575,Pedionomus torquatus,female,5.045,0.0615
9576,Pedionomus torquatus,male,4.4133,0.0613
9577,Pedionomus torquatus,unknown,5.1271,0.0513
9578,Pelagodroma marina,unknown,5.6871,0.0621
9579,Pelargopsis amauroptera,unknown,7.3828,0.096
9580,Pelargopsis capensis,unknown,6.667,0.078
9581,Pelargopsis melanorhyncha,unknown,6.5076,0.053
9582,Pelecanoides garnotii,unknown,5.0218,0.0615
9583,Pelecanoides georgicus,unknown,5.1435,0.0507
9584,Pelecanoides magellani,unknown,4.9931,0.0613
9585,Pelecanoides urinatrix,unknown,5.1865,0.0606
9586,Pelecanus conspicillatus,unknown,5.4074,0.0496
9587,Pelecanus crispus,unknown,5.4134,0.0626
9588,Pelecanus erythrorhynchos,unknown,5.8012,0.0477
9589,Pelecanus occidentalis,unknown,5.7519,0.0519
9590,Pelecanus onocrotalus,unknown,5.2607,0.0618
9591,Pelecanus philippensis,unknown,5.8595,0.0603
9592,Pelecanus rufescens,unknown,5.3766,0.0571
9593,Pelecanus thagus,unknown,5.4597,0.0479
9594,Peliperdix albogularis,male,5.4188,0.0505
9595,Peliperdix albogularis,unknown,5.5918,0.043
9596,Peliperdix coqui,unknown,5.2296,0.05
9597,Peliperdix lathami,unknown,5.5755,0.0469
9598,Peliperdix schlegelii,male,5.5254,0.0664
9599,Peliperdix schlegelii,unknown,4.8543,0.0567
9600,Pellorneum albiventre,unknown,5.7278,0.0548
9601,Pellorneum bicolor,unknown,5.468,0.0574
9602,Pellorneum buettikoferi,unknown,4.1333,0.1138
9603,Pellorneum capistratum,unknown,5.4551,0.0524
9604,Pellorneum celebense,male,5.4927,0.0436
9605,Pellorneum celebense,unknown,4.9267,0.0477
9606,Pellorneum cinereiceps,unknown,5.172,0.0501
9607,Pellorneum fuscocapillus,unknown,5.2351,0.0509
9608,Pellorneum malaccense,unknown,5.5246,0.0552
9609,Pellorneum palustre,unknown,4.9146,0.0534
9610,Pellorneum pyrrogenys,unknown,5.3979,0.0522
9611,Pellorneum rostratum,unknown,5.0319,0.0637
9612,Pellorneum ruficeps,unknown,5.6283,0.0667
9613,Pellorneum tickelli,unknown,4.3669,0.0614
9614,Peltohyas australis,unknown,6.081,0.067
9615,Peltops blainvillii,unknown,6.0163,0.0556
9616,Peltops montanus,unknown,6.319,0.0687
9617,Penelope albipennis,unknown,5.7024,0.0564
9618,Penelope argyrotis,unknown,5.5759,0.0629
9619,Penelope barbata,unknown,4.609,0.0646
9620,Penelope dabbenei,unknown,4.9798,0.0678
9621,Penelope jacquacu,unknown,5.6643,0.0683
9622,Penelope jacucaca,male,5.0823,0.0654
9623,Penelope jacucaca,unknown,4.9532,0.0688
9624,Penelope marail,unknown,5.2802,0.0675
9625,Penelope montagnii,unknown,5.1397,0.0541
9626,Penelope obscura,unknown,5.4407,0.054
9627,Penelope ochrogaster,unknown,4.9963,0.0606
9628,Penelope ortoni,unknown,5.3447,0.051
9629,Penelope perspicax,unknown,5.1485,0.0563
9630,Penelope pileata,unknown,5.3789,0.0601
9631,Penelope purpurascens,unknown,5.3746,0.0523
9632,Penelope superciliaris,unknown,5.3379,0.0445
9633,Penelopides affinis,female,5.5586,0.0488
9634,Penelopides affinis,male,6.4266,0.0663
9635,Penelopides affinis,unknown,5.706,0.0626
9636,Penelopides manillae,female,6.1083,0.0339
9637,Penelopides manillae,male,6.972,0.0227
9638,Penelopides manillae,unknown,6.4348,0.0802
9639,Penelopides mindorensis,unknown,6.0546,0.0579
9640,Penelopides panini,unknown,6.6809,0.0966
9641,Penelopides samarensis,unknown,6.0178,0.0681
9642,Penelopina nigra,male,5.7362,0.0403
9643,Penelopina nigra,unknown,5.9053,0.0579
9644,Peneothello bimaculata,unknown,5.9263,0.0537
9645,Peneothello cryptoleuca,unknown,5.7289,0.0506
9646,Peneothello cyanus,unknown,7.0529,0.0871
9647,Peneothello sigillata,unknown,6.4338,0.073
9648,Percnostola arenarum,female,5.2809,0.0449
9649,Percnostola arenarum,male,5.0303,0.0774
9650,Percnostola arenarum,unknown,5.1764,0.0515
9651,Percnostola rufifrons,male,5.5943,0.0556
9652,Percnostola rufifrons,unknown,5.7543,0.0554
9653,Perdicula argoondah,male,5.985,0.0546
9654,Perdicula argoondah,unknown,5.4837,0.0537
9655,Perdicula asiatica,male,5.895,0.0775
9656,Perdicula asiatica,unknown,5.5028,0.0505
9657,Perdicula erythrorhyncha,female,5.1282,0.083
9658,Perdicula erythrorhyncha,male,5.5965,0.0746
9659,Perdicula erythrorhyncha,unknown,6.0644,0.078
9660,Perdix dauurica,unknown,5.6053,0.0514
9661,Perdix hodgsoniae,unknown,5.5347,0.0495
9662,Perdix perdix,male,6.2726,0.0609
9663,Perdix perdix,unknown,6.2744,0.0795
9664,Pericrocotus albifrons,unknown,6.2529,0.0733
9665,Pericrocotus brevirostris,female,5.5822,0.0711
9666,Pericrocotus brevirostris,male,5.6285,0.0291
9667,Pericrocotus brevirostris,unknown,6.9351,0.0969
9668,Pericrocotus cantonensis,unknown,5.8543,0.0503
9669,Pericrocotus cinnamomeus,female,6.1068,0.0501
9670,Pericrocotus cinnamomeus,male,6.5529,0.0665
9671,Pericrocotus cinnamomeus,unknown,6.3787,0.055
9672,Pericrocotus divaricatus,female,5.6672,0.0581
9673,Pericrocotus divaricatus,male,5.2809,0.0304
9674,Pericrocotus divaricatus,unknown,6.2792,0.0532
9675,Pericrocotus erythropygius,male,6.0712,0.0598
9676,Pericrocotus erythropygius,unknown,6.2674,0.0824
9677,Pericrocotus ethologus,female,6.3513,0.0587
9678,Pericrocotus ethologus,male,6.271,NA
9679,Pericrocotus ethologus,unknown,6.9359,0.0725
9680,Pericrocotus flammeus,female,6.108,0.0573
9681,Pericrocotus flammeus,male,7.2835,0.3137
9682,Pericrocotus flammeus,unknown,6.8518,0.0906
9683,Pericrocotus igneus,unknown,6.9948,0.0909
9684,Pericrocotus lansbergei,male,7.3528,0.0843
9685,Pericrocotus lansbergei,unknown,6.2216,0.0754
9686,Pericrocotus miniatus,male,6.4168,0.0735
9687,Pericrocotus miniatus,unknown,6.8616,0.1173
9688,Pericrocotus roseus,unknown,6.4219,0.072
9689,Pericrocotus solaris,female,6.3172,0.0603
9690,Pericrocotus solaris,male,6.3782,0.0495
9691,Pericrocotus solaris,unknown,6.1781,0.059
9692,Pericrocotus speciosus,female,6.6036,0.0519
9693,Pericrocotus speciosus,male,6.5837,0.0473
9694,Pericrocotus speciosus,unknown,6.4002,0.056
9695,Pericrocotus tegimae,male,5.9135,0.1077
9696,Pericrocotus tegimae,unknown,5.5088,0.0433
9697,Periparus amabilis,unknown,6.7572,0.0887
9698,Periparus ater,unknown,7.2131,0.1038
9699,Periparus elegans,unknown,5.7346,0.0483
9700,Periparus rubidiventris,unknown,6.7242,0.0882
9701,Periparus rufonuchalis,unknown,5.1465,0.0592
9702,Periparus venustulus,male,5.9298,0.0605
9703,Periparus venustulus,unknown,6.1253,0.066
9704,Periporphyrus erythromelas,female,6.8002,0.0988
9705,Periporphyrus erythromelas,male,5.8045,0.0462
9706,Periporphyrus erythromelas,unknown,6.7682,0.072
9707,Perisoreus canadensis,unknown,6.126,0.0612
9708,Perisoreus infaustus,unknown,6.12,0.0494
9709,Perisoreus internigrans,unknown,5.8083,0.0604
9710,Perissocephalus tricolor,unknown,6.0239,0.0534
9711,Pernis apivorus,female,6.4152,0.063
9712,Pernis apivorus,male,6.124,NA
9713,Pernis apivorus,unknown,5.5942,0.0635
9714,Pernis celebensis,unknown,5.9074,0.0549
9715,Pernis ptilorhynchus,male,6.487,NA
9716,Pernis ptilorhynchus,unknown,6.8916,0.1047
9717,Pernis steerei,unknown,6.0914,0.0488
9718,Petrochelidon ariel,unknown,5.6759,0.0513
9719,Petrochelidon fluvicola,unknown,5.4771,0.0512
9720,Petrochelidon fulva,unknown,6.1242,0.0577
9721,Petrochelidon nigricans,unknown,5.6403,0.0523
9722,Petrochelidon preussi,unknown,6.4797,0.0642
9723,Petrochelidon pyrrhonota,unknown,6.8867,0.1039
9724,Petrochelidon rufigula,unknown,6.0568,0.0643
9725,Petrochelidon rufocollaris,unknown,6.0586,0.0736
9726,Petrochelidon spilodera,unknown,5.4952,0.0602
9727,Petroica archboldi,unknown,6.058,0.0501
9728,Petroica australis,unknown,6.0762,0.0525
9729,Petroica bivittata,unknown,5.2764,0.0546
9730,Petroica boodang,female,6.0248,0.0784
9731,Petroica boodang,male,7.0563,0.0711
9732,Petroica boodang,unknown,6.9641,0.0505
9733,Petroica goodenovii,male,7.0356,0.0796
9734,Petroica goodenovii,unknown,6.8764,0.0849
9735,Petroica longipes,unknown,6.3818,0.0932
9736,Petroica macrocephala,unknown,6.1964,0.0622
9737,Petroica multicolor,male,6.066,0.0091
9738,Petroica multicolor,unknown,6.7951,0.0709
9739,Petroica phoenicea,female,5.5303,0.0229
9740,Petroica phoenicea,male,6.8433,0.0796
9741,Petroica phoenicea,unknown,7.3739,0.0796
9742,Petroica pusilla,female,7.4151,0.0981
9743,Petroica pusilla,male,6.7162,0.0988
9744,Petroica pusilla,unknown,6.6632,0.0745
9745,Petroica rodinogaster,male,6.2255,0.0423
9746,Petroica rodinogaster,unknown,7.369,0.0898
9747,Petroica rosea,male,7.143,0.0869
9748,Petroica rosea,unknown,7.0924,0.1038
9749,Petroica traversi,unknown,6.354,0.0804
9750,Petronia petronia,unknown,5.0964,0.0537
9751,Petrophassa albipennis,unknown,4.6014,0.0547
9752,Petrophassa rufipennis,unknown,5.3311,0.0627
9753,Peucaea aestivalis,unknown,5.5106,0.051
9754,Peucaea botterii,unknown,5.124,0.0697
9755,Peucaea carpalis,unknown,5.4853,0.0573
9756,Peucaea cassinii,unknown,4.9672,0.0397
9757,Peucaea humeralis,unknown,5.7733,0.0508
9758,Peucaea mystacalis,unknown,5.624,0.0588
9759,Peucaea ruficauda,unknown,5.8778,0.0616
9760,Peucaea sumichrasti,unknown,5.1983,0.0579
9761,Peucedramus taeniatus,male,7.0251,0.136
9762,Peucedramus taeniatus,unknown,6.9829,0.0776
9763,Pezopetes capitalis,unknown,5.6545,0.0468
9764,Pezoporus occidentalis,unknown,5.5808,0.0504
9765,Pezoporus wallicus,unknown,6.6301,0.0826
9766,Phacellodomus dorsalis,unknown,5.5044,0.0512
9767,Phacellodomus erythrophthalmus,unknown,5.72,0.0648
9768,Phacellodomus ferrugineigula,unknown,5.9734,0.0483
9769,Phacellodomus maculipectus,male,5.2432,0.0481
9770,Phacellodomus maculipectus,unknown,6.2514,0.0602
9771,Phacellodomus ruber,unknown,5.5754,0.0593
9772,Phacellodomus rufifrons,unknown,5.376,0.0499
9773,Phacellodomus sibilatrix,unknown,5.725,0.0563
9774,Phacellodomus striaticeps,unknown,5.3236,0.0535
9775,Phacellodomus striaticollis,unknown,5.7377,0.0497
9776,Phaenicophaeus curvirostris,male,5.4295,0.0633
9777,Phaenicophaeus curvirostris,unknown,6.3369,0.0631
9778,Phaenicophaeus diardi,unknown,6.0319,0.0735
9779,Phaenicophaeus pyrrhocephalus,male,6.316,NA
9780,Phaenicophaeus pyrrhocephalus,unknown,6.3661,0.0643
9781,Phaenicophaeus sumatranus,unknown,5.7983,0.0506
9782,Phaenicophaeus tristis,unknown,5.5889,0.0636
9783,Phaenicophaeus viridirostris,unknown,6.2709,0.0674
9784,Phaenicophilus palmarum,unknown,6.3063,0.0642
9785,Phaenicophilus poliocephalus,unknown,5.416,0.0552
9786,Phaenostictus mcleannani,unknown,6.4881,0.0558
9787,Phaeochroa cuvierii,unknown,6.2378,0.0583
9788,Phaeomyias murina,unknown,5.5369,0.0513
9789,Phaethon aethereus,male,7.3035,0.0882
9790,Phaethon aethereus,unknown,7.5002,0.1303
9791,Phaethon lepturus,unknown,7.2253,0.1175
9792,Phaethon rubricauda,unknown,6.9113,0.0668
9793,Phaethornis aethopygus,unknown,6.2325,0.0574
9794,Phaethornis anthophilus,unknown,6.299,0.0486
9795,Phaethornis atrimentalis,unknown,6.7488,0.0779
9796,Phaethornis augusti,unknown,6.3749,0.1141
9797,Phaethornis bourcieri,unknown,6.3959,0.0668
9798,Phaethornis eurynome,male,7.2416,0.0734
9799,Phaethornis eurynome,unknown,7.0101,0.0768
9800,Phaethornis griseogularis,unknown,6.8617,0.0748
9801,Phaethornis guy,female,6.9197,0.0695
9802,Phaethornis guy,male,7.436,NA
9803,Phaethornis guy,unknown,7.0232,0.08
9804,Phaethornis hispidus,unknown,5.8226,0.0519
9805,Phaethornis idaliae,female,6.6262,0.0411
9806,Phaethornis idaliae,male,6.186,0.0528
9807,Phaethornis idaliae,unknown,6.4035,0.0806
9808,Phaethornis koepckeae,unknown,6.2591,0.0655
9809,Phaethornis longirostris,unknown,6.6139,0.0718
9810,Phaethornis longuemareus,unknown,6.7497,0.0717
9811,Phaethornis malaris,unknown,6.6399,0.0779
9812,Phaethornis mexicanus,unknown,6.3033,0.0413
9813,Phaethornis nattereri,unknown,5.7038,0.0565
9814,Phaethornis philippii,unknown,6.6101,0.0707
9815,Phaethornis pretrei,unknown,6.7716,0.0828
9816,Phaethornis ruber,unknown,6.0051,0.0584
9817,Phaethornis rupurumii,unknown,6.5697,0.0858
9818,Phaethornis squalidus,unknown,6.7142,0.0708
9819,Phaethornis striigularis,unknown,6.5672,0.0699
9820,Phaethornis stuarti,female,6.401,0.1451
9821,Phaethornis stuarti,male,5.8318,0.0524
9822,Phaethornis stuarti,unknown,6.7613,0.0855
9823,Phaethornis subochraceus,unknown,6.3071,0.0682
9824,Phaethornis superciliosus,unknown,6.5369,0.0571
9825,Phaethornis syrmatophorus,unknown,6.9331,0.0765
9826,Phaethornis yaruqui,unknown,7.1002,0.0956
9827,Phaetusa simplex,unknown,6.1452,0.0599
9828,Phainopepla nitens,male,6.3532,0.0649
9829,Phainopepla nitens,unknown,6.4233,0.0735
9830,Phainoptila melanoxantha,female,6.0739,0.0745
9831,Phainoptila melanoxantha,male,5.9508,0.0367
9832,Phainoptila melanoxantha,unknown,6.4843,0.0654
9833,Phalacrocorax aristotelis,unknown,5.1007,0.0511
9834,Phalacrocorax atriceps,unknown,5.3675,0.0566
9835,Phalacrocorax auritus,unknown,5.2169,0.0565
9836,Phalacrocorax bougainvillii,unknown,5.4154,0.0628
9837,Phalacrocorax bransfieldensis,unknown,5.3871,0.0556
9838,Phalacrocorax brasilianus,unknown,5.0418,0.0626
9839,Phalacrocorax campbelli,unknown,5.7536,0.057
9840,Phalacrocorax capensis,unknown,5.6034,0.0625
9841,Phalacrocorax capillatus,unknown,5.5122,0.0599
9842,Phalacrocorax carbo,unknown,4.9845,0.0443
9843,Phalacrocorax carunculatus,unknown,5.8387,0.0562
9844,Phalacrocorax chalconotus,unknown,5.2388,0.0484
9845,Phalacrocorax colensoi,unknown,5.8249,0.0534
9846,Phalacrocorax featherstoni,unknown,5.3324,0.0581
9847,Phalacrocorax fuscescens,unknown,5.554,0.0491
9848,Phalacrocorax fuscicollis,unknown,4.4704,0.0656
9849,Phalacrocorax gaimardi,unknown,6.249,0.047
9850,Phalacrocorax georgianus,unknown,5.2663,0.0666
9851,Phalacrocorax harrisi,unknown,5.099,0.0644
9852,Phalacrocorax magellanicus,male,5.9761,0.0696
9853,Phalacrocorax magellanicus,unknown,5.2898,0.0576
9854,Phalacrocorax melanogenis,unknown,5.3646,0.0591
9855,Phalacrocorax neglectus,unknown,4.55,0.0626
9856,Phalacrocorax nigrogularis,unknown,4.8349,0.0641
9857,Phalacrocorax nivalis,unknown,6.0775,0.0583
9858,Phalacrocorax onslowi,unknown,5.2068,0.0715
9859,Phalacrocorax pelagicus,unknown,4.8578,0.0527
9860,Phalacrocorax penicillatus,unknown,5.6332,0.0529
9861,Phalacrocorax punctatus,unknown,5.1321,0.0451
9862,Phalacrocorax purpurascens,unknown,5.1149,0.047
9863,Phalacrocorax ranfurlyi,unknown,5.1716,0.0599
9864,Phalacrocorax sulcirostris,unknown,4.2209,0.0655
9865,Phalacrocorax urile,unknown,5.0007,0.0614
9866,Phalacrocorax varius,unknown,5.1912,0.0451
9867,Phalacrocorax verrucosus,unknown,5.38,0.0757
9868,Phalaenoptilus nuttallii,male,5.7428,0.0362
9869,Phalaenoptilus nuttallii,unknown,5.5725,0.0463
9870,Phalaropus fulicarius,female,6.1942,0.037
9871,Phalaropus fulicarius,unknown,6.8187,0.0798
9872,Phalaropus lobatus,female,6.1206,0.0572
9873,Phalaropus lobatus,male,5.6441,0.0419
9874,Phalaropus lobatus,unknown,5.6259,0.056
9875,Phalaropus tricolor,female,5.7944,0.0466
9876,Phalaropus tricolor,unknown,5.8824,0.0632
9877,Phalcoboenus albogularis,unknown,6.5623,0.0677
9878,Phalcoboenus australis,unknown,7.1969,0.0931
9879,Phalcoboenus carunculatus,unknown,5.6817,0.0588
9880,Phalcoboenus megalopterus,unknown,5.9108,0.0575
9881,Phapitreron amethystinus,unknown,4.9098,0.0685
9882,Phapitreron brunneiceps,unknown,5.5185,0.0458
9883,Phapitreron leucotis,unknown,5.4941,0.0634
9884,Phaps chalcoptera,male,5.6397,0.0579
9885,Phaps chalcoptera,unknown,5.918,0.0624
9886,Phaps elegans,male,5.6728,0.0524
9887,Phaps elegans,unknown,6.0762,0.0363
9888,Phaps histrionica,unknown,5.4425,0.0566
9889,Pharomachrus antisianus,male,7.2624,0.0983
9890,Pharomachrus antisianus,unknown,7.0999,0.0868
9891,Pharomachrus auriceps,male,7.1098,0.0771
9892,Pharomachrus auriceps,unknown,7.6353,0.126
9893,Pharomachrus fulgidus,male,7.1654,0.0584
9894,Pharomachrus fulgidus,unknown,7.3421,0.1084
9895,Pharomachrus mocinno,male,7.5358,0.0675
9896,Pharomachrus mocinno,unknown,7.9984,0.1247
9897,Pharomachrus pavoninus,male,7.082,0.0352
9898,Pharomachrus pavoninus,unknown,7.2397,0.101
9899,Phasianus colchicus,unknown,6.0482,0.0699
9900,Phedina borbonica,unknown,5.7048,0.0445
9901,Phedina brazzae,unknown,5.6101,0.05
9902,Phegornis mitchellii,unknown,5.9037,0.0488
9903,Phelpsia inornata,unknown,6.1793,0.0749
9904,Pheucticus aureoventris,female,6.902,NA
9905,Pheucticus aureoventris,male,6.5143,0.0177
9906,Pheucticus aureoventris,unknown,6.1608,0.0612
9907,Pheucticus chrysogaster,male,6.7784,0.0658
9908,Pheucticus chrysogaster,unknown,7.0364,0.0875
9909,Pheucticus chrysopeplus,male,6.1766,0.0775
9910,Pheucticus chrysopeplus,unknown,7.1521,0.0904
9911,Pheucticus ludovicianus,male,6.4684,0.0787
9912,Pheucticus ludovicianus,unknown,6.71,0.0785
9913,Pheucticus melanocephalus,male,5.8707,0.0464
9914,Pheucticus melanocephalus,unknown,6.7684,0.0859
9915,Pheucticus tibialis,unknown,6.7506,0.0725
9916,Pheugopedius atrogularis,unknown,5.2018,0.0572
9917,Pheugopedius coraya,male,4.7118,0.0763
9918,Pheugopedius coraya,unknown,4.9662,0.066
9919,Pheugopedius eisenmanni,unknown,6.0957,0.0581
9920,Pheugopedius euophrys,unknown,5.3957,0.0595
9921,Pheugopedius fasciatoventris,unknown,5.4742,0.052
9922,Pheugopedius felix,unknown,5.6605,0.0346
9923,Pheugopedius genibarbis,unknown,5.9736,0.0654
9924,Pheugopedius maculipectus,unknown,5.1755,0.0566
9925,Pheugopedius mystacalis,unknown,5.4957,0.0581
9926,Pheugopedius rutilus,unknown,6.5257,0.0587
9927,Pheugopedius sclateri,unknown,5.1705,0.0438
9928,Pheugopedius spadix,unknown,5.4578,0.0489
9929,Phibalura flavirostris,male,5.7532,0.0615
9930,Phibalura flavirostris,unknown,5.9902,0.0582
9931,Phigys solitarius,unknown,7.1486,0.0861
9932,Philemon albitorques,unknown,4.9905,0.0648
9933,Philemon argenticeps,unknown,5.0378,0.064
9934,Philemon buceroides,unknown,5.4469,0.0606
9935,Philemon citreogularis,unknown,4.9319,0.0551
9936,Philemon cockerelli,unknown,4.9625,0.0599
9937,Philemon corniculatus,unknown,5.1922,0.046
9938,Philemon diemenensis,unknown,5.5715,0.0612
9939,Philemon fuscicapillus,male,4.8926,0.0627
9940,Philemon fuscicapillus,unknown,4.7007,0.0827
9941,Philemon inornatus,unknown,5.0571,0.0615
9942,Philemon kisserensis,unknown,4.524,0.0647
9943,Philemon meyeri,unknown,4.3722,0.0681
9944,Philemon moluccensis,unknown,4.9359,0.0651
9945,Philemon plumigenis,unknown,4.6378,0.0617
9946,Philemon subcorniculatus,unknown,4.2242,0.0758
9947,Philentoma pyrhoptera,male,6.927,0.0781
9948,Philentoma pyrhoptera,unknown,6.4541,0.0772
9949,Philentoma velata,male,6.3831,0.0694
9950,Philentoma velata,unknown,6.8514,0.0887
9951,Philepitta castanea,male,6.8649,0.0701
9952,Philepitta castanea,unknown,6.7878,0.0717
9953,Philepitta schlegeli,male,6.8145,0.0717
9954,Philepitta schlegeli,unknown,7.1808,0.1059
9955,Philesturnus carunculatus,unknown,5.9336,0.0553
9956,Philesturnus rufusater,unknown,5.6144,0.0571
9957,Philetairus socius,unknown,5.6511,0.0534
9958,Philodice bryantae,female,6.4854,0.0427
9959,Philodice bryantae,male,6.9603,0.0821
9960,Philodice bryantae,unknown,7.0819,0.0859
9961,Philodice mitchellii,female,6.9327,0.0634
9962,Philodice mitchellii,male,7.3163,0.1127
9963,Philodice mitchellii,unknown,7.502,0.1153
9964,Philortyx fasciatus,unknown,5.0879,0.0532
9965,Philydor atricapillus,unknown,5.8522,0.0678
9966,Philydor erythrocercum,unknown,5.0319,0.0517
9967,Philydor erythropterum,unknown,5.1771,0.0592
9968,Philydor fuscipenne,unknown,5.0731,0.0601
9969,Philydor novaesi,unknown,5.3879,0.0541
9970,Philydor pyrrhodes,unknown,6.1642,0.0555
9971,Philydor rufum,unknown,5.8118,0.0575
9972,Phimosus infuscatus,unknown,4.9392,0.0661
9973,Phlegopsis borbae,unknown,5.9012,0.0602
9974,Phlegopsis erythroptera,female,5.9663,0.0552
9975,Phlegopsis erythroptera,male,6.3978,0.0603
9976,Phlegopsis erythroptera,unknown,6.2507,0.073
9977,Phlegopsis nigromaculata,unknown,5.7501,0.0614
9978,Phleocryptes melanops,unknown,5.7738,0.0599
9979,Phlogophilus harterti,unknown,7.3585,0.1344
9980,Phlogophilus hemileucurus,unknown,6.6047,0.0608
9981,Phodilus assimilis,unknown,6.7138,0.0727
9982,Phodilus badius,unknown,6.4671,0.0705
9983,Phoebastria albatrus,unknown,5.118,0.0553
9984,Phoebastria immutabilis,unknown,6.265,0.0816
9985,Phoebastria irrorata,unknown,5.681,0.0559
9986,Phoebastria nigripes,unknown,5.3551,0.0535
9987,Phoebetria fusca,unknown,6.0463,0.0597
9988,Phoebetria palpebrata,unknown,5.6062,0.0505
9989,Phoenicircus carnifex,male,6.4385,0.0662
9990,Phoenicircus carnifex,unknown,7.0003,0.0807
9991,Phoenicircus nigricollis,unknown,6.9671,0.0873
9992,Phoeniconaias minor,unknown,6.4261,0.063
9993,Phoenicoparrus andinus,unknown,6.0815,0.0581
9994,Phoenicoparrus jamesi,unknown,6.4708,0.0571
9995,Phoenicopterus chilensis,unknown,6.5148,0.0654
9996,Phoenicopterus roseus,unknown,6.2843,0.0733
9997,Phoenicopterus ruber,unknown,6.288,0.0634
9998,Phoeniculus bollei,unknown,6.0238,0.0605
9999,Phoeniculus castaneiceps,unknown,5.8559,0.048
10000,Phoeniculus damarensis,unknown,5.866,0.0532
10001,Phoeniculus purpureus,unknown,6.4574,0.0634
10002,Phoeniculus somaliensis,unknown,5.8896,0.064
10003,Phoenicurus alaschanicus,female,5.406,0.0692
10004,Phoenicurus alaschanicus,male,6.171,NA
10005,Phoenicurus alaschanicus,unknown,6.6207,0.0702
10006,Phoenicurus auroreus,male,6.178,0.0506
10007,Phoenicurus auroreus,unknown,6.3287,0.0561
10008,Phoenicurus bicolor,female,5.708,0.0485
10009,Phoenicurus bicolor,male,5.9422,0.057
10010,Phoenicurus bicolor,unknown,6.009,0.0668
10011,Phoenicurus coeruleocephala,male,5.7653,0.0806
10012,Phoenicurus coeruleocephala,unknown,5.7599,0.0494
10013,Phoenicurus erythrogastrus,male,6.9655,0.0828
10014,Phoenicurus erythrogastrus,unknown,7.2181,0.0975
10015,Phoenicurus erythronotus,male,5.5559,0.0386
10016,Phoenicurus erythronotus,unknown,6.5961,0.0588
10017,Phoenicurus frontalis,male,6.5919,0.0656
10018,Phoenicurus frontalis,unknown,6.4032,0.0763
10019,Phoenicurus fuliginosus,female,5.8267,0.0638
10020,Phoenicurus fuliginosus,male,5.6318,0.0515
10021,Phoenicurus fuliginosus,unknown,6.2636,0.0386
10022,Phoenicurus hodgsoni,female,6.5018,0.0748
10023,Phoenicurus hodgsoni,unknown,6.9019,0.1037
10024,Phoenicurus leucocephalus,male,7.1132,0.0583
10025,Phoenicurus leucocephalus,unknown,6.2941,0.0659
10026,Phoenicurus moussieri,female,5.6245,0.0316
10027,Phoenicurus moussieri,male,6.3851,0.0639
10028,Phoenicurus moussieri,unknown,6.9021,0.0648
10029,Phoenicurus ochruros,female,5.2743,0.055
10030,Phoenicurus ochruros,male,5.7911,0.0471
10031,Phoenicurus ochruros,unknown,6.2101,0.063
10032,Phoenicurus phoenicurus,female,5.9146,0.0365
10033,Phoenicurus phoenicurus,male,6.0041,0.0427
10034,Phoenicurus phoenicurus,unknown,6.0562,0.0523
10035,Phoenicurus schisticeps,male,6.1256,0.0406
10036,Phoenicurus schisticeps,unknown,7.263,0.0804
10037,Pholia sharpii,unknown,5.5431,0.0538
10038,Pholidornis rushiae,unknown,5.0767,0.0538
10039,Phonipara canora,male,5.8466,0.0346
10040,Phonipara canora,unknown,6.2431,0.0731
10041,Phonygammus keraudrenii,unknown,6.2936,0.0647
10042,Phragmacia substriata,unknown,5.1398,0.051
10043,Phrygilus atriceps,male,5.9445,0.0248
10044,Phrygilus atriceps,unknown,6.3112,0.0583
10045,Phrygilus gayi,male,6.0308,0.0189
10046,Phrygilus gayi,unknown,6.2725,0.0825
10047,Phrygilus patagonicus,unknown,6.4867,0.053
10048,Phrygilus punensis,male,6.2026,0.0367
10049,Phrygilus punensis,unknown,5.9182,0.0667
10050,Phylidonyris niger,unknown,5.8545,0.0578
10051,Phylidonyris novaehollandiae,unknown,5.978,0.0517
10052,Phylidonyris pyrrhopterus,male,6.2802,0.0615
10053,Phylidonyris pyrrhopterus,unknown,6.1894,0.0601
10054,Phyllastrephus albigula,unknown,4.6728,0.0451
10055,Phyllastrephus albigularis,unknown,4.6778,0.0703
10056,Phyllastrephus baumanni,unknown,4.3401,0.0752
10057,Phyllastrephus cabanisi,unknown,4.6804,0.0691
10058,Phyllastrephus cerviniventris,unknown,5.4261,0.0555
10059,Phyllastrephus debilis,unknown,4.4387,0.07
10060,Phyllastrephus fischeri,unknown,4.6671,0.062
10061,Phyllastrephus flavostriatus,unknown,4.9534,0.0523
10062,Phyllastrephus fulviventris,unknown,4.9413,0.0636
10063,Phyllastrephus hypochloris,unknown,4.7395,0.0563
10064,Phyllastrephus icterinus,unknown,5.271,0.0584
10065,Phyllastrephus poensis,male,4.8838,0.0563
10066,Phyllastrephus poensis,unknown,4.9705,0.0651
10067,Phyllastrephus poliocephalus,unknown,5.6147,0.0462
10068,Phyllastrephus scandens,unknown,4.5067,0.0758
10069,Phyllastrephus strepitans,unknown,5.3326,0.063
10070,Phyllastrephus terrestris,unknown,5.1025,0.056
10071,Phyllastrephus xavieri,unknown,5.2144,0.0608
10072,Phyllergates cucullatus,unknown,6.9512,0.1042
10073,Phyllergates heterolaemus,unknown,5.4011,0.075
10074,Phyllolais pulchella,unknown,5.173,0.0625
10075,Phyllomyias burmeisteri,unknown,5.7303,0.0693
10076,Phyllomyias cinereiceps,unknown,5.806,0.0583
10077,Phyllomyias fasciatus,unknown,5.4381,0.0494
10078,Phyllomyias griseiceps,unknown,5.1363,0.052
10079,Phyllomyias griseocapilla,unknown,5.5671,0.0534
10080,Phyllomyias nigrocapillus,male,5.3223,0.0567
10081,Phyllomyias nigrocapillus,unknown,5.9038,0.0622
10082,Phyllomyias plumbeiceps,male,6.0999,0.0727
10083,Phyllomyias plumbeiceps,unknown,5.1225,0.0652
10084,Phyllomyias reiseri,unknown,5.9629,0.0607
10085,Phyllomyias sclateri,unknown,6.2841,0.0577
10086,Phyllomyias urichi,unknown,4.7089,0.0456
10087,Phyllomyias uropygialis,unknown,5.7576,0.0597
10088,Phyllomyias virescens,unknown,5.7725,0.065
10089,Phyllomyias weedeni,unknown,5.7041,0.0563
10090,Phylloscartes beckeri,unknown,5.4274,0.0689
10091,Phylloscartes ceciliae,unknown,4.9762,0.0545
10092,Phylloscartes chapmani,unknown,5.1651,0.0561
10093,Phylloscartes difficilis,unknown,6.2583,0.0673
10094,Phylloscartes eximius,unknown,6.1129,0.0469
10095,Phylloscartes flaviventris,unknown,6.1826,0.0642
10096,Phylloscartes flavovirens,unknown,6.1254,0.0757
10097,Phylloscartes gualaquizae,unknown,5.3301,0.0617
10098,Phylloscartes kronei,male,6.1033,0.0804
10099,Phylloscartes kronei,unknown,5.4878,0.0627
10100,Phylloscartes lanyoni,unknown,5.5034,0.0452
10101,Phylloscartes nigrifrons,unknown,4.9253,0.0509
10102,Phylloscartes ophthalmicus,unknown,5.703,0.0492
10103,Phylloscartes orbitalis,unknown,4.9482,0.052
10104,Phylloscartes oustaleti,unknown,5.8517,0.051
10105,Phylloscartes parkeri,unknown,5.7627,0.0503
10106,Phylloscartes paulista,unknown,5.4034,0.0516
10107,Phylloscartes poecilotis,unknown,5.9808,0.0569
10108,Phylloscartes roquettei,male,5.8188,0.057
10109,Phylloscartes roquettei,unknown,6.2337,0.0631
10110,Phylloscartes superciliaris,unknown,5.5087,0.0506
10111,Phylloscartes sylviolus,unknown,4.4451,0.0503
10112,Phylloscartes venezuelanus,unknown,5.9577,0.0583
10113,Phylloscartes ventralis,unknown,5.8378,0.0527
10114,Phylloscartes virescens,unknown,5.6718,0.0558
10115,Phylloscopus affinis,male,5.3652,0.0631
10116,Phylloscopus affinis,unknown,6.0043,0.0561
10117,Phylloscopus amoenus,unknown,4.8251,0.0577
10118,Phylloscopus armandii,unknown,5.7767,0.0551
10119,Phylloscopus bonelli,male,5.5947,0.0249
10120,Phylloscopus bonelli,unknown,5.6958,0.053
10121,Phylloscopus borealis,male,6.489,0.055
10122,Phylloscopus borealis,unknown,5.4852,0.0487
10123,Phylloscopus borealoides,unknown,5.7919,0.0728
10124,Phylloscopus budongoensis,unknown,5.5093,0.0473
10125,Phylloscopus burkii,unknown,5.8361,0.0523
10126,Phylloscopus calciatilis,unknown,6.1322,0.0603
10127,Phylloscopus canariensis,unknown,5.6506,0.0622
10128,Phylloscopus cantator,unknown,5.6222,0.0486
10129,Phylloscopus castaniceps,unknown,6.7289,0.0788
10130,Phylloscopus cebuensis,unknown,5.3362,0.0642
10131,Phylloscopus chloronotus,male,5.8689,0.0373
10132,Phylloscopus chloronotus,unknown,5.8931,0.0496
10133,Phylloscopus claudiae,unknown,5.1685,0.0524
10134,Phylloscopus collybita,male,5.6725,0.0386
10135,Phylloscopus collybita,unknown,5.2912,0.0491
10136,Phylloscopus coronatus,unknown,5.8531,0.0579
10137,Phylloscopus emeiensis,male,6.1526,0.0462
10138,Phylloscopus emeiensis,unknown,5.6467,0.0672
10139,Phylloscopus examinandus,unknown,5.0399,0.0471
10140,Phylloscopus forresti,unknown,5.7515,0.0576
10141,Phylloscopus fuligiventer,unknown,5.042,0.0542
10142,Phylloscopus fuscatus,unknown,5.3614,0.0565
10143,Phylloscopus goodsoni,male,6.676,0.1047
10144,Phylloscopus goodsoni,unknown,6.1592,0.056
10145,Phylloscopus grammiceps,unknown,6.791,0.0712
10146,Phylloscopus griseolus,unknown,5.3245,0.0506
10147,Phylloscopus hainanus,unknown,6.6746,0.0635
10148,Phylloscopus herberti,unknown,4.7766,0.0512
10149,Phylloscopus humei,male,6.137,NA
10150,Phylloscopus humei,unknown,4.6884,0.0622
10151,Phylloscopus ibericus,male,5.187,NA
10152,Phylloscopus ibericus,unknown,5.3727,0.0542
10153,Phylloscopus ijimae,unknown,5.8596,0.065
10154,Phylloscopus inornatus,unknown,5.5574,0.046
10155,Phylloscopus intensior,unknown,6.2673,0.0737
10156,Phylloscopus intermedius,male,5.3045,0.0399
10157,Phylloscopus intermedius,unknown,6.7068,0.0829
10158,Phylloscopus kansuensis,male,5.0983,0.0644
10159,Phylloscopus kansuensis,unknown,5.5106,0.0571
10160,Phylloscopus laetus,unknown,6.0134,0.0626
10161,Phylloscopus laurae,unknown,5.6794,0.0563
10162,Phylloscopus maculipennis,unknown,6.3011,0.071
10163,Phylloscopus maforensis,male,6.1009,0.0266
10164,Phylloscopus maforensis,unknown,5.32,0.0637
10165,Phylloscopus magnirostris,unknown,5.8086,0.0512
10166,Phylloscopus makirensis,unknown,5.2111,0.0687
10167,Phylloscopus montis,unknown,6.2445,0.0675
10168,Phylloscopus neglectus,unknown,4.7478,0.0578
10169,Phylloscopus nitidus,unknown,5.595,0.0514
10170,Phylloscopus occipitalis,male,6.5899,0.0608
10171,Phylloscopus occipitalis,unknown,5.7668,0.045
10172,Phylloscopus occisinensis,unknown,6.3628,0.0788
10173,Phylloscopus ogilviegranti,unknown,5.9796,0.0707
10174,Phylloscopus olivaceus,unknown,5.0009,0.054
10175,Phylloscopus omeiensis,male,6.3007,0.0237
10176,Phylloscopus omeiensis,unknown,6.513,0.0795
10177,Phylloscopus orientalis,unknown,5.4106,0.057
10178,Phylloscopus plumbeitarsus,unknown,5.4307,0.0629
10179,Phylloscopus poliogenys,unknown,6.2397,0.0555
10180,Phylloscopus presbytes,unknown,5.8351,0.0547
10181,Phylloscopus proregulus,unknown,6.2686,0.0501
10182,Phylloscopus pulcher,unknown,5.3232,0.0534
10183,Phylloscopus reguloides,unknown,5.716,0.0542
10184,Phylloscopus ricketti,unknown,5.9597,0.0541
10185,Phylloscopus rotiensis,unknown,4.6584,0.0666
10186,Phylloscopus ruficapilla,unknown,5.8923,0.0561
10187,Phylloscopus sarasinorum,unknown,5.0764,0.06
10188,Phylloscopus schwarzi,unknown,5.6195,0.0519
10189,Phylloscopus sibilatrix,unknown,5.9585,0.0618
10190,Phylloscopus sindianus,male,5.8977,0.0554
10191,Phylloscopus sindianus,unknown,5.868,0.0485
10192,Phylloscopus soror,unknown,5.3367,0.0494
10193,Phylloscopus subaffinis,unknown,5.7815,0.0522
10194,Phylloscopus subviridis,unknown,5.4464,0.0563
10195,Phylloscopus tenellipes,unknown,5.4241,0.0569
10196,Phylloscopus tephrocephalus,unknown,6.2614,0.0556
10197,Phylloscopus trivirgatus,unknown,5.8668,0.0503
10198,Phylloscopus trochiloides,unknown,5.7912,0.0576
10199,Phylloscopus trochilus,unknown,5.5636,0.0615
10200,Phylloscopus tytleri,unknown,5.6325,0.0508
10201,Phylloscopus umbrovirens,unknown,6.1397,0.0597
10202,Phylloscopus valentini,unknown,6.0791,0.0596
10203,Phylloscopus whistleri,unknown,6.7009,0.0771
10204,Phylloscopus xanthodryas,unknown,5.1913,0.0572
10205,Phylloscopus xanthoschistos,unknown,6.3683,0.0673
10206,Phylloscopus yunnanensis,unknown,5.8315,0.0537
10207,Phytotoma raimondii,unknown,5.553,0.0558
10208,Phytotoma rara,male,6.0236,0.0513
10209,Phytotoma rara,unknown,6.0549,0.0714
10210,Phytotoma rutila,female,5.4857,0.0396
10211,Phytotoma rutila,male,6.0522,0.0445
10212,Phytotoma rutila,unknown,5.4597,0.0525
10213,Piaya cayana,unknown,6.2117,0.0625
10214,Piaya melanogaster,unknown,6.9429,0.0908
10215,Pica asirensis,unknown,5.2015,0.064
10216,Pica bottanensis,unknown,5.7548,0.0647
10217,Pica hudsonia,unknown,6.7294,0.0739
10218,Pica mauritanica,unknown,6.0693,0.0708
10219,Pica nuttalli,unknown,6.4706,0.0885
10220,Pica pica,unknown,5.6074,0.0598
10221,Pica serica,unknown,5.7233,0.0587
10222,Picathartes gymnocephalus,unknown,6.7586,0.0843
10223,Picathartes oreas,unknown,6.0059,0.0704
10224,Picoides arcticus,female,5.968,0.0517
10225,Picoides arcticus,male,6.4833,0.0584
10226,Picoides arcticus,unknown,6.4056,0.0552
10227,Picoides dorsalis,female,5.929,0.0692
10228,Picoides dorsalis,male,6.2568,0.0548
10229,Picoides dorsalis,unknown,7.0394,0.0466
10230,Picoides tridactylus,female,5.867,0.0646
10231,Picoides tridactylus,male,6.0173,0.0351
10232,Picoides tridactylus,unknown,6.2816,0.0732
10233,Piculus aurulentus,male,6.4024,0.0635
10234,Piculus aurulentus,unknown,6.7657,0.0841
10235,Piculus callopterus,male,6.347,0.0218
10236,Piculus callopterus,unknown,6.3733,0.0831
10237,Piculus chrysochloros,male,6.8313,0.0552
10238,Piculus chrysochloros,unknown,6.5332,0.0797
10239,Piculus flavigula,female,6.3943,0.06
10240,Piculus flavigula,male,6.8608,0.102
10241,Piculus flavigula,unknown,7.2194,0.102
10242,Piculus leucolaemus,female,6.0296,0.0207
10243,Piculus leucolaemus,unknown,6.1228,0.0567
10244,Piculus litae,unknown,5.8013,0.0511
10245,Piculus simplex,male,5.752,0.0567
10246,Piculus simplex,unknown,6.3106,0.0777
10247,Picumnus albosquamatus,male,6.341,0.0429
10248,Picumnus albosquamatus,unknown,6.4733,0.0777
10249,Picumnus aurifrons,male,5.2496,0.0686
10250,Picumnus aurifrons,unknown,5.4612,0.0482
10251,Picumnus castelnau,female,5.8953,0.0171
10252,Picumnus castelnau,unknown,5.8158,0.0468
10253,Picumnus cinnamomeus,unknown,5.5681,0.0508
10254,Picumnus cirratus,female,5.7531,0.0609
10255,Picumnus cirratus,male,5.7295,0.0338
10256,Picumnus cirratus,unknown,6.04,0.069
10257,Picumnus dorbignyanus,male,6.3121,0.0576
10258,Picumnus dorbignyanus,unknown,6.1092,0.0632
10259,Picumnus exilis,male,5.8134,0.0444
10260,Picumnus exilis,unknown,6.3296,0.0634
10261,Picumnus fulvescens,male,5.8668,0.0905
10262,Picumnus fulvescens,unknown,5.3056,0.0534
10263,Picumnus fuscus,female,4.9285,0.0557
10264,Picumnus fuscus,male,5.8443,0.0398
10265,Picumnus fuscus,unknown,5.8294,0.0414
10266,Picumnus granadensis,female,5.5752,0.0427
10267,Picumnus granadensis,male,5.924,NA
10268,Picumnus granadensis,unknown,5.0899,0.0484
10269,Picumnus innominatus,unknown,6.1932,0.0679
10270,Picumnus lafresnayi,female,5.7372,0.0167
10271,Picumnus lafresnayi,male,6.0552,0.0593
10272,Picumnus lafresnayi,unknown,6.078,0.0904
10273,Picumnus limae,female,6.4498,0.0625
10274,Picumnus limae,male,6.268,0.0823
10275,Picumnus limae,unknown,6.1202,0.0886
10276,Picumnus minutissimus,female,5.2656,0.0482
10277,Picumnus minutissimus,male,5.4871,0.0621
10278,Picumnus minutissimus,unknown,6.0004,0.0606
10279,Picumnus nebulosus,female,5.2524,0.0397
10280,Picumnus nebulosus,male,5.6918,0.031
10281,Picumnus nebulosus,unknown,6.1451,0.06
10282,Picumnus olivaceus,female,5.5722,0.0597
10283,Picumnus olivaceus,male,6.0678,0.0444
10284,Picumnus olivaceus,unknown,6.3985,0.0835
10285,Picumnus pumilus,male,5.4713,0.0566
10286,Picumnus pumilus,unknown,5.3206,0.0623
10287,Picumnus pygmaeus,female,6.2306,0.0817
10288,Picumnus pygmaeus,male,5.465,0.0637
10289,Picumnus pygmaeus,unknown,5.5398,0.0545
10290,Picumnus rufiventris,unknown,5.7459,0.046
10291,Picumnus sclateri,male,5.9026,0.0442
10292,Picumnus sclateri,unknown,6.2545,0.0568
10293,Picumnus spilogaster,female,5.8026,0.0319
10294,Picumnus spilogaster,male,5.8489,0.0496
10295,Picumnus spilogaster,unknown,6.6173,0.059
10296,Picumnus squamulatus,unknown,5.27,0.0646
10297,Picumnus steindachneri,male,6.7286,0.0777
10298,Picumnus steindachneri,unknown,5.925,0.067
10299,Picumnus subtilis,female,5.2877,0.0391
10300,Picumnus subtilis,male,5.9833,0.0522
10301,Picumnus subtilis,unknown,5.4949,0.0564
10302,Picumnus temminckii,female,5.873,0.0483
10303,Picumnus temminckii,unknown,6.5069,0.0354
10304,Picumnus varzeae,female,5.2583,0.0566
10305,Picumnus varzeae,male,6.4555,0.1123
10306,Picumnus varzeae,unknown,5.8904,0.0791
10307,Picus awokera,unknown,6.4951,0.0647
10308,Picus canus,male,5.8723,0.0272
10309,Picus canus,unknown,6.31,0.0703
10310,Picus chlorolophus,male,6.6413,0.0414
10311,Picus chlorolophus,unknown,6.331,0.0665
10312,Picus erythropygius,unknown,6.2821,0.066
10313,Picus puniceus,female,6.7375,0.1804
10314,Picus puniceus,male,6.4428,0.1041
10315,Picus puniceus,unknown,6.9068,0.1069
10316,Picus rabieri,female,6.2018,0.0358
10317,Picus rabieri,male,5.682,0.064
10318,Picus rabieri,unknown,6.1302,0.0636
10319,Picus sharpei,male,5.9389,0.0692
10320,Picus sharpei,unknown,5.8179,0.0498
10321,Picus squamatus,male,6.67,0.0757
10322,Picus squamatus,unknown,6.4236,0.0661
10323,Picus vaillantii,male,6.3155,0.0944
10324,Picus vaillantii,unknown,6.2056,0.0541
10325,Picus viridanus,female,6.0884,0.0773
10326,Picus viridanus,male,6.634,0.0486
10327,Picus viridanus,unknown,5.5978,0.0523
10328,Picus viridis,unknown,6.4013,0.0655
10329,Picus vittatus,female,6.313,0.0388
10330,Picus vittatus,male,6.2177,0.0669
10331,Picus vittatus,unknown,6.3685,0.0686
10332,Picus xanthopygaeus,female,5.4814,0.052
10333,Picus xanthopygaeus,unknown,5.7037,0.0516
10334,Piezorina cinerea,unknown,5.7989,0.0613
10335,Pilherodius pileatus,unknown,6.2533,0.0687
10336,Pinarochroa sordida,unknown,5.1349,0.0487
10337,Pinarocorys erythropygia,unknown,4.7893,0.0711
10338,Pinarocorys nigricans,unknown,4.6671,0.0591
10339,Pinaroloxias inornata,female,6.0725,0.0801
10340,Pinaroloxias inornata,unknown,5.5747,0.0606
10341,Pinarornis plumosus,unknown,5.1064,0.0531
10342,Pinicola enucleator,male,6.3135,0.1751
10343,Pinicola enucleator,unknown,6.4251,0.0686
10344,Pionites leucogaster,unknown,6.839,0.088
10345,Pionites melanocephalus,unknown,6.6747,0.0795
10346,Pionopsitta pileata,male,6.2151,0.0409
10347,Pionopsitta pileata,unknown,6.2189,0.043
10348,Pionus chalcopterus,unknown,6.2886,0.064
10349,Pionus fuscus,unknown,6.0435,0.0596
10350,Pionus maximiliani,unknown,6.2666,0.0711
10351,Pionus menstruus,unknown,7.4795,0.1119
10352,Pionus senilis,unknown,6.4977,0.0625
10353,Pionus sordidus,unknown,6.5526,0.0717
10354,Pionus tumultuosus,unknown,6.0395,0.069
10355,Pipile cujubi,unknown,6.0421,0.0723
10356,Pipile cumanensis,unknown,5.8549,0.0568
10357,Pipile jacutinga,unknown,5.3519,0.0565
10358,Pipile pipile,unknown,5.2788,0.0642
10359,Pipilo chlorurus,unknown,5.9477,0.0507
10360,Pipilo erythrophthalmus,female,5.763,0.0247
10361,Pipilo erythrophthalmus,unknown,6.037,0.0662
10362,Pipilo maculatus,male,5.9511,0.0878
10363,Pipilo maculatus,unknown,6.3229,0.0598
10364,Pipilo ocai,unknown,5.4348,0.0498
10365,Pipra aureola,male,7.1949,0.1004
10366,Pipra aureola,unknown,6.8729,0.0577
10367,Pipra fasciicauda,male,7.3151,0.0699
10368,Pipra fasciicauda,unknown,7.0483,0.0967
10369,Pipra filicauda,male,7.3005,0.0282
10370,Pipra filicauda,unknown,7.0954,0.1045
10371,Pipraeidea bonariensis,male,6.3842,0.0851
10372,Pipraeidea bonariensis,unknown,6.398,0.0687
10373,Pipraeidea melanonota,unknown,6.3668,0.0603
10374,Pipreola arcuata,female,6.1129,0.0481
10375,Pipreola arcuata,unknown,6.7753,0.0761
10376,Pipreola aureopectus,female,6.3402,0.0597
10377,Pipreola aureopectus,male,6.7094,0.1015
10378,Pipreola aureopectus,unknown,6.8435,0.0977
10379,Pipreola chlorolepidota,male,5.8316,0.0555
10380,Pipreola chlorolepidota,unknown,6.8493,0.0909
10381,Pipreola formosa,male,6.1361,0.0752
10382,Pipreola formosa,unknown,6.1789,0.0482
10383,Pipreola frontalis,female,6.248,0.0294
10384,Pipreola frontalis,male,6.4473,0.0557
10385,Pipreola frontalis,unknown,7.2221,0.0951
10386,Pipreola intermedia,female,6.915,0.0375
10387,Pipreola intermedia,male,6.4613,0.0669
10388,Pipreola intermedia,unknown,5.9511,0.0495
10389,Pipreola jucunda,male,6.9691,0.0579
10390,Pipreola jucunda,unknown,7.4062,0.0987
10391,Pipreola lubomirskii,male,6.5108,0.0508
10392,Pipreola lubomirskii,unknown,5.7561,0.0293
10393,Pipreola pulchra,female,5.7083,0.0501
10394,Pipreola pulchra,unknown,6.504,0.0614
10395,Pipreola riefferii,male,6.4562,0.0578
10396,Pipreola riefferii,unknown,7.0854,0.0737
10397,Pipreola whitelyi,unknown,6.384,0.0524
10398,Piprites chloris,unknown,6.2338,0.0753
10399,Piprites griseiceps,unknown,5.5218,0.066
10400,Piprites pileata,male,5.3604,0.0317
10401,Piprites pileata,unknown,6.5321,0.0794
10402,Piranga bidentata,unknown,7.2981,0.0915
10403,Piranga erythrocephala,unknown,6.4878,0.0656
10404,Piranga flava,male,6.9789,0.1048
10405,Piranga flava,unknown,6.6906,0.0741
10406,Piranga leucoptera,male,6.7196,0.0529
10407,Piranga leucoptera,unknown,7.4751,0.1089
10408,Piranga ludoviciana,unknown,7.1961,0.0829
10409,Piranga olivacea,male,7.606,0.0777
10410,Piranga olivacea,unknown,7.4479,0.1122
10411,Piranga roseogularis,male,7.167,NA
10412,Piranga roseogularis,unknown,6.6225,0.0938
10413,Piranga rubra,male,7.0221,0.0491
10414,Piranga rubra,unknown,7.4356,0.1198
10415,Piranga rubriceps,male,6.6764,0.1163
10416,Piranga rubriceps,unknown,7.2176,0.1052
10417,Pitangus lictor,unknown,6.5629,0.0773
10418,Pitangus sulphuratus,unknown,6.1758,0.0559
10419,Pithecophaga jefferyi,unknown,6.6881,0.0781
10420,Pithys albifrons,unknown,6.5517,0.0719
10421,Pithys castaneus,unknown,6.0312,0.0787
10422,Pitohui cerviniventris,male,5.4395,0.0449
10423,Pitohui cerviniventris,unknown,5.3106,0.0572
10424,Pitohui dichrous,unknown,6.3451,0.0707
10425,Pitohui kirhocephalus,unknown,4.7984,0.0646
10426,Pitohui uropygialis,unknown,5.7624,0.063
10427,Pitta anerythra,unknown,5.2897,0.0481
10428,Pitta angolensis,unknown,7.0233,0.0663
10429,Pitta brachyura,unknown,7.673,0.1059
10430,Pitta elegans,unknown,7.2585,0.0983
10431,Pitta iris,unknown,7.499,0.0871
10432,Pitta maxima,male,7.2842,0.0765
10433,Pitta maxima,unknown,6.6666,0.0778
10434,Pitta megarhyncha,unknown,6.9433,0.0644
10435,Pitta moluccensis,unknown,7.4142,0.1085
10436,Pitta nympha,unknown,7.3046,0.0762
10437,Pitta reichenowi,unknown,6.9627,0.0707
10438,Pitta sordida,unknown,7.3068,0.1034
10439,Pitta steerii,unknown,7.9119,0.1403
10440,Pitta superba,male,6.5408,0.0611
10441,Pitta superba,unknown,6.4738,0.0761
10442,Pitta versicolor,unknown,6.8249,0.0793
10443,Pittasoma michleri,female,5.1044,0.0374
10444,Pittasoma michleri,unknown,6.1599,0.0803
10445,Pittasoma rufopileatum,male,6.0444,0.0518
10446,Pittasoma rufopileatum,unknown,6.168,0.0646
10447,Pityriasis gymnocephala,unknown,5.886,0.0499
10448,Platalea ajaja,unknown,6.1151,0.0615
10449,Platalea alba,unknown,5.707,0.0584
10450,Platalea flavipes,unknown,5.3263,0.047
10451,Platalea leucorodia,unknown,5.4257,0.0625
10452,Platalea minor,unknown,6.0717,0.0682
10453,Platalea regia,unknown,5.1659,0.0621
10454,Platycercus adscitus,female,6.626,0.0744
10455,Platycercus adscitus,male,7.112,NA
10456,Platycercus adscitus,unknown,7.1092,0.087
10457,Platycercus caledonicus,unknown,7.3557,0.0877
10458,Platycercus elegans,unknown,7.4659,0.1114
10459,Platycercus eximius,unknown,7.6688,0.0953
10460,Platycercus icterotis,female,6.7171,0.0581
10461,Platycercus icterotis,unknown,6.517,0.0911
10462,Platycercus venustus,unknown,6.7807,0.0802
10463,Platylophus galericulatus,unknown,6.4056,0.0655
10464,Platyrinchus cancrominus,unknown,5.7375,0.0529
10465,Platyrinchus coronatus,male,5.2423,0.0806
10466,Platyrinchus coronatus,unknown,6.2383,0.0639
10467,Platyrinchus flavigularis,unknown,5.4946,0.0501
10468,Platyrinchus leucoryphus,male,5.276,NA
10469,Platyrinchus leucoryphus,unknown,5.7392,0.0568
10470,Platyrinchus mystaceus,unknown,5.961,0.0651
10471,Platyrinchus platyrhynchos,unknown,5.5566,0.0689
10472,Platyrinchus saturatus,unknown,4.8333,0.056
10473,Platysmurus leucopterus,unknown,5.9919,0.0724
10474,Platyspiza crassirostris,male,5.6235,0.0275
10475,Platyspiza crassirostris,unknown,5.5057,0.055
10476,Platysteira albifrons,male,6.6669,0.0686
10477,Platysteira albifrons,unknown,6.9454,0.09
10478,Platysteira blissetti,male,6.5401,0.0656
10479,Platysteira blissetti,unknown,7.1583,0.0801
10480,Platysteira castanea,male,6.6489,0.0687
10481,Platysteira castanea,unknown,6.5763,0.0546
10482,Platysteira chalybea,male,6.901,0.0795
10483,Platysteira chalybea,unknown,7.3559,0.102
10484,Platysteira concreta,male,7.4536,0.0831
10485,Platysteira concreta,unknown,7.3699,0.0831
10486,Platysteira cyanea,female,6.4828,0.0338
10487,Platysteira cyanea,male,7.0306,0.0916
10488,Platysteira cyanea,unknown,6.5709,0.0657
10489,Platysteira hormophora,unknown,6.5939,0.062
10490,Platysteira jamesoni,male,6.8163,0.0421
10491,Platysteira jamesoni,unknown,6.5684,0.0755
10492,Platysteira laticincta,female,6.826,0.0562
10493,Platysteira laticincta,unknown,5.5105,0.0517
10494,Platysteira peltata,female,6.3906,0.0886
10495,Platysteira peltata,unknown,6.8355,0.0824
10496,Platysteira tonsa,unknown,5.9379,0.0642
10497,Plectorhyncha lanceolata,male,5.9847,0.04
10498,Plectorhyncha lanceolata,unknown,5.2485,0.0542
10499,Plectrophenax hyperboreus,female,5.7834,0.0489
10500,Plectrophenax hyperboreus,unknown,6.7476,0.0841
10501,Plectrophenax nivalis,female,6.3526,0.0606
10502,Plectrophenax nivalis,unknown,6.6761,0.0658
10503,Plectropterus gambensis,unknown,5.3977,0.051
10504,Plegadis chihi,unknown,5.9115,0.0616
10505,Plegadis falcinellus,unknown,5.4122,0.0534
10506,Plegadis ridgwayi,unknown,5.0174,0.0617
10507,Plocepasser donaldsoni,unknown,5.2218,0.0491
10508,Plocepasser mahali,unknown,5.6588,0.0558
10509,Plocepasser rufoscapulatus,unknown,4.9223,0.0562
10510,Plocepasser superciliosus,unknown,4.9518,0.0725
10511,Ploceus albinucha,male,4.5988,0.0245
10512,Ploceus albinucha,unknown,5.2426,0.0582
10513,Ploceus alienus,male,6.1733,0.0371
10514,Ploceus alienus,unknown,6.4314,0.0656
10515,Ploceus angolensis,unknown,5.7716,0.0576
10516,Ploceus aurantius,unknown,6.9372,0.0898
10517,Ploceus badius,male,6.0831,0.0859
10518,Ploceus badius,unknown,6.2116,0.0635
10519,Ploceus baglafecht,male,6.0096,0.0429
10520,Ploceus baglafecht,unknown,6.2493,0.0529
10521,Ploceus bannermani,unknown,6.223,0.0614
10522,Ploceus benghalensis,male,6.633,0.0597
10523,Ploceus benghalensis,unknown,6.13,0.0738
10524,Ploceus bertrandi,female,6.136,0.0536
10525,Ploceus bertrandi,male,5.902,NA
10526,Ploceus bertrandi,unknown,6.1234,0.0569
10527,Ploceus bicolor,unknown,6.2109,0.045
10528,Ploceus bojeri,male,6.7234,0.0697
10529,Ploceus bojeri,unknown,7.4394,0.1058
10530,Ploceus burnieri,male,6.2334,0.0511
10531,Ploceus burnieri,unknown,5.8006,0.0406
10532,Ploceus capensis,unknown,6.1277,0.0586
10533,Ploceus castaneiceps,male,6.1714,0.048
10534,Ploceus castaneiceps,unknown,6.4805,0.0793
10535,Ploceus castanops,male,6.4981,0.0358
10536,Ploceus castanops,unknown,6.1372,0.0605
10537,Ploceus cucullatus,female,5.9251,0.0527
10538,Ploceus cucullatus,male,6.8263,0.0963
10539,Ploceus cucullatus,unknown,5.8032,0.057
10540,Ploceus dichrocephalus,unknown,6.2956,0.0636
10541,Ploceus dorsomaculatus,male,5.369,0.0474
10542,Ploceus dorsomaculatus,unknown,5.2122,0.0583
10543,Ploceus galbula,female,5.956,0.0474
10544,Ploceus galbula,male,6.1085,0.0552
10545,Ploceus galbula,unknown,5.7371,0.0656
10546,Ploceus golandi,unknown,5.0849,0.0493
10547,Ploceus grandis,male,5.8606,0.0752
10548,Ploceus grandis,unknown,6.3411,0.06
10549,Ploceus heuglini,male,5.7126,0.0574
10550,Ploceus heuglini,unknown,6.1662,0.0499
10551,Ploceus hypoxanthus,male,6.4062,0.0604
10552,Ploceus hypoxanthus,unknown,7.2126,0.1078
10553,Ploceus insignis,male,6.3842,0.0646
10554,Ploceus insignis,unknown,6.2546,0.0756
10555,Ploceus intermedius,male,6.5867,0.0783
10556,Ploceus intermedius,unknown,6.4555,0.047
10557,Ploceus jacksoni,male,6.0032,0.0832
10558,Ploceus jacksoni,unknown,6.4321,0.0623
10559,Ploceus katangae,unknown,6.2071,0.0655
10560,Ploceus luteolus,female,5.3073,0.0645
10561,Ploceus luteolus,male,5.9807,0.0495
10562,Ploceus luteolus,unknown,5.9672,0.0631
10563,Ploceus manyar,female,5.1299,0.0536
10564,Ploceus manyar,male,6.2915,0.0732
10565,Ploceus manyar,unknown,5.8409,0.0598
10566,Ploceus megarhynchus,male,5.947,0.0062
10567,Ploceus megarhynchus,unknown,4.9617,0.0544
10568,Ploceus melanocephalus,female,5.5427,0.0492
10569,Ploceus melanocephalus,male,6.9213,0.0831
10570,Ploceus melanocephalus,unknown,7.0716,0.1083
10571,Ploceus melanogaster,unknown,6.245,0.0657
10572,Ploceus nelicourvi,female,6.3467,0.0305
10573,Ploceus nelicourvi,male,6.0143,0.0617
10574,Ploceus nelicourvi,unknown,6.4664,0.1073
10575,Ploceus nicolli,male,5.9044,0.0561
10576,Ploceus nicolli,unknown,6.1966,0.0484
10577,Ploceus nigerrimus,male,5.994,0.0457
10578,Ploceus nigerrimus,unknown,5.8624,0.0599
10579,Ploceus nigricollis,male,6.7045,0.0563
10580,Ploceus nigricollis,unknown,6.2105,0.0672
10581,Ploceus nigrimentus,unknown,5.6382,0.0631
10582,Ploceus ocularis,male,6.4301,0.0742
10583,Ploceus ocularis,unknown,6.0042,0.0547
10584,Ploceus olivaceiceps,male,6.0688,0.0558
10585,Ploceus olivaceiceps,unknown,6.2702,0.0586
10586,Ploceus pelzelni,unknown,6.1716,0.0736
10587,Ploceus philippinus,male,5.9378,0.0462
10588,Ploceus philippinus,unknown,5.581,0.0522
10589,Ploceus preussi,male,6.1185,0.067
10590,Ploceus preussi,unknown,6.2272,0.0605
10591,Ploceus princeps,female,6.0601,0.0444
10592,Ploceus princeps,male,6.497,NA
10593,Ploceus princeps,unknown,6.0288,0.0566
10594,Ploceus rubiginosus,male,5.617,0.0439
10595,Ploceus rubiginosus,unknown,5.1956,0.0616
10596,Ploceus sakalava,male,6.2356,0.0596
10597,Ploceus sakalava,unknown,6.0441,0.0641
10598,Ploceus sanctithomae,unknown,5.9808,0.0804
10599,Ploceus spekei,unknown,6.2496,0.0549
10600,Ploceus spekeoides,unknown,3.7379,0.1171
10601,Ploceus subaureus,male,6.5059,0.0767
10602,Ploceus subaureus,unknown,6.2483,0.0466
10603,Ploceus subpersonatus,female,4.9602,0.0484
10604,Ploceus subpersonatus,male,6.1827,0.0458
10605,Ploceus subpersonatus,unknown,6.839,0.0763
10606,Ploceus taeniopterus,female,5.5711,0.054
10607,Ploceus taeniopterus,male,5.9411,0.0437
10608,Ploceus taeniopterus,unknown,6.4085,0.0726
10609,Ploceus temporalis,male,5.6273,0.0576
10610,Ploceus temporalis,unknown,5.3313,0.0525
10611,Ploceus tricolor,unknown,5.6008,0.0483
10612,Ploceus velatus,male,6.7085,0.1014
10613,Ploceus velatus,unknown,5.9064,0.0608
10614,Ploceus vitellinus,unknown,6.0887,0.0774
10615,Ploceus weynsi,male,6.025,0.053
10616,Ploceus weynsi,unknown,5.2794,0.0421
10617,Ploceus xanthops,male,6.1193,0.0653
10618,Ploceus xanthops,unknown,6.5273,0.0695
10619,Ploceus xanthopterus,female,6.0047,0.0528
10620,Ploceus xanthopterus,male,6.3937,0.0112
10621,Ploceus xanthopterus,unknown,6.4189,0.0756
10622,Pluvialis apricaria,unknown,6.5766,0.0678
10623,Pluvialis dominica,male,6.0652,0.0473
10624,Pluvialis dominica,unknown,5.7156,0.0729
10625,Pluvialis fulva,male,5.8583,0.036
10626,Pluvialis fulva,unknown,6.5584,0.0695
10627,Pluvialis squatarola,unknown,6.2482,0.0682
10628,Pluvianellus socialis,unknown,5.9054,0.0483
10629,Pluvianus aegyptius,unknown,6.0936,0.0576
10630,Pnoepyga albiventer,unknown,5.8836,0.0537
10631,Pnoepyga formosana,unknown,6.5603,0.0519
10632,Pnoepyga immaculata,unknown,6.2676,0.0689
10633,Pnoepyga mutica,unknown,5.8447,0.0536
10634,Pnoepyga pusilla,unknown,6.3396,0.0626
10635,Podargus ocellatus,unknown,5.5694,0.0525
10636,Podargus papuensis,unknown,5.6441,0.055
10637,Podargus strigoides,unknown,5.465,0.0646
10638,Podica senegalensis,unknown,5.2848,0.0474
10639,Podiceps auritus,unknown,5.5544,0.0532
10640,Podiceps cristatus,female,6.7223,0.0752
10641,Podiceps cristatus,unknown,6.8044,0.0799
10642,Podiceps gallardoi,unknown,6.5337,0.0744
10643,Podiceps grisegena,male,5.6545,0.0516
10644,Podiceps grisegena,unknown,5.6583,0.0631
10645,Podiceps major,unknown,5.8425,0.0554
10646,Podiceps nigricollis,unknown,5.6727,0.0685
10647,Podiceps occipitalis,unknown,5.8405,0.0684
10648,Podiceps taczanowskii,unknown,5.8516,0.0683
10649,Podilymbus podiceps,unknown,5.9957,0.0629
10650,Podoces biddulphi,unknown,5.8231,0.0617
10651,Podoces hendersoni,unknown,6.0614,0.0607
10652,Podoces panderi,unknown,6.2008,0.0815
10653,Podoces pleskei,unknown,5.9485,0.0736
10654,Poecile atricapillus,unknown,6.4338,0.0746
10655,Poecile carolinensis,unknown,5.993,0.0617
10656,Poecile cinctus,unknown,6.8219,0.0952
10657,Poecile davidi,unknown,6.074,0.0627
10658,Poecile gambeli,unknown,6.5552,0.0593
10659,Poecile hudsonicus,unknown,6.5507,0.0672
10660,Poecile hypermelaenus,unknown,6.0273,0.0544
10661,Poecile hyrcanus,unknown,6.612,0.0705
10662,Poecile lugubris,unknown,6.7305,0.0781
10663,Poecile montanus,unknown,6.7965,0.0917
10664,Poecile palustris,unknown,6.6013,0.0727
10665,Poecile rufescens,unknown,6.164,0.0634
10666,Poecile sclateri,unknown,5.6916,0.0596
10667,Poecile superciliosus,unknown,5.3386,0.0587
10668,Poecile weigoldicus,unknown,6.4072,0.0616
10669,Poecilodryas albonotata,male,5.883,0.0593
10670,Poecilodryas albonotata,unknown,5.9337,0.0695
10671,Poecilodryas brachyura,unknown,6.1745,0.0389
10672,Poecilodryas cerviniventris,unknown,6.114,0.0732
10673,Poecilodryas hypoleuca,male,6.3076,0.035
10674,Poecilodryas hypoleuca,unknown,6.1987,0.0883
10675,Poecilodryas placens,unknown,5.1779,0.0551
10676,Poecilodryas superciliosa,unknown,6.3427,0.0544
10677,Poecilostreptus cabanisi,male,6.21,0.0615
10678,Poecilostreptus cabanisi,unknown,6.9932,0.095
10679,Poecilostreptus palmeri,unknown,6.5747,0.0594
10680,Poecilotriccus albifacies,male,5.4543,0.0137
10681,Poecilotriccus albifacies,unknown,5.4362,0.0522
10682,Poecilotriccus calopterus,unknown,6.0774,0.0613
10683,Poecilotriccus capitalis,female,6.3369,0.0495
10684,Poecilotriccus capitalis,male,6.0614,0.0474
10685,Poecilotriccus capitalis,unknown,6.1881,0.0616
10686,Poecilotriccus fumifrons,unknown,5.4595,0.0545
10687,Poecilotriccus latirostris,unknown,5.606,0.0679
10688,Poecilotriccus luluae,unknown,6.785,0.0659
10689,Poecilotriccus plumbeiceps,unknown,6.0042,0.0636
10690,Poecilotriccus pulchellus,male,5.908,0.0108
10691,Poecilotriccus pulchellus,unknown,6.7091,0.0742
10692,Poecilotriccus ruficeps,unknown,6.3431,0.0592
10693,Poecilotriccus russatus,unknown,5.2942,0.0579
10694,Poecilotriccus senex,female,5.7169,0.058
10695,Poecilotriccus senex,unknown,5.3418,0.0597
10696,Poecilotriccus sylvia,unknown,5.4928,0.058
10697,Poeoptera femoralis,unknown,4.8414,0.0586
10698,Poeoptera kenricki,unknown,5.7279,0.0659
10699,Poeoptera lugubris,male,5.8483,0.0639
10700,Poeoptera lugubris,unknown,5.8057,0.0652
10701,Poeoptera stuhlmanni,male,4.9742,0.0598
10702,Poeoptera stuhlmanni,unknown,5.1079,0.0571
10703,Poephila acuticauda,unknown,6.5538,0.0677
10704,Poephila cincta,male,6.9045,0.0418
10705,Poephila cincta,unknown,6.754,0.0788
10706,Poephila personata,unknown,6.397,0.0729
10707,Pogoniulus atroflavus,unknown,6.5459,0.0772
10708,Pogoniulus bilineatus,unknown,6.2518,0.0578
10709,Pogoniulus chrysoconus,unknown,5.4677,0.0608
10710,Pogoniulus coryphaea,male,6.335,0.0962
10711,Pogoniulus coryphaea,unknown,6.0945,0.0484
10712,Pogoniulus leucomystax,unknown,6.1847,0.077
10713,Pogoniulus pusillus,unknown,6.4868,0.0747
10714,Pogoniulus scolopaceus,unknown,5.7277,0.065
10715,Pogoniulus simplex,male,4.5876,0.0852
10716,Pogoniulus simplex,unknown,5.0334,0.0518
10717,Pogoniulus subsulphureus,male,6.8761,0.0398
10718,Pogoniulus subsulphureus,unknown,6.3324,0.0805
10719,Pogonocichla stellata,unknown,6.5757,0.083
10720,Poicephalus cryptoxanthus,unknown,6.3456,0.0509
10721,Poicephalus flavifrons,unknown,6.4848,0.0791
10722,Poicephalus fuscicollis,female,6.1182,0.0675
10723,Poicephalus fuscicollis,male,6.354,0.0514
10724,Poicephalus fuscicollis,unknown,6.5278,0.0576
10725,Poicephalus gulielmi,unknown,6.6058,0.0862
10726,Poicephalus meyeri,unknown,6.9374,0.1098
10727,Poicephalus robustus,unknown,5.7938,0.0572
10728,Poicephalus rueppellii,unknown,6.5992,0.0613
10729,Poicephalus rufiventris,female,5.7107,0.0599
10730,Poicephalus rufiventris,male,6.3475,0.0111
10731,Poicephalus rufiventris,unknown,6.0141,0.0626
10732,Poicephalus senegalus,unknown,6.2355,0.0799
10733,Polemaetus bellicosus,unknown,6.4979,0.0674
10734,Polihierax insignis,female,6.3873,0.0594
10735,Polihierax insignis,unknown,6.2544,0.0602
10736,Polihierax semitorquatus,female,6.1031,0.0645
10737,Polihierax semitorquatus,male,6.781,NA
10738,Polihierax semitorquatus,unknown,6.3278,0.0752
10739,Poliocephalus poliocephalus,unknown,5.1288,0.0543
10740,Poliocephalus rufopectus,unknown,5.3491,0.0594
10741,Poliocrania exsul,unknown,6.0863,0.0645
10742,Poliolais lopezi,male,5.7036,0.0518
10743,Poliolais lopezi,unknown,4.8189,0.0506
10744,Polioptila albiloris,male,5.7906,0.0541
10745,Polioptila albiloris,unknown,5.065,0.0559
10746,Polioptila albiventris,female,5.9953,0.1102
10747,Polioptila albiventris,male,5.7821,0.0603
10748,Polioptila albiventris,unknown,6.0004,0.06
10749,Polioptila attenboroughi,unknown,4.2105,0.0655
10750,Polioptila caerulea,male,5.419,0.054
10751,Polioptila caerulea,unknown,6.3635,0.0578
10752,Polioptila californica,male,6.0227,0.0537
10753,Polioptila californica,unknown,5.9855,0.0562
10754,Polioptila clementsi,unknown,4.048,0.1017
10755,Polioptila dumicola,male,5.5859,0.061
10756,Polioptila dumicola,unknown,6.4714,0.0639
10757,Polioptila guianensis,male,5.2124,0.0481
10758,Polioptila guianensis,unknown,4.7057,0.0673
10759,Polioptila lactea,male,5.3998,0.0495
10760,Polioptila lactea,unknown,5.5514,0.0399
10761,Polioptila lembeyei,unknown,6.6492,0.07
10762,Polioptila melanura,unknown,6.281,0.0637
10763,Polioptila nigriceps,female,6.048,NA
10764,Polioptila nigriceps,male,5.7063,0.0547
10765,Polioptila nigriceps,unknown,7.0311,0.0898
10766,Polioptila paraensis,male,5.076,0.054
10767,Polioptila paraensis,unknown,4.7172,0.0464
10768,Polioptila plumbea,unknown,5.9565,0.0565
10769,Polioptila schistaceigula,unknown,5.6348,0.0647
10770,Polioxolmis rufipennis,unknown,4.9828,0.0619
10771,Polyboroides radiatus,unknown,6.6998,0.0674
10772,Polyboroides typus,female,6.2469,0.0573
10773,Polyboroides typus,unknown,6.3007,0.0567
10774,Polyonymus caroli,male,7.2598,0.0764
10775,Polyonymus caroli,unknown,6.7223,0.0737
10776,Polyplectron bicalcaratum,female,5.3178,0.0283
10777,Polyplectron bicalcaratum,male,6.4174,0.0577
10778,Polyplectron bicalcaratum,unknown,6.3256,0.0519
10779,Polyplectron chalcurum,male,5.403,0.0447
10780,Polyplectron chalcurum,unknown,4.8043,0.0659
10781,Polyplectron germaini,male,5.8555,0.0333
10782,Polyplectron germaini,unknown,6.4439,0.0723
10783,Polyplectron inopinatum,unknown,6.9286,0.0788
10784,Polyplectron katsumatae,unknown,4.5268,0.0702
10785,Polyplectron malacense,male,6.6074,0.0591
10786,Polyplectron malacense,unknown,6.4147,0.0793
10787,Polyplectron napoleonis,male,6.8359,0.0614
10788,Polyplectron napoleonis,unknown,7.2539,0.1
10789,Polysticta stelleri,male,6.0442,0.0576
10790,Polysticta stelleri,unknown,6.1023,0.0514
10791,Polystictus pectoralis,female,5.4043,0.0437
10792,Polystictus pectoralis,male,6.3086,0.0695
10793,Polystictus pectoralis,unknown,5.701,0.0573
10794,Polystictus superciliaris,male,5.5903,0.041
10795,Polystictus superciliaris,unknown,6.4193,0.0675
10796,Polytelis alexandrae,unknown,6.4723,0.0657
10797,Polytelis anthopeplus,male,6.6849,0.0517
10798,Polytelis anthopeplus,unknown,6.8556,0.1231
10799,Polytelis swainsonii,female,7.1676,0.0483
10800,Polytelis swainsonii,male,6.9222,0.0772
10801,Polytelis swainsonii,unknown,7.6941,0.1155
10802,Polytmus guainumbi,female,6.6791,0.0683
10803,Polytmus guainumbi,male,6.9917,0.033
10804,Polytmus guainumbi,unknown,7.1542,0.1344
10805,Polytmus milleri,unknown,6.9769,0.0964
10806,Polytmus theresiae,male,7.3702,0.0998
10807,Polytmus theresiae,unknown,7.035,0.0809
10808,Pomarea dimidiata,unknown,5.494,0.0424
10809,Pomarea iphis,unknown,4.7419,0.0654
10810,Pomarea mendozae,unknown,4.5802,0.0544
10811,Pomarea nigra,female,5.2184,0.0246
10812,Pomarea nigra,male,5.3318,0.0352
10813,Pomarea nigra,unknown,4.6338,0.0904
10814,Pomarea whitneyi,unknown,5.1763,0.0582
10815,Pomatorhinus ferruginosus,unknown,5.753,0.0565
10816,Pomatorhinus horsfieldii,unknown,5.4147,0.0456
10817,Pomatorhinus melanurus,unknown,5.5577,0.0585
10818,Pomatorhinus montanus,unknown,5.9314,0.0571
10819,Pomatorhinus musicus,unknown,5.714,0.0599
10820,Pomatorhinus ochraceiceps,unknown,6.0221,0.0471
10821,Pomatorhinus ruficollis,male,5.777,0.0752
10822,Pomatorhinus ruficollis,unknown,5.7837,0.0462
10823,Pomatorhinus schisticeps,unknown,6.4379,0.0696
10824,Pomatorhinus superciliaris,unknown,5.9367,0.0553
10825,Pomatostomus halli,unknown,5.9325,0.0586
10826,Pomatostomus isidorei,unknown,4.6682,0.0705
10827,Pomatostomus ruficeps,unknown,5.8414,0.0461
10828,Pomatostomus superciliosus,unknown,5.944,0.0627
10829,Pomatostomus temporalis,unknown,5.7577,0.0557
10830,Poodytes albolimbatus,unknown,4.6245,0.0655
10831,Poodytes carteri,unknown,4.7316,0.0627
10832,Poodytes gramineus,unknown,5.4247,0.0512
10833,Poodytes punctatus,unknown,4.9865,0.0637
10834,Pooecetes gramineus,unknown,4.5769,0.0619
10835,Poospiza baeri,unknown,5.7246,0.0598
10836,Poospiza boliviana,unknown,6.001,0.0538
10837,Poospiza garleppi,male,6.856,0.0802
10838,Poospiza garleppi,unknown,5.8865,0.0489
10839,Poospiza goeringi,unknown,5.2714,0.0447
10840,Poospiza hispaniolensis,unknown,5.0721,0.0558
10841,Poospiza nigrorufa,unknown,5.9788,0.0555
10842,Poospiza ornata,unknown,5.8649,0.0616
10843,Poospiza rubecula,male,6.0035,0.0743
10844,Poospiza rubecula,unknown,6.5363,0.0595
10845,Poospiza rufosuperciliaris,unknown,6.6402,0.0638
10846,Poospiza whitii,male,6.7267,0.0673
10847,Poospiza whitii,unknown,5.9216,0.0416
10848,Poospizopsis caesar,male,6.551,0.049
10849,Poospizopsis caesar,unknown,5.7856,0.056
10850,Poospizopsis hypochondria,unknown,5.2081,0.0502
10851,Porphyrio alleni,unknown,5.0501,0.0608
10852,Porphyrio flavirostris,unknown,5.2984,0.0538
10853,Porphyrio hochstetteri,unknown,4.8756,0.0602
10854,Porphyrio indicus,unknown,5.1644,0.0519
10855,Porphyrio madagascariensis,unknown,6.2061,0.0644
10856,Porphyrio martinica,unknown,5.8955,0.0623
10857,Porphyrio melanotus,unknown,5.7662,0.0466
10858,Porphyrio poliocephalus,unknown,6.1366,0.0604
10859,Porphyrio porphyrio,unknown,5.4095,0.062
10860,Porphyrio pulverulentus,unknown,5.558,0.0481
10861,Porphyriops melanops,unknown,5.4896,0.0536
10862,Porphyrolaema porphyrolaema,unknown,5.5537,0.0548
10863,Porphyrospiza alaudina,male,5.3406,0.0635
10864,Porphyrospiza alaudina,unknown,5.4804,0.0534
10865,Porphyrospiza caerulescens,male,7.0761,0.0614
10866,Porphyrospiza caerulescens,unknown,6.9817,0.0886
10867,Porphyrospiza carbonaria,female,5.6996,0.0432
10868,Porphyrospiza carbonaria,male,5.3685,0.0766
10869,Porphyrospiza carbonaria,unknown,5.7128,0.0392
10870,Porzana carolina,male,5.334,NA
10871,Porzana carolina,unknown,5.1683,0.0607
10872,Porzana fluminea,unknown,5.6245,0.0526
10873,Porzana porzana,unknown,5.3298,0.0423
10874,Porzana spiloptera,unknown,4.9426,0.0608
10875,Premnoplex brunnescens,unknown,5.9079,0.0499
10876,Premnoplex tatei,unknown,4.7292,0.0512
10877,Premnornis guttuliger,unknown,5.5507,0.0537
10878,Primolius auricollis,unknown,6.3153,0.077
10879,Primolius couloni,unknown,6.9424,0.0921
10880,Primolius maracana,unknown,7.4715,0.1092
10881,Prinia atrogularis,unknown,5.1996,0.066
10882,Prinia bairdii,unknown,5.4752,0.0579
10883,Prinia buchanani,unknown,4.7489,0.0574
10884,Prinia cinereocapilla,unknown,5.2064,0.0518
10885,Prinia crinigera,male,5.196,0.0595
10886,Prinia crinigera,unknown,5.3032,0.0547
10887,Prinia erythroptera,unknown,5.1577,0.0651
10888,Prinia familiaris,unknown,5.3112,0.056
10889,Prinia flavicans,unknown,5.2998,0.0431
10890,Prinia flaviventris,unknown,5.9281,0.063
10891,Prinia fluviatilis,unknown,4.8833,0.056
10892,Prinia gracilis,unknown,5.2163,0.0505
10893,Prinia hodgsonii,unknown,5.5439,0.0475
10894,Prinia hypoxantha,unknown,5.3958,0.0556
10895,Prinia inornata,unknown,5.3983,0.0582
10896,Prinia maculosa,unknown,5.1227,0.0437
10897,Prinia molleri,unknown,5.3327,0.0499
10898,Prinia polychroa,unknown,4.9927,0.0512
10899,Prinia rufescens,unknown,5.8701,0.0494
10900,Prinia rufifrons,unknown,5.483,0.0559
10901,Prinia socialis,male,6.0138,0.0682
10902,Prinia socialis,unknown,6.0481,0.0796
10903,Prinia somalica,unknown,5.453,0.0549
10904,Prinia subflava,unknown,5.5227,0.0488
10905,Prinia superciliaris,unknown,5.5565,0.0511
10906,Prinia sylvatica,unknown,4.9794,0.0631
10907,Prioniturus discurus,unknown,6.5522,0.0802
10908,Prioniturus flavicans,unknown,6.4496,0.0647
10909,Prioniturus luconensis,female,7.4355,0.0157
10910,Prioniturus luconensis,unknown,6.761,0.0615
10911,Prioniturus mada,male,6.636,0.0798
10912,Prioniturus mada,unknown,6.1285,0.0726
10913,Prioniturus mindorensis,unknown,5.3014,0.0714
10914,Prioniturus montanus,unknown,4.7979,0.0711
10915,Prioniturus platenae,male,7.1643,0.0856
10916,Prioniturus platenae,unknown,7.3744,0.1026
10917,Prioniturus platurus,unknown,6.5947,0.0777
10918,Prioniturus waterstradti,unknown,6.0173,0.0568
10919,Prionochilus maculatus,female,5.3016,0.0523
10920,Prionochilus maculatus,unknown,6.4635,0.081
10921,Prionochilus olivaceus,unknown,5.7917,0.0523
10922,Prionochilus percussus,female,5.588,0.0443
10923,Prionochilus percussus,male,6.8473,0.0529
10924,Prionochilus percussus,unknown,6.9234,0.0863
10925,Prionochilus plateni,male,5.586,0.0577
10926,Prionochilus plateni,unknown,6.2375,0.0525
10927,Prionochilus thoracicus,female,6.311,0.0735
10928,Prionochilus thoracicus,male,6.1963,0.0647
10929,Prionochilus thoracicus,unknown,6.0375,0.0709
10930,Prionochilus xanthopygius,male,6.7829,0.0897
10931,Prionochilus xanthopygius,unknown,5.9374,0.0488
10932,Prionops caniceps,unknown,5.6373,0.0533
10933,Prionops gabela,unknown,5.6443,0.0583
10934,Prionops plumatus,unknown,6.5107,0.0721
10935,Prionops poliolophus,unknown,6.2451,0.0748
10936,Prionops retzii,unknown,6.3003,0.0768
10937,Prionops rufiventris,unknown,6.1674,0.0639
10938,Prionops scopifrons,unknown,5.6301,0.0622
10939,Priotelus roseigaster,male,8.0647,0.109
10940,Priotelus roseigaster,unknown,6.8024,0.1097
10941,Priotelus temnurus,male,7.1608,0.0738
10942,Priotelus temnurus,unknown,7.529,0.1123
10943,Probosciger aterrimus,unknown,6.6031,0.0958
10944,Procarduelis nipalensis,male,5.6573,0.0581
10945,Procarduelis nipalensis,unknown,6.8482,0.0884
10946,Procellaria aequinoctialis,unknown,5.3756,0.0416
10947,Procellaria cinerea,unknown,5.1382,0.0565
10948,Procellaria conspicillata,unknown,4.5257,0.0554
10949,Procellaria parkinsoni,unknown,5.2157,0.0501
10950,Procellaria westlandica,unknown,4.856,0.0573
10951,Procnias albus,male,5.5538,0.0539
10952,Procnias albus,unknown,5.9724,0.0541
10953,Procnias averano,unknown,5.62,0.0596
10954,Procnias nudicollis,male,6.2736,0.069
10955,Procnias nudicollis,unknown,6.4716,0.0714
10956,Procnias tricarunculatus,male,7.0768,0.0521
10957,Procnias tricarunculatus,unknown,6.673,0.0808
10958,Prodotiscus insignis,unknown,5.1482,0.057
10959,Prodotiscus regulus,unknown,4.5094,0.0663
10960,Prodotiscus zambesiae,unknown,5.1231,0.0455
10961,Progne chalybea,unknown,5.5319,0.0685
10962,Progne cryptoleuca,female,5.695,0.0496
10963,Progne cryptoleuca,unknown,5.7308,0.0536
10964,Progne dominicensis,female,5.7105,0.0217
10965,Progne dominicensis,male,6.1573,0.0714
10966,Progne dominicensis,unknown,5.9356,0.0634
10967,Progne elegans,unknown,5.6182,0.063
10968,Progne modesta,female,5.5573,0.0459
10969,Progne modesta,male,5.7083,0.0384
10970,Progne modesta,unknown,5.8003,0.0642
10971,Progne murphyi,female,4.6805,0.0431
10972,Progne murphyi,unknown,5.394,0.039
10973,Progne sinaloae,unknown,5.3062,0.0632
10974,Progne subis,male,6.2125,0.0444
10975,Progne subis,unknown,5.9314,0.0567
10976,Progne tapera,unknown,5.7311,0.0403
10977,Promerops cafer,male,6.178,0.0642
10978,Promerops cafer,unknown,6.3142,0.0794
10979,Promerops gurneyi,unknown,6.528,0.067
10980,Prosobonia parvirostris,unknown,5.1397,0.0509
10981,Prosopeia personata,unknown,6.5835,0.0768
10982,Prosopeia splendens,unknown,6.9563,0.0802
10983,Prosopeia tabuensis,unknown,6.7827,0.0844
10984,Prosthemadera novaeseelandiae,unknown,6.0257,0.0628
10985,Protonotaria citrea,unknown,6.8618,0.086
10986,Prunella atrogularis,male,5.5802,0.072
10987,Prunella atrogularis,unknown,5.5527,0.0532
10988,Prunella collaris,unknown,5.4669,0.0576
10989,Prunella fagani,unknown,4.4762,0.0673
10990,Prunella fulvescens,unknown,5.2521,0.051
10991,Prunella himalayana,female,5.534,NA
10992,Prunella himalayana,male,5.3312,0.0312
10993,Prunella himalayana,unknown,4.8162,0.071
10994,Prunella immaculata,unknown,5.848,0.0489
10995,Prunella koslowi,unknown,5.3267,0.0646
10996,Prunella modularis,male,5.0892,0.0573
10997,Prunella modularis,unknown,5.2357,0.0556
10998,Prunella montanella,unknown,5.6577,0.0622
10999,Prunella ocularis,unknown,5.0743,0.0739
11000,Prunella rubeculoides,male,5.7191,0.0379
11001,Prunella rubeculoides,unknown,5.5351,0.0659
11002,Prunella rubida,male,4.7099,0.0702
11003,Prunella rubida,unknown,5.1195,0.0566
11004,Prunella strophiata,unknown,5.9826,0.0494
11005,Psalidoprocne albiceps,unknown,5.6707,0.0531
11006,Psalidoprocne fuliginosa,unknown,5.7552,0.0499
11007,Psalidoprocne nitens,unknown,4.8378,0.0444
11008,Psalidoprocne obscura,unknown,5.1385,0.0664
11009,Psalidoprocne pristoptera,unknown,5.9539,0.0623
11010,Psaltria exilis,unknown,5.3391,0.0561
11011,Psaltriparus minimus,male,7.045,NA
11012,Psaltriparus minimus,unknown,6.0893,0.0581
11013,Psarisomus dalhousiae,unknown,6.8264,0.0863
11014,Psarocolius angustifrons,unknown,5.7109,0.0522
11015,Psarocolius atrovirens,male,5.8668,0.0331
11016,Psarocolius atrovirens,unknown,5.3593,0.0568
11017,Psarocolius bifasciatus,unknown,5.747,0.0674
11018,Psarocolius cassini,unknown,5.4795,0.0535
11019,Psarocolius decumanus,unknown,6.8136,0.0903
11020,Psarocolius guatimozinus,unknown,6.3528,0.0628
11021,Psarocolius montezuma,unknown,6.4317,0.0929
11022,Psarocolius viridis,male,6.7053,0.0215
11023,Psarocolius viridis,unknown,5.6355,0.0554
11024,Psarocolius wagleri,male,5.371,0.0251
11025,Psarocolius wagleri,unknown,5.9047,0.0742
11026,Psephotus chrysopterygius,female,7.109,NA
11027,Psephotus chrysopterygius,male,7.0408,0.0839
11028,Psephotus chrysopterygius,unknown,7.1332,0.0852
11029,Psephotus dissimilis,unknown,6.998,0.0826
11030,Psephotus haematonotus,male,7.5178,0.1047
11031,Psephotus haematonotus,unknown,7.3775,0.1234
11032,Psephotus varius,unknown,7.6001,0.0926
11033,Pseudasthenes cactorum,unknown,4.9339,0.0656
11034,Pseudasthenes humicola,unknown,5.3097,0.0488
11035,Pseudasthenes patagonica,unknown,5.0403,0.0578
11036,Pseudasthenes steinbachi,unknown,5.4493,0.0673
11037,Pseudastur albicollis,unknown,6.8983,0.0799
11038,Pseudastur occidentalis,unknown,6.847,0.0758
11039,Pseudastur polionotus,unknown,6.6729,0.0627
11040,Pseudelaenia leucospodia,unknown,5.0305,0.0445
11041,Pseudeos fuscata,unknown,4.6195,0.0731
11042,Pseudhirundo griseopyga,unknown,5.8564,0.0585
11043,Pseudibis davisoni,unknown,4.9905,0.0545
11044,Pseudibis gigantea,unknown,4.2788,0.0766
11045,Pseudibis papillosa,unknown,5.5178,0.0501
11046,Pseudobias wardi,unknown,6.007,0.0628
11047,Pseudobulweria aterrima,unknown,4.9915,0.0613
11048,Pseudobulweria becki,unknown,4.5509,0.0721
11049,Pseudobulweria macgillivrayi,unknown,4.9342,0.0689
11050,Pseudobulweria rostrata,unknown,4.9921,0.0509
11051,Pseudocalyptomena graueri,unknown,6.3337,0.0696
11052,Pseudochelidon eurystomina,unknown,5.3255,0.061
11053,Pseudocolaptes boissonneautii,unknown,5.5458,0.0586
11054,Pseudocolaptes lawrencii,unknown,5.4869,0.0565
11055,Pseudocolopteryx acutipennis,male,6.306,0.0466
11056,Pseudocolopteryx acutipennis,unknown,5.9058,0.0509
11057,Pseudocolopteryx citreola,unknown,5.7358,0.0494
11058,Pseudocolopteryx dinelliana,unknown,5.5278,0.0497
11059,Pseudocolopteryx flaviventris,unknown,5.5506,0.0549
11060,Pseudocolopteryx sclateri,male,5.426,0.0499
11061,Pseudocolopteryx sclateri,unknown,6.1105,0.0561
11062,Pseudoleistes guirahuro,unknown,5.4666,0.0607
11063,Pseudoleistes virescens,unknown,5.9793,0.0595
11064,Pseudonestor xanthophrys,unknown,5.7494,0.0546
11065,Pseudonigrita arnaudi,unknown,6.1466,0.0519
11066,Pseudonigrita cabanisi,unknown,5.7141,0.0413
11067,Pseudopodoces humilis,unknown,5.4038,0.0535
11068,Pseudorectes ferrugineus,unknown,4.6316,0.0568
11069,Pseudorectes incertus,unknown,4.9633,0.0468
11070,Pseudosaltator rufiventris,unknown,6.2623,0.0651
11071,Pseudoscops grammicus,unknown,7.4555,0.1263
11072,Pseudoseisura cristata,unknown,6.3319,0.0666
11073,Pseudoseisura gutturalis,unknown,5.3555,0.0585
11074,Pseudoseisura lophotes,unknown,5.6374,0.0586
11075,Pseudoseisura unirufa,unknown,5.8915,0.0657
11076,Pseudospingus verticalis,unknown,5.6023,0.0496
11077,Pseudospingus xanthophthalmus,unknown,4.9711,0.0498
11078,Pseudotriccus pelzelni,unknown,6.0537,0.0545
11079,Pseudotriccus ruficeps,unknown,6.1519,0.0619
11080,Pseudotriccus simplex,male,4.813,0.0395
11081,Pseudotriccus simplex,unknown,5.9203,0.0526
11082,Psilopogon annamensis,unknown,7.1028,0.1057
11083,Psilopogon armillaris,unknown,6.7228,0.08
11084,Psilopogon asiaticus,male,6.4847,0.0787
11085,Psilopogon asiaticus,unknown,6.5934,0.055
11086,Psilopogon auricularis,unknown,7.0431,0.0965
11087,Psilopogon australis,unknown,6.3062,0.0688
11088,Psilopogon chersonesus,unknown,6.2081,0.0608
11089,Psilopogon chrysopogon,unknown,6.7476,0.0868
11090,Psilopogon corvinus,unknown,6.173,0.0625
11091,Psilopogon duvaucelii,female,7.0223,0.0493
11092,Psilopogon duvaucelii,male,6.1903,0.0321
11093,Psilopogon duvaucelii,unknown,6.4584,0.0565
11094,Psilopogon eximius,unknown,5.4253,0.0491
11095,Psilopogon faber,unknown,6.7791,0.0935
11096,Psilopogon faiostrictus,unknown,5.8234,0.0557
11097,Psilopogon flavifrons,unknown,6.9583,0.0839
11098,Psilopogon franklinii,unknown,7.0635,0.1074
11099,Psilopogon haemacephalus,unknown,7.0126,0.0834
11100,Psilopogon henricii,unknown,7.5737,0.1177
11101,Psilopogon incognitus,unknown,6.879,0.0892
11102,Psilopogon javensis,unknown,6.4007,0.0929
11103,Psilopogon lagrandieri,male,6.5485,0.0495
11104,Psilopogon lagrandieri,unknown,5.4429,0.0497
11105,Psilopogon lineatus,unknown,6.4956,0.0598
11106,Psilopogon malabaricus,unknown,6.6963,0.0752
11107,Psilopogon monticola,unknown,6.5756,0.0798
11108,Psilopogon mystacophanos,male,6.3512,0.0606
11109,Psilopogon mystacophanos,unknown,6.0739,0.0689
11110,Psilopogon nuchalis,unknown,7.0113,0.0918
11111,Psilopogon oorti,unknown,7.2954,0.0709
11112,Psilopogon pulcherrimus,unknown,7.1584,0.0948
11113,Psilopogon pyrolophus,unknown,6.0013,0.0519
11114,Psilopogon rafflesii,unknown,5.9778,0.0644
11115,Psilopogon rubricapillus,unknown,6.3017,0.0716
11116,Psilopogon virens,unknown,6.3777,0.0661
11117,Psilopogon viridis,unknown,7.1698,0.0801
11118,Psilopogon zeylanicus,unknown,6.6512,0.0735
11119,Psilopsiagon aurifrons,unknown,6.7618,0.0695
11120,Psilopsiagon aymara,unknown,6.6817,0.0807
11121,Psilorhamphus guttatus,male,5.0871,0.0407
11122,Psilorhamphus guttatus,unknown,5.1721,0.0521
11123,Psilorhinus morio,unknown,5.6423,0.0654
11124,Psiloscops flammeolus,unknown,6.9497,0.0906
11125,Psittacara brevipes,unknown,6.6214,0.0803
11126,Psittacara chloropterus,unknown,6.9485,0.0824
11127,Psittacara erythrogenys,unknown,7.4923,0.1131
11128,Psittacara euops,unknown,6.6292,0.0794
11129,Psittacara finschi,unknown,6.5043,0.0809
11130,Psittacara holochlorus,unknown,6.8429,0.0784
11131,Psittacara leucophthalmus,unknown,7.0529,0.1128
11132,Psittacara mitratus,unknown,7.1915,0.105
11133,Psittacara strenuus,unknown,6.6537,0.0669
11134,Psittacara wagleri,unknown,6.8744,0.0797
11135,Psittacella brehmii,male,7.5445,0.0835
11136,Psittacella brehmii,unknown,6.7621,0.0771
11137,Psittacella madaraszi,unknown,6.3799,0.0587
11138,Psittacella modesta,unknown,5.7825,0.0638
11139,Psittacella picta,male,6.7131,0.0713
11140,Psittacella picta,unknown,6.3125,0.0665
11141,Psittacula alexandri,unknown,7.1565,0.0723
11142,Psittacula calthrapae,unknown,6.6599,0.0715
11143,Psittacula caniceps,unknown,6.402,0.074
11144,Psittacula columboides,male,7.095,0.0832
11145,Psittacula columboides,unknown,7.628,0.121
11146,Psittacula cyanocephala,male,6.9047,0.0841
11147,Psittacula cyanocephala,unknown,6.9876,0.0996
11148,Psittacula derbiana,male,6.7193,0.0784
11149,Psittacula derbiana,unknown,6.8456,0.0885
11150,Psittacula eques,female,6.5077,0.0474
11151,Psittacula eques,unknown,6.2135,0.061
11152,Psittacula eupatria,female,6.4757,0.0624
11153,Psittacula eupatria,male,6.1725,0.0554
11154,Psittacula eupatria,unknown,6.8273,0.1112
11155,Psittacula finschii,male,7.3678,0.081
11156,Psittacula finschii,unknown,7.3217,0.1355
11157,Psittacula himalayana,male,7.0294,0.0812
11158,Psittacula himalayana,unknown,7.4405,0.0991
11159,Psittacula krameri,male,6.953,0.0951
11160,Psittacula krameri,unknown,6.789,0.0664
11161,Psittacula longicauda,unknown,6.7572,0.0732
11162,Psittacula roseata,female,6.7523,0.0512
11163,Psittacula roseata,male,6.854,NA
11164,Psittacula roseata,unknown,6.8321,0.0865
11165,Psittaculirostris desmarestii,unknown,6.8275,0.065
11166,Psittaculirostris edwardsii,unknown,6.7143,0.0678
11167,Psittaculirostris salvadorii,female,6.7089,0.0588
11168,Psittaculirostris salvadorii,male,5.8401,0.0495
11169,Psittaculirostris salvadorii,unknown,5.839,0.0665
11170,Psittacus erithacus,unknown,6.3752,0.0662
11171,Psitteuteles goldiei,unknown,5.9211,0.0618
11172,Psitteuteles iris,unknown,6.1755,0.0627
11173,Psitteuteles versicolor,unknown,6.7946,0.0711
11174,Psittinus cyanurus,unknown,6.5438,0.0554
11175,Psittiparus bakeri,unknown,6.1931,0.0574
11176,Psittiparus gularis,unknown,5.9202,0.0681
11177,Psittiparus margaritae,unknown,5.9849,0.0637
11178,Psittiparus ruficeps,unknown,6.1972,0.0661
11179,Psittirostra psittacea,unknown,5.1626,0.0592
11180,Psittrichas fulgidus,unknown,7.4196,0.1066
11181,Psophia crepitans,unknown,5.7353,0.0473
11182,Psophia leucoptera,unknown,5.6656,0.0539
11183,Psophia viridis,unknown,5.3272,0.0527
11184,Psophocichla litsitsirupa,unknown,5.0741,0.0504
11185,Psophodes cristatus,unknown,5.9395,0.0595
11186,Psophodes nigrogularis,male,5.679,0.0212
11187,Psophodes nigrogularis,unknown,5.243,0.0508
11188,Psophodes occidentalis,unknown,6.0775,0.0507
11189,Psophodes olivaceus,male,5.3963,0.0894
11190,Psophodes olivaceus,unknown,6.1346,0.0663
11191,Pteridophora alberti,male,7.1187,0.0934
11192,Pteridophora alberti,unknown,6.6413,0.0826
11193,Pternistis adspersus,unknown,5.656,0.058
11194,Pternistis afer,unknown,5.1269,0.0573
11195,Pternistis ahantensis,unknown,4.9038,0.0567
11196,Pternistis atrifrons,male,5.6223,0.0901
11197,Pternistis atrifrons,unknown,5.3963,0.0464
11198,Pternistis bicalcaratus,unknown,5.638,0.0544
11199,Pternistis capensis,unknown,5.5431,0.0621
11200,Pternistis castaneicollis,unknown,5.2404,0.0588
11201,Pternistis clappertoni,female,4.9391,0.0437
11202,Pternistis clappertoni,unknown,5.4469,0.053
11203,Pternistis erckelii,unknown,5.4655,0.0599
11204,Pternistis griseostriatus,unknown,4.7108,0.0614
11205,Pternistis hartlaubi,male,5.724,0.0203
11206,Pternistis hartlaubi,unknown,5.1897,0.0593
11207,Pternistis harwoodi,unknown,5.2209,0.0591
11208,Pternistis hildebrandti,unknown,5.0353,0.0562
11209,Pternistis icterorhynchus,unknown,5.074,0.0603
11210,Pternistis jacksoni,unknown,5.6347,0.0564
11211,Pternistis leucoscepus,unknown,5.0639,0.0621
11212,Pternistis natalensis,male,6.049,NA
11213,Pternistis natalensis,unknown,5.2119,0.0528
11214,Pternistis nobilis,male,5.515,0.0619
11215,Pternistis nobilis,unknown,5.2492,0.0554
11216,Pternistis ochropectus,unknown,4.9259,0.0512
11217,Pternistis rufopictus,unknown,5.4251,0.0502
11218,Pternistis squamatus,unknown,4.8931,0.0535
11219,Pternistis swainsonii,unknown,5.2661,0.0548
11220,Pternistis swierstrai,unknown,5.1188,0.0587
11221,Pterocles alchata,female,5.8233,0.0374
11222,Pterocles alchata,male,6.4536,0.0442
11223,Pterocles alchata,unknown,6.4126,0.0693
11224,Pterocles bicinctus,female,5.8208,0.0656
11225,Pterocles bicinctus,unknown,5.8186,0.0537
11226,Pterocles burchelli,male,5.0032,0.0888
11227,Pterocles burchelli,unknown,5.7447,0.0455
11228,Pterocles coronatus,unknown,6.2506,0.0595
11229,Pterocles decoratus,male,5.9436,0.0657
11230,Pterocles decoratus,unknown,6.0454,0.0596
11231,Pterocles exustus,female,5.3776,0.0599
11232,Pterocles exustus,unknown,6.2281,0.0653
11233,Pterocles gutturalis,male,6.6233,0.0704
11234,Pterocles gutturalis,unknown,5.634,0.0569
11235,Pterocles indicus,female,6.2121,0.0786
11236,Pterocles indicus,male,5.2794,0.0375
11237,Pterocles indicus,unknown,6.38,0.068
11238,Pterocles lichtensteinii,male,6.3318,0.0612
11239,Pterocles lichtensteinii,unknown,6.6048,0.0584
11240,Pterocles namaqua,female,5.9203,0.0859
11241,Pterocles namaqua,male,5.835,0.0668
11242,Pterocles namaqua,unknown,5.7436,0.0596
11243,Pterocles orientalis,female,5.2525,0.0557
11244,Pterocles orientalis,male,6.51,0.0467
11245,Pterocles orientalis,unknown,5.7588,0.0461
11246,Pterocles personatus,male,5.816,0.0453
11247,Pterocles personatus,unknown,5.7072,0.0589
11248,Pterocles quadricinctus,male,6.4059,0.0698
11249,Pterocles quadricinctus,unknown,6.0348,0.0532
11250,Pterocles senegallus,male,5.6894,0.0698
11251,Pterocles senegallus,unknown,6.1168,0.0614
11252,Pterodroma alba,unknown,5.3909,0.0665
11253,Pterodroma arminjoniana,unknown,4.9896,0.0586
11254,Pterodroma atrata,unknown,4.8154,0.0621
11255,Pterodroma axillaris,unknown,5.1523,0.0511
11256,Pterodroma baraui,unknown,5.3704,0.0558
11257,Pterodroma brevipes,unknown,4.708,0.0618
11258,Pterodroma cahow,unknown,4.7412,0.0506
11259,Pterodroma cervicalis,unknown,5.1872,0.0612
11260,Pterodroma cookii,unknown,5.3124,0.0612
11261,Pterodroma defilippiana,unknown,4.4966,0.0606
11262,Pterodroma externa,unknown,5.5199,0.0465
11263,Pterodroma feae,unknown,5.1999,0.0532
11264,Pterodroma gouldi,unknown,5.1764,0.0616
11265,Pterodroma hasitata,unknown,6.0228,0.0665
11266,Pterodroma heraldica,unknown,5.3882,0.0515
11267,Pterodroma hypoleuca,unknown,5.36,0.0567
11268,Pterodroma incerta,unknown,4.8266,0.0584
11269,Pterodroma inexpectata,unknown,5.1021,0.0592
11270,Pterodroma lessonii,unknown,5.0229,0.0465
11271,Pterodroma leucoptera,unknown,5.2614,0.0601
11272,Pterodroma longirostris,unknown,5.5193,0.0649
11273,Pterodroma macroptera,unknown,4.6472,0.0603
11274,Pterodroma madeira,unknown,5.8255,0.0604
11275,Pterodroma magentae,unknown,4.754,0.0579
11276,Pterodroma mollis,unknown,5.3619,0.0539
11277,Pterodroma neglecta,unknown,4.8894,0.0542
11278,Pterodroma nigripennis,unknown,5.584,0.0497
11279,Pterodroma occulta,unknown,4.7987,0.0666
11280,Pterodroma phaeopygia,unknown,5.4974,0.0491
11281,Pterodroma pycrofti,unknown,5.5651,0.049
11282,Pterodroma sandwichensis,unknown,5.1838,0.0547
11283,Pterodroma solandri,unknown,5.5621,0.0542
11284,Pterodroma ultima,unknown,4.7965,0.0754
11285,Pteroglossus aracari,unknown,6.9865,0.0686
11286,Pteroglossus azara,unknown,7.5224,0.1121
11287,Pteroglossus bailloni,female,6.226,0.0555
11288,Pteroglossus bailloni,unknown,7.4264,0.0991
11289,Pteroglossus beauharnaesii,unknown,7.4285,0.0784
11290,Pteroglossus bitorquatus,unknown,7.0638,0.114
11291,Pteroglossus castanotis,unknown,7.4477,0.0898
11292,Pteroglossus frantzii,unknown,6.6659,0.0673
11293,Pteroglossus inscriptus,unknown,7.4578,0.1182
11294,Pteroglossus pluricinctus,unknown,7.899,0.1055
11295,Pteroglossus torquatus,unknown,7.6147,0.1254
11296,Pteroglossus viridis,female,7.2492,0.1099
11297,Pteroglossus viridis,male,7.615,NA
11298,Pteroglossus viridis,unknown,7.1891,0.0897
11299,Pteronetta hartlaubii,unknown,5.5019,0.0514
11300,Pterophanes cyanopterus,male,7.3536,0.0596
11301,Pterophanes cyanopterus,unknown,7.2331,0.098
11302,Pteroptochos castaneus,unknown,5.3195,0.0683
11303,Pteroptochos megapodius,unknown,5.3905,0.0475
11304,Pteroptochos tarnii,unknown,5.4315,0.0517
11305,Pteruthius aenobarbus,female,5.3328,0.0308
11306,Pteruthius aenobarbus,male,6.0576,0.0437
11307,Pteruthius aenobarbus,unknown,5.9071,0.0589
11308,Pteruthius aeralatus,female,7.015,0.0397
11309,Pteruthius aeralatus,male,6.584,0.064
11310,Pteruthius aeralatus,unknown,6.3731,0.0766
11311,Pteruthius annamensis,male,5.8112,0.026
11312,Pteruthius annamensis,unknown,6.0958,0.0661
11313,Pteruthius flaviscapis,female,6.2713,0.045
11314,Pteruthius flaviscapis,unknown,5.8881,0.0689
11315,Pteruthius intermedius,unknown,6.2555,0.0565
11316,Pteruthius melanotis,male,6.3255,0.0719
11317,Pteruthius melanotis,unknown,6.7637,0.0882
11318,Pteruthius ripleyi,female,5.598,NA
11319,Pteruthius ripleyi,unknown,6.0256,0.0583
11320,Pteruthius rufiventer,male,5.064,0.0599
11321,Pteruthius rufiventer,unknown,6.0906,0.0626
11322,Pteruthius xanthochlorus,unknown,5.6427,0.0497
11323,Ptilinopus alligator,unknown,6.6907,0.0806
11324,Ptilinopus aurantiifrons,unknown,6.7548,0.0946
11325,Ptilinopus bernsteinii,male,5.8564,0.0275
11326,Ptilinopus bernsteinii,unknown,5.9405,0.0706
11327,Ptilinopus chalcurus,male,5.8967,0.0356
11328,Ptilinopus chalcurus,unknown,6.0832,0.0621
11329,Ptilinopus cinctus,male,5.8186,0.0771
11330,Ptilinopus cinctus,unknown,5.7688,0.056
11331,Ptilinopus coralensis,unknown,6.0346,0.0694
11332,Ptilinopus coronulatus,unknown,5.9758,0.0556
11333,Ptilinopus dohertyi,unknown,6.1115,0.059
11334,Ptilinopus dupetithouarsii,unknown,5.9943,0.0611
11335,Ptilinopus epius,unknown,5.7821,0.057
11336,Ptilinopus eugeniae,unknown,6.0156,0.0699
11337,Ptilinopus fischeri,unknown,5.8446,0.056
11338,Ptilinopus granulifrons,male,5.5185,0.053
11339,Ptilinopus granulifrons,unknown,6.2519,0.0492
11340,Ptilinopus greyi,male,6.03,NA
11341,Ptilinopus greyi,unknown,6.5902,0.0851
11342,Ptilinopus hernsheimi,unknown,6.0436,0.0651
11343,Ptilinopus hyogastrus,unknown,5.891,0.062
11344,Ptilinopus insolitus,unknown,6.2236,0.062
11345,Ptilinopus insularis,unknown,6.1398,0.0505
11346,Ptilinopus iozonus,unknown,6.0873,0.0685
11347,Ptilinopus jambu,male,6.0988,0.1151
11348,Ptilinopus jambu,unknown,6.5639,0.0812
11349,Ptilinopus layardi,unknown,6.6409,0.0844
11350,Ptilinopus leclancheri,female,4.979,NA
11351,Ptilinopus leclancheri,male,5.0745,0.0013
11352,Ptilinopus leclancheri,unknown,6.2857,0.0577
11353,Ptilinopus luteovirens,male,6.4086,0.0651
11354,Ptilinopus luteovirens,unknown,6.2572,0.0574
11355,Ptilinopus magnificus,unknown,6.7977,0.0629
11356,Ptilinopus mangoliensis,unknown,6.7246,0.076
11357,Ptilinopus marchei,unknown,6.517,0.0692
11358,Ptilinopus melanospilus,male,6.3368,0.0488
11359,Ptilinopus melanospilus,unknown,6.3752,0.0693
11360,Ptilinopus merrilli,unknown,5.9011,0.0633
11361,Ptilinopus monacha,male,5.4109,0.0452
11362,Ptilinopus monacha,unknown,6.0128,0.0547
11363,Ptilinopus nainus,unknown,6.4111,0.051
11364,Ptilinopus occipitalis,unknown,6.3791,0.0654
11365,Ptilinopus ornatus,male,5.793,0.0226
11366,Ptilinopus ornatus,unknown,5.9357,0.0632
11367,Ptilinopus pelewensis,unknown,6.633,0.0799
11368,Ptilinopus perlatus,unknown,6.6033,0.0817
11369,Ptilinopus perousii,male,7.1378,0.058
11370,Ptilinopus perousii,unknown,6.5715,0.0726
11371,Ptilinopus ponapensis,unknown,6.0052,0.0615
11372,Ptilinopus porphyraceus,unknown,6.5342,0.0805
11373,Ptilinopus porphyreus,male,6.9296,0.0712
11374,Ptilinopus porphyreus,unknown,6.3841,0.0714
11375,Ptilinopus pulchellus,unknown,6.0794,0.0597
11376,Ptilinopus purpuratus,unknown,6.109,0.0847
11377,Ptilinopus rarotongensis,unknown,6.1162,0.0639
11378,Ptilinopus regina,unknown,6.4822,0.0769
11379,Ptilinopus richardsii,female,5.3729,0.0334
11380,Ptilinopus richardsii,male,6.1207,0.0295
11381,Ptilinopus richardsii,unknown,5.9933,0.0586
11382,Ptilinopus rivoli,unknown,6.6648,0.0544
11383,Ptilinopus roseicapilla,unknown,6.4402,0.0687
11384,Ptilinopus solomonensis,female,5.9783,0.083
11385,Ptilinopus solomonensis,unknown,7.0774,0.0975
11386,Ptilinopus subgularis,unknown,5.7234,0.0498
11387,Ptilinopus superbus,female,6.741,0.0488
11388,Ptilinopus superbus,male,6.1131,0.0613
11389,Ptilinopus superbus,unknown,6.9311,0.0758
11390,Ptilinopus tannensis,unknown,5.7243,0.0409
11391,Ptilinopus victor,male,6.1974,0.0585
11392,Ptilinopus victor,unknown,6.9514,0.0821
11393,Ptilinopus viridis,male,6.2335,0.0925
11394,Ptilinopus viridis,unknown,6.6201,0.0829
11395,Ptilinopus wallacii,unknown,6.5363,0.0785
11396,Ptiliogonys caudatus,unknown,7.1231,0.0885
11397,Ptiliogonys cinereus,female,6.298,0.0764
11398,Ptiliogonys cinereus,male,6.8365,0.0028
11399,Ptiliogonys cinereus,unknown,6.8772,0.0764
11400,Ptilocichla falcata,unknown,4.8484,0.0658
11401,Ptilocichla leucogrammica,unknown,5.4558,0.0515
11402,Ptilocichla mindanensis,unknown,5.3548,0.054
11403,Ptilonorhynchus violaceus,female,5.0594,0.0488
11404,Ptilonorhynchus violaceus,male,6.1595,0.0249
11405,Ptilonorhynchus violaceus,unknown,5.6828,0.0535
11406,Ptilopachus nahani,unknown,5.2761,0.0681
11407,Ptilopachus petrosus,unknown,5.8737,0.0574
11408,Ptiloprora erythropleura,unknown,5.0179,0.0529
11409,Ptiloprora guisei,unknown,4.753,0.0548
11410,Ptiloprora meekiana,unknown,4.8017,0.0572
11411,Ptiloprora perstriata,unknown,5.9107,0.0591
11412,Ptilopsis granti,unknown,7.3867,0.1118
11413,Ptilopsis leucotis,unknown,6.8104,0.0671
11414,Ptiloris intercedens,male,5.592,NA
11415,Ptiloris intercedens,unknown,5.0543,0.0671
11416,Ptiloris magnificus,unknown,6.2767,0.0601
11417,Ptiloris paradiseus,female,6.2305,0.0428
11418,Ptiloris paradiseus,male,7.3721,0.0875
11419,Ptiloris paradiseus,unknown,5.8833,0.0464
11420,Ptiloris victoriae,unknown,6.1805,0.0616
11421,Ptilorrhoa caerulescens,unknown,5.6514,0.0507
11422,Ptilorrhoa castanonota,unknown,6.0179,0.0647
11423,Ptilorrhoa leucosticta,unknown,5.8764,0.057
11424,Ptilostomus afer,unknown,6.1616,0.0604
11425,Ptilotula flavescens,unknown,5.8032,0.047
11426,Ptilotula fusca,unknown,5.6209,0.0542
11427,Ptilotula keartlandi,unknown,5.8844,0.0545
11428,Ptilotula ornata,unknown,6.0984,0.0595
11429,Ptilotula penicillata,unknown,5.87,0.0512
11430,Ptilotula plumula,unknown,5.059,0.0545
11431,Ptiloxena atroviolacea,unknown,6.0659,0.0729
11432,Ptychoramphus aleuticus,unknown,4.7564,0.0511
11433,Ptyonoprogne concolor,unknown,6.0347,0.0567
11434,Ptyonoprogne fuligula,unknown,5.6066,0.0612
11435,Ptyonoprogne rupestris,unknown,5.64,0.0568
11436,Pucrasia macrolopha,female,5.9643,0.0994
11437,Pucrasia macrolopha,male,6.22,NA
11438,Pucrasia macrolopha,unknown,5.9427,0.0602
11439,Puffinus assimilis,unknown,5.3897,0.062
11440,Puffinus auricularis,unknown,4.6897,0.0652
11441,Puffinus bailloni,unknown,4.8274,0.0597
11442,Puffinus bannermani,unknown,5.109,0.0609
11443,Puffinus baroli,unknown,5.6492,0.0534
11444,Puffinus boydi,unknown,5.2569,0.0481
11445,Puffinus bryani,unknown,4.0267,0.067
11446,Puffinus elegans,unknown,5.5193,0.0477
11447,Puffinus gavia,unknown,5.4567,0.041
11448,Puffinus heinrothi,unknown,4.5976,0.059
11449,Puffinus huttoni,unknown,5.3438,0.0609
11450,Puffinus lherminieri,unknown,5.1387,0.0581
11451,Puffinus mauretanicus,unknown,5.22,0.0645
11452,Puffinus myrtae,unknown,4.635,0.0731
11453,Puffinus nativitatis,unknown,5.198,0.0681
11454,Puffinus newelli,unknown,5.5254,0.0567
11455,Puffinus opisthomelas,unknown,4.9332,0.0554
11456,Puffinus persicus,unknown,4.723,0.0721
11457,Puffinus puffinus,unknown,5.132,0.0555
11458,Puffinus subalaris,unknown,5.7874,0.0628
11459,Puffinus yelkouan,unknown,4.8962,0.0558
11460,Pulsatrix koeniswaldiana,unknown,6.7591,0.0762
11461,Pulsatrix melanota,unknown,6.6234,0.0848
11462,Pulsatrix perspicillata,unknown,7.1239,0.1066
11463,Purnella albifrons,unknown,5.4097,0.0526
11464,Purpureicephalus spurius,male,6.9135,0.012
11465,Purpureicephalus spurius,unknown,7.2634,0.0872
11466,Pycnonotus aurigaster,unknown,5.4091,0.0546
11467,Pycnonotus barbatus,unknown,5.0669,0.049
11468,Pycnonotus bimaculatus,unknown,5.0008,0.0602
11469,Pycnonotus blanfordi,unknown,4.5204,0.0702
11470,Pycnonotus brunneus,unknown,4.7658,0.0649
11471,Pycnonotus cafer,unknown,5.9161,0.0548
11472,Pycnonotus capensis,unknown,5.2631,0.0486
11473,Pycnonotus cinereifrons,unknown,4.4377,0.0763
11474,Pycnonotus conradi,unknown,5.1607,0.0525
11475,Pycnonotus finlaysoni,unknown,5.831,0.0586
11476,Pycnonotus flavescens,unknown,5.7481,0.0534
11477,Pycnonotus goiavier,unknown,5.6301,0.0483
11478,Pycnonotus jocosus,unknown,6.6759,0.0935
11479,Pycnonotus leucogenys,unknown,5.9683,0.0511
11480,Pycnonotus leucogrammicus,unknown,5.7235,0.0606
11481,Pycnonotus leucotis,male,5.8563,0.0843
11482,Pycnonotus leucotis,unknown,6.2928,0.0667
11483,Pycnonotus luteolus,unknown,5.2155,0.0492
11484,Pycnonotus nigricans,unknown,5.7647,0.0466
11485,Pycnonotus penicillatus,unknown,6.11,0.0776
11486,Pycnonotus plumosus,unknown,5.0977,0.0515
11487,Pycnonotus pseudosimplex,unknown,4.91,0.0529
11488,Pycnonotus simplex,unknown,5.0808,0.0642
11489,Pycnonotus sinensis,unknown,5.2895,0.0606
11490,Pycnonotus snouckaerti,unknown,4.9889,0.0681
11491,Pycnonotus striatus,unknown,6.3745,0.0673
11492,Pycnonotus taivanus,unknown,5.5977,0.0529
11493,Pycnonotus tympanistrigus,unknown,5.1097,0.0534
11494,Pycnonotus xantholaemus,unknown,6.3049,0.0647
11495,Pycnonotus xanthopygos,unknown,5.6605,0.0687
11496,Pycnonotus xanthorrhous,unknown,5.7235,0.0592
11497,Pycnonotus zeylanicus,unknown,5.5753,0.0564
11498,Pycnoptilus floccosus,unknown,5.1819,0.0515
11499,Pycnopygius cinereus,unknown,4.5345,0.0667
11500,Pycnopygius ixoides,unknown,4.6654,0.0718
11501,Pycnopygius stictocephalus,unknown,4.6633,0.0635
11502,Pygarrhichas albogularis,unknown,5.9092,0.052
11503,Pygiptila stellaris,male,5.2542,0.0446
11504,Pygiptila stellaris,unknown,5.9571,0.0469
11505,Pygochelidon cyanoleuca,unknown,5.8546,0.0547
11506,Pygochelidon melanoleuca,unknown,6.2369,0.063
11507,Pygoscelis adeliae,unknown,7.152,0.0986
11508,Pygoscelis antarcticus,unknown,7.0139,0.0789
11509,Pygoscelis papua,unknown,7.1943,0.0938
11510,Pyrenestes minor,female,6.2307,0.0524
11511,Pyrenestes minor,unknown,6.6733,0.0902
11512,Pyrenestes ostrinus,unknown,6.5174,0.0682
11513,Pyrenestes sanguineus,male,6.3634,0.0499
11514,Pyrenestes sanguineus,unknown,6.207,0.0626
11515,Pyriglena atra,female,5.1328,0.0584
11516,Pyriglena atra,male,5.4269,0.0491
11517,Pyriglena atra,unknown,5.9515,0.0685
11518,Pyriglena leuconota,female,5.3781,0.0402
11519,Pyriglena leuconota,male,5.5639,0.0329
11520,Pyriglena leuconota,unknown,5.6168,0.0633
11521,Pyriglena leucoptera,male,5.4562,0.057
11522,Pyriglena leucoptera,unknown,5.8967,0.043
11523,Pyrilia aurantiocephala,unknown,6.3111,0.0533
11524,Pyrilia barrabandi,unknown,6.8261,0.0516
11525,Pyrilia caica,unknown,6.7389,0.0826
11526,Pyrilia haematotis,unknown,6.5003,0.0739
11527,Pyrilia pulchra,unknown,6.6327,0.0864
11528,Pyrilia pyrilia,unknown,6.7307,0.0774
11529,Pyrilia vulturina,unknown,6.4666,0.0629
11530,Pyrocephalus rubinus,male,5.7265,0.0931
11531,Pyrocephalus rubinus,unknown,6.212,0.0564
11532,Pyroderus scutatus,unknown,6.5199,0.0535
11533,Pyrrhocorax graculus,male,5.699,0.0635
11534,Pyrrhocorax graculus,unknown,6.0869,0.0738
11535,Pyrrhocorax pyrrhocorax,unknown,6.3367,0.0537
11536,Pyrrholaemus brunneus,unknown,5.6069,0.0576
11537,Pyrrholaemus sagittatus,male,5.7943,0.0712
11538,Pyrrholaemus sagittatus,unknown,5.9045,0.0589
11539,Pyrrhomyias cinnamomeus,unknown,6.1023,0.0567
11540,Pyrrhoplectes epauletta,male,5.3105,0.0537
11541,Pyrrhoplectes epauletta,unknown,6.1957,0.065
11542,Pyrrhula aurantiaca,female,6.668,0.0585
11543,Pyrrhula aurantiaca,male,6.8959,0.0777
11544,Pyrrhula aurantiaca,unknown,6.9436,0.0481
11545,Pyrrhula erythaca,male,6.4202,0.0471
11546,Pyrrhula erythaca,unknown,6.0847,0.0653
11547,Pyrrhula erythrocephala,unknown,6.642,0.058
11548,Pyrrhula leucogenis,unknown,5.2093,0.0506
11549,Pyrrhula murina,unknown,5.8541,0.0535
11550,Pyrrhula nipalensis,unknown,5.8118,0.0509
11551,Pyrrhula pyrrhula,female,6.8469,0.0762
11552,Pyrrhula pyrrhula,male,6.6259,0.0453
11553,Pyrrhula pyrrhula,unknown,6.7741,0.0974
11554,Pyrrhura albipectus,unknown,6.5816,0.0639
11555,Pyrrhura amazonum,unknown,6.2423,0.0598
11556,Pyrrhura calliptera,unknown,6.7024,0.0802
11557,Pyrrhura cruentata,unknown,7.2819,0.1096
11558,Pyrrhura devillei,unknown,6.6933,0.0734
11559,Pyrrhura egregia,unknown,6.9398,0.1025
11560,Pyrrhura frontalis,unknown,7.394,0.1012
11561,Pyrrhura griseipectus,unknown,6.3222,0.0656
11562,Pyrrhura hoematotis,unknown,6.7878,0.0774
11563,Pyrrhura hoffmanni,unknown,7.2852,0.1013
11564,Pyrrhura lepida,unknown,6.3956,0.0463
11565,Pyrrhura leucotis,unknown,6.6248,0.0806
11566,Pyrrhura lucianii,unknown,6.0686,0.0668
11567,Pyrrhura melanura,unknown,6.9741,0.0809
11568,Pyrrhura molinae,unknown,6.894,0.0898
11569,Pyrrhura orcesi,unknown,6.6454,0.0663
11570,Pyrrhura perlata,unknown,6.7844,0.0698
11571,Pyrrhura pfrimeri,unknown,6.8828,0.0773
11572,Pyrrhura picta,unknown,6.6107,0.0877
11573,Pyrrhura rhodocephala,unknown,6.7485,0.0766
11574,Pyrrhura roseifrons,unknown,6.4994,0.0692
11575,Pyrrhura rupicola,unknown,6.1162,0.0684
11576,Pyrrhura viridicata,unknown,6.8049,0.0749
11577,Pyrroglaux podargina,unknown,6.3933,0.0712
11578,Pytilia afra,male,5.4678,0.0572
11579,Pytilia afra,unknown,6.3045,0.06
11580,Pytilia hypogrammica,male,5.9701,0.1023
11581,Pytilia hypogrammica,unknown,5.6079,0.0494
11582,Pytilia lineata,female,6.5345,0.0205
11583,Pytilia lineata,male,6.2192,0.0807
11584,Pytilia lineata,unknown,6.4791,0.071
11585,Pytilia melba,female,6.1807,0.0705
11586,Pytilia melba,unknown,6.2781,0.0504
11587,Pytilia phoenicoptera,female,6.228,NA
11588,Pytilia phoenicoptera,unknown,5.8001,0.0549
11589,Quelea cardinalis,male,6.752,0.0404
11590,Quelea cardinalis,unknown,6.3436,0.0706
11591,Quelea erythrops,male,5.8954,0.0349
11592,Quelea erythrops,unknown,5.9281,0.0524
11593,Quelea quelea,unknown,5.6853,0.0502
11594,Querula purpurata,male,6.1879,0.0406
11595,Querula purpurata,unknown,6.3246,0.0635
11596,Quiscalus lugubris,female,5.3566,0.0445
11597,Quiscalus lugubris,male,6.0913,0.0343
11598,Quiscalus lugubris,unknown,5.8227,0.0618
11599,Quiscalus major,male,6.0528,0.0627
11600,Quiscalus major,unknown,6.2251,0.0674
11601,Quiscalus mexicanus,male,5.834,NA
11602,Quiscalus mexicanus,unknown,6.1299,0.0442
11603,Quiscalus nicaraguensis,male,5.8907,0.0703
11604,Quiscalus nicaraguensis,unknown,5.7574,0.0609
11605,Quiscalus niger,unknown,5.6049,0.0531
11606,Quiscalus quiscula,unknown,6.5404,0.0617
11607,Radjah radjah,unknown,6.0832,0.0541
11608,Rallina canningi,unknown,5.6015,0.0602
11609,Rallina eurizonoides,female,5.3973,0.0244
11610,Rallina eurizonoides,unknown,6.2542,0.0592
11611,Rallina fasciata,unknown,5.7667,0.0574
11612,Rallina forbesi,male,4.951,0.0652
11613,Rallina forbesi,unknown,5.3413,0.062
11614,Rallina leucospila,male,5.9145,0.0648
11615,Rallina leucospila,unknown,5.6756,0.0644
11616,Rallina rubra,male,5.684,NA
11617,Rallina rubra,unknown,5.4006,0.0507
11618,Rallina tricolor,unknown,4.4965,0.0659
11619,Rallus antarcticus,unknown,5.0837,0.0548
11620,Rallus aquaticus,unknown,5.8353,0.0571
11621,Rallus caerulescens,unknown,5.5805,0.0557
11622,Rallus crepitans,unknown,4.8598,0.0654
11623,Rallus elegans,unknown,6.0386,0.0526
11624,Rallus indicus,unknown,5.1652,0.0602
11625,Rallus limicola,unknown,5.4241,0.0531
11626,Rallus longirostris,unknown,5.1919,0.0546
11627,Rallus madagascariensis,unknown,5.1541,0.0667
11628,Rallus obsoletus,unknown,5.2055,0.0563
11629,Rallus semiplumbeus,unknown,5.3639,0.049
11630,Rallus tenuirostris,unknown,5.2083,0.0564
11631,Rallus wetmorei,male,4.6453,0.0543
11632,Rallus wetmorei,unknown,4.7944,0.0533
11633,Ramphastos ambiguus,unknown,8.1794,0.1266
11634,Ramphastos brevis,unknown,7.8192,0.1444
11635,Ramphastos dicolorus,unknown,7.207,0.1008
11636,Ramphastos sulfuratus,unknown,7.8348,0.1086
11637,Ramphastos toco,unknown,7.473,0.116
11638,Ramphastos tucanus,unknown,7.1447,0.075
11639,Ramphastos vitellinus,unknown,7.1694,0.0796
11640,Ramphocaenus melanurus,unknown,5.5507,0.0669
11641,Ramphocaenus sticturus,unknown,4.8255,0.059
11642,Ramphocelus bresilius,male,6.7663,0.0678
11643,Ramphocelus bresilius,unknown,6.809,0.1031
11644,Ramphocelus carbo,male,6.9458,0.0733
11645,Ramphocelus carbo,unknown,6.6492,0.0619
11646,Ramphocelus dimidiatus,male,6.8638,0.0725
11647,Ramphocelus dimidiatus,unknown,6.083,0.0472
11648,Ramphocelus flammigerus,female,5.8466,0.0431
11649,Ramphocelus flammigerus,male,5.3917,0.0516
11650,Ramphocelus flammigerus,unknown,6.6943,0.0758
11651,Ramphocelus melanogaster,female,6.0677,0.0592
11652,Ramphocelus melanogaster,male,6.5443,0.0588
11653,Ramphocelus melanogaster,unknown,7.1257,0.1017
11654,Ramphocelus nigrogularis,male,6.5193,0.0521
11655,Ramphocelus nigrogularis,unknown,6.9538,0.1094
11656,Ramphocelus passerinii,unknown,6.0199,0.0729
11657,Ramphocelus sanguinolentus,male,6.767,0.0031
11658,Ramphocelus sanguinolentus,unknown,6.7663,0.0672
11659,Ramphocinclus brachyurus,unknown,5.2371,0.0487
11660,Ramphocoris clotbey,unknown,5.1475,0.0593
11661,Ramphodon naevius,male,7.1505,0.085
11662,Ramphodon naevius,unknown,6.8396,0.1122
11663,Ramphomicron dorsale,male,6.6278,0.0384
11664,Ramphomicron dorsale,unknown,5.8465,0.0655
11665,Ramphomicron microrhynchum,male,7.4385,0.0763
11666,Ramphomicron microrhynchum,unknown,7.3173,0.1033
11667,Ramphotrigon fuscicauda,unknown,5.5134,0.0642
11668,Ramphotrigon megacephalum,unknown,5.5665,0.0525
11669,Ramphotrigon ruficauda,unknown,5.1938,0.0609
11670,Ramsayornis fasciatus,unknown,6.0445,0.0808
11671,Ramsayornis modestus,unknown,5.3379,0.047
11672,Randia pseudozosterops,unknown,4.8739,0.0483
11673,Recurvirostra americana,unknown,7.2947,0.1167
11674,Recurvirostra andina,unknown,6.507,0.0706
11675,Recurvirostra avosetta,unknown,6.4879,0.0713
11676,Recurvirostra novaehollandiae,unknown,6.5336,0.0643
11677,Regulus calendula,unknown,7.3135,0.0866
11678,Regulus goodfellowi,unknown,6.7338,0.0675
11679,Regulus ignicapilla,male,6.9175,0.0888
11680,Regulus ignicapilla,unknown,7.2877,0.0755
11681,Regulus madeirensis,unknown,6.8223,0.0726
11682,Regulus regulus,unknown,6.816,0.0872
11683,Regulus satrapa,female,7.2668,0.1158
11684,Regulus satrapa,male,7.1522,0.1199
11685,Regulus satrapa,unknown,6.913,0.0751
11686,Reinwardtipicus validus,unknown,5.8188,0.0531
11687,Reinwardtoena browni,unknown,5.3387,0.0579
11688,Reinwardtoena crassirostris,unknown,5.408,0.05
11689,Reinwardtoena reinwardti,unknown,5.9934,0.0674
11690,Remiz consobrinus,unknown,5.9322,0.0597
11691,Remiz coronatus,male,5.946,0.0378
11692,Remiz coronatus,unknown,5.6895,0.054
11693,Remiz macronyx,male,5.4868,0.0325
11694,Remiz macronyx,unknown,5.7719,0.0486
11695,Remiz pendulinus,female,5.9815,0.0857
11696,Remiz pendulinus,male,6.1228,0.0301
11697,Remiz pendulinus,unknown,6.2154,0.0594
11698,Rhabdornis grandis,unknown,4.8996,0.0522
11699,Rhabdornis inornatus,unknown,5.0665,0.0572
11700,Rhabdornis mystacalis,unknown,5.2135,0.0578
11701,Rhabdornis rabori,unknown,5.1683,0.0625
11702,Rhabdotorrhinus corrugatus,male,5.7937,0.0551
11703,Rhabdotorrhinus corrugatus,unknown,6.1118,0.0757
11704,Rhabdotorrhinus exarhatus,female,5.8828,0.076
11705,Rhabdotorrhinus exarhatus,male,5.642,0.0324
11706,Rhabdotorrhinus exarhatus,unknown,6.3895,0.0896
11707,Rhabdotorrhinus leucocephalus,female,5.8836,0.0494
11708,Rhabdotorrhinus leucocephalus,male,6.1009,0.0527
11709,Rhabdotorrhinus leucocephalus,unknown,5.8541,0.0779
11710,Rhabdotorrhinus waldeni,female,6.3245,0.043
11711,Rhabdotorrhinus waldeni,male,5.8684,0.0587
11712,Rhabdotorrhinus waldeni,unknown,6.5183,0.0769
11713,Rhagologus leucostigma,unknown,5.684,0.0577
11714,Rhamphococcyx calyorhynchus,unknown,6.0458,0.0655
11715,Rhaphidura leucopygialis,unknown,5.6146,0.0576
11716,Rhaphidura sabini,unknown,5.3994,0.048
11717,Rhea americana,unknown,5.9896,0.0656
11718,Rhea pennata,unknown,5.0563,0.0537
11719,Rhegmatorhina berlepschi,male,5.7789,0.075
11720,Rhegmatorhina berlepschi,unknown,6.7034,0.0641
11721,Rhegmatorhina cristata,unknown,6.3308,0.0603
11722,Rhegmatorhina gymnops,unknown,5.9622,0.0583
11723,Rhegmatorhina hoffmannsi,male,4.8301,0.0463
11724,Rhegmatorhina hoffmannsi,unknown,5.7395,0.0522
11725,Rhegmatorhina melanosticta,female,6.1589,0.0592
11726,Rhegmatorhina melanosticta,male,6.7221,0.0889
11727,Rhegmatorhina melanosticta,unknown,7.0687,0.0687
11728,Rheinardia ocellata,unknown,5.5675,0.0572
11729,Rhinocrypta lanceolata,male,6.0174,0.0534
11730,Rhinocrypta lanceolata,unknown,6.0753,0.0683
11731,Rhinopomastus aterrimus,unknown,5.8992,0.0611
11732,Rhinopomastus cyanomelas,unknown,6.2957,0.0816
11733,Rhinopomastus minor,unknown,5.8924,0.0633
11734,Rhinoptilus bitorquatus,unknown,4.3522,0.0886
11735,Rhinoptilus chalcopterus,unknown,5.8025,0.0618
11736,Rhinoptilus cinctus,unknown,6.0145,0.0554
11737,Rhinortha chlorophaea,male,6.4861,0.0659
11738,Rhinortha chlorophaea,unknown,6.205,0.0397
11739,Rhipidura albicollis,unknown,5.8471,0.0659
11740,Rhipidura albiscapa,unknown,5.5442,0.0562
11741,Rhipidura albiventris,unknown,6.0471,0.0542
11742,Rhipidura albogularis,unknown,6.3092,0.0659
11743,Rhipidura albolimbata,unknown,5.9537,0.0476
11744,Rhipidura atra,female,5.7439,0.0474
11745,Rhipidura atra,male,6.5338,0.0704
11746,Rhipidura atra,unknown,6.0197,0.0977
11747,Rhipidura aureola,unknown,6.2329,0.0646
11748,Rhipidura brachyrhyncha,unknown,5.9306,0.0706
11749,Rhipidura cockerelli,unknown,5.6209,0.0466
11750,Rhipidura cyaniceps,unknown,6.2426,0.0617
11751,Rhipidura dedemi,unknown,6.6981,0.0815
11752,Rhipidura diluta,unknown,5.3356,0.0441
11753,Rhipidura drownei,unknown,5.6803,0.0559
11754,Rhipidura dryas,unknown,6.6286,0.0645
11755,Rhipidura euryura,unknown,5.3386,0.0616
11756,Rhipidura fuliginosa,unknown,6.2704,0.0617
11757,Rhipidura fuscorufa,unknown,5.4716,0.0459
11758,Rhipidura hyperythra,unknown,5.7957,0.0617
11759,Rhipidura javanica,unknown,5.5856,0.0614
11760,Rhipidura kubaryi,unknown,5.3181,0.0589
11761,Rhipidura lepida,unknown,5.7232,0.0656
11762,Rhipidura leucophrys,unknown,6.3977,0.0706
11763,Rhipidura leucothorax,unknown,6.2576,0.0714
11764,Rhipidura maculipectus,unknown,5.7148,0.0369
11765,Rhipidura nebulosa,unknown,5.2266,0.0568
11766,Rhipidura nigritorquis,unknown,5.1517,0.052
11767,Rhipidura nigrocinnamomea,unknown,6.1601,0.0583
11768,Rhipidura opistherythra,unknown,5.396,0.0527
11769,Rhipidura perlata,unknown,5.5249,0.0449
11770,Rhipidura personata,unknown,5.825,0.0696
11771,Rhipidura phasiana,unknown,5.4477,0.0564
11772,Rhipidura phoenicura,unknown,6.1096,0.0709
11773,Rhipidura rennelliana,unknown,4.8621,0.0612
11774,Rhipidura rufidorsa,unknown,3.7557,0.0864
11775,Rhipidura rufifrons,unknown,6.6145,0.0685
11776,Rhipidura rufiventris,unknown,5.7573,0.0471
11777,Rhipidura samarensis,unknown,6.4109,0.0544
11778,Rhipidura sauli,unknown,6.1691,0.0711
11779,Rhipidura semirubra,unknown,6.3346,0.0685
11780,Rhipidura superciliaris,unknown,5.9083,0.0544
11781,Rhipidura superflua,unknown,5.9037,0.0526
11782,Rhipidura tenebrosa,unknown,5.4306,0.0512
11783,Rhipidura teysmanni,unknown,6.3116,0.0665
11784,Rhipidura threnothorax,unknown,5.167,0.0601
11785,Rhipidura verreauxi,unknown,5.6726,0.0603
11786,Rhizothera longirostris,unknown,5.2637,0.0534
11787,Rhodinocichla rosea,male,7.162,0.103
11788,Rhodinocichla rosea,unknown,7.0471,0.0894
11789,Rhodopechys sanguineus,male,5.9892,0.0631
11790,Rhodopechys sanguineus,unknown,5.3881,0.0431
11791,Rhodophoneus cruentus,unknown,5.7114,0.0534
11792,Rhodopis vesper,unknown,7.1728,0.0832
11793,Rhodospingus cruentus,male,6.4062,0.0417
11794,Rhodospingus cruentus,unknown,6.2945,0.0583
11795,Rhodospiza obsoleta,male,6.2283,0.0509
11796,Rhodospiza obsoleta,unknown,6.0838,0.0709
11797,Rhodostethia rosea,unknown,6.421,0.0693
11798,Rhodothraupis celaeno,female,6.2752,0.0728
11799,Rhodothraupis celaeno,unknown,6.3225,0.0748
11800,Rhopias gularis,male,5.9827,0.053
11801,Rhopias gularis,unknown,5.6818,0.0635
11802,Rhopocichla atriceps,unknown,4.8626,0.0643
11803,Rhopophilus albosuperciliaris,unknown,5.2127,0.0549
11804,Rhopophilus pekinensis,unknown,5.364,0.0715
11805,Rhopornis ardesiacus,male,5.6011,0.0616
11806,Rhopornis ardesiacus,unknown,5.9671,0.0456
11807,Rhopospina fruticeti,female,5.2575,0.066
11808,Rhopospina fruticeti,male,6.1533,0.0464
11809,Rhopospina fruticeti,unknown,5.6368,0.0694
11810,Rhynchocyclus brevirostris,unknown,6.2335,0.0611
11811,Rhynchocyclus fulvipectus,unknown,5.2804,0.0563
11812,Rhynchocyclus olivaceus,unknown,5.9083,0.0584
11813,Rhynchocyclus pacificus,unknown,4.8166,0.054
11814,Rhynchophanes mccownii,male,4.608,0.0591
11815,Rhynchophanes mccownii,unknown,4.9992,0.0566
11816,Rhynchopsitta pachyrhyncha,unknown,6.349,0.0625
11817,Rhynchopsitta terrisi,unknown,7.3173,0.1146
11818,Rhynchortyx cinctus,female,5.8742,0.0506
11819,Rhynchortyx cinctus,male,5.7296,0.0395
11820,Rhynchortyx cinctus,unknown,6.0956,0.0539
11821,Rhynchospiza stolzmanni,unknown,4.5868,0.0579
11822,Rhynchospiza strigiceps,unknown,5.3665,0.0637
11823,Rhynchostruthus percivali,male,5.4098,0.0556
11824,Rhynchostruthus percivali,unknown,5.7124,0.0481
11825,Rhynchostruthus socotranus,unknown,5.5544,0.0582
11826,Rhynchotus maculicollis,unknown,5.0051,0.0541
11827,Rhynchotus rufescens,unknown,5.0852,0.0555
11828,Rhynochetos jubatus,unknown,6.6383,0.0689
11829,Rhyticeros cassidix,unknown,6.0462,0.0635
11830,Rhyticeros everetti,male,5.563,0.0705
11831,Rhyticeros everetti,unknown,6.4224,0.0638
11832,Rhyticeros narcondami,female,6.2357,0.0411
11833,Rhyticeros narcondami,male,5.4139,0.0455
11834,Rhyticeros narcondami,unknown,6.1957,0.0685
11835,Rhyticeros plicatus,male,6.5315,0.0838
11836,Rhyticeros plicatus,unknown,6.8759,0.0913
11837,Rhyticeros subruficollis,male,5.6384,0.0278
11838,Rhyticeros subruficollis,unknown,5.6027,0.0584
11839,Rhyticeros undulatus,unknown,6.2116,0.0544
11840,Rhytipterna holerythra,unknown,5.5919,0.0533
11841,Rhytipterna immunda,unknown,4.8003,0.0573
11842,Rhytipterna simplex,unknown,5.2553,0.0486
11843,Ridgwayia pinicola,female,4.5447,0.0564
11844,Ridgwayia pinicola,male,5.4009,0.0441
11845,Ridgwayia pinicola,unknown,4.7183,0.0605
11846,Rigidipenna inexpectata,unknown,5.8015,0.0588
11847,Riparia chinensis,unknown,5.8303,0.0649
11848,Riparia cincta,unknown,5.9907,0.053
11849,Riparia congica,unknown,4.7554,0.0591
11850,Riparia diluta,unknown,5.5354,0.0526
11851,Riparia paludicola,unknown,4.9399,0.0546
11852,Riparia riparia,unknown,6.1251,0.0575
11853,Rissa brevirostris,unknown,5.695,0.0555
11854,Rissa tridactyla,unknown,5.9411,0.0563
11855,Robsonius thompsoni,unknown,4.6823,0.0545
11856,Rollandia microptera,unknown,6.0629,0.061
11857,Rollandia rolland,unknown,5.6561,0.0566
11858,Rollulus rouloul,male,5.665,0.0393
11859,Rollulus rouloul,unknown,5.771,0.0817
11860,Roraimia adusta,unknown,6.1748,0.0553
11861,Rostratula australis,female,5.3272,0.0917
11862,Rostratula australis,male,5.7072,0.0391
11863,Rostratula australis,unknown,6.6213,0.0603
11864,Rostratula benghalensis,female,6.542,0.0487
11865,Rostratula benghalensis,unknown,6.1887,0.067
11866,Rostrhamus sociabilis,unknown,6.0556,0.0608
11867,Rougetius rougetii,unknown,5.5999,0.0547
11868,Rowettia goughensis,unknown,5.2074,0.0537
11869,Rubigula cyaniventris,unknown,5.4693,0.0514
11870,Rubigula dispar,unknown,5.7132,0.0436
11871,Rubigula erythropthalmos,unknown,4.6475,0.0675
11872,Rubigula flaviventris,unknown,6.545,0.0649
11873,Rubigula gularis,unknown,6.4767,0.0724
11874,Rubigula melanicterus,unknown,6.2863,0.0596
11875,Rubigula montis,unknown,6.2096,0.0607
11876,Rubigula squamata,unknown,5.8882,0.0605
11877,Rukia longirostra,unknown,5.2127,0.053
11878,Rukia ruki,unknown,5.6757,0.0562
11879,Rupicola peruvianus,male,6.4308,0.0565
11880,Rupicola peruvianus,unknown,6.7624,0.0793
11881,Rupicola rupicola,male,6.8313,0.0635
11882,Rupicola rupicola,unknown,7.2172,0.0893
11883,Rupornis magnirostris,unknown,6.0728,0.0625
11884,Ruwenzorornis johnstoni,unknown,7.3337,0.1262
11885,Rynchops albicollis,unknown,5.9834,0.0579
11886,Rynchops flavirostris,unknown,5.7402,0.0587
11887,Rynchops niger,unknown,5.7949,0.0562
11888,Sagittarius serpentarius,unknown,6.2749,0.0688
11889,Sakesphorus canadensis,unknown,6.5194,0.0715
11890,Sakesphorus cristatus,male,6.5161,0.0615
11891,Sakesphorus cristatus,unknown,6.4239,0.0629
11892,Sakesphorus luctuosus,unknown,5.8692,0.0592
11893,Salpinctes obsoletus,unknown,4.9193,0.0694
11894,Salpornis salvadori,unknown,5.7536,0.0765
11895,Salpornis spilonota,unknown,5.9143,0.0513
11896,Saltator albicollis,unknown,5.1633,0.0556
11897,Saltator atriceps,unknown,6.1447,0.0527
11898,Saltator atripennis,unknown,5.9305,0.0588
11899,Saltator aurantiirostris,male,6.0973,0.0589
11900,Saltator aurantiirostris,unknown,6.3742,0.053
11901,Saltator cinctus,unknown,5.7743,0.0476
11902,Saltator coerulescens,unknown,5.72,0.0448
11903,Saltator fuliginosus,female,5.9924,0.053
11904,Saltator fuliginosus,unknown,5.9048,0.0579
11905,Saltator grossus,male,5.7722,0.0381
11906,Saltator grossus,unknown,5.8534,0.0488
11907,Saltator maxillosus,unknown,5.5775,0.0613
11908,Saltator maximus,unknown,5.2456,0.0624
11909,Saltator nigriceps,unknown,5.4514,0.0535
11910,Saltator orenocensis,unknown,5.5955,0.0603
11911,Saltator similis,unknown,5.5359,0.0452
11912,Saltator striatipectus,unknown,5.0211,0.0421
11913,Saltatricula atricollis,unknown,5.2974,0.0541
11914,Saltatricula multicolor,unknown,6.3199,0.072
11915,Salvadorina waigiuensis,female,5.792,0.0563
11916,Salvadorina waigiuensis,unknown,6.7161,0.0645
11917,Sapayoa aenigma,male,6.4809,0.0505
11918,Sapayoa aenigma,unknown,6.1944,0.0679
11919,Sappho sparganurus,male,8.068,0.3233
11920,Sappho sparganurus,unknown,7.7808,0.1546
11921,Sarcogyps calvus,male,6.9,NA
11922,Sarcogyps calvus,unknown,5.3863,0.0509
11923,Sarcops calvus,unknown,5.2489,0.069
11924,Sarcoramphus papa,unknown,5.2349,0.0518
11925,Sarkidiornis melanotos,male,6.525,0.0646
11926,Sarkidiornis melanotos,unknown,5.9045,0.047
11927,Sarkidiornis sylvicola,male,5.7795,0.0377
11928,Sarkidiornis sylvicola,unknown,6.2865,0.0579
11929,Saroglossa spilopterus,female,5.081,0.0644
11930,Saroglossa spilopterus,male,5.5135,0.0369
11931,Saroglossa spilopterus,unknown,5.0876,0.0567
11932,Sarothrura affinis,male,5.5427,0.0497
11933,Sarothrura affinis,unknown,5.4303,0.0506
11934,Sarothrura ayresi,unknown,3.6684,0.1148
11935,Sarothrura boehmi,male,4.444,0.052
11936,Sarothrura boehmi,unknown,5.6033,0.0232
11937,Sarothrura elegans,female,5.0238,0.0595
11938,Sarothrura elegans,male,5.6421,0.0619
11939,Sarothrura elegans,unknown,5.6969,0.0461
11940,Sarothrura insularis,male,5.4674,0.0628
11941,Sarothrura insularis,unknown,6.724,0.0818
11942,Sarothrura pulchra,unknown,6.4041,0.0956
11943,Sarothrura rufa,male,6.5015,0.0511
11944,Sarothrura rufa,unknown,6.3594,0.0537
11945,Sarothrura watersi,unknown,5.0231,0.0475
11946,Sasia abnormis,male,5.9647,0.0709
11947,Sasia abnormis,unknown,6.1121,0.0644
11948,Sasia ochracea,male,6.2989,0.0657
11949,Sasia ochracea,unknown,6.1103,0.0508
11950,Satrapa icterophrys,unknown,6.5078,0.0587
11951,Saundersilarus saundersi,unknown,5.2989,0.0571
11952,Saxicola caprata,male,5.9077,0.0462
11953,Saxicola caprata,unknown,5.8278,0.0441
11954,Saxicola dacotiae,male,5.5784,0.051
11955,Saxicola dacotiae,unknown,6.1714,0.0595
11956,Saxicola ferreus,female,5.56,NA
11957,Saxicola ferreus,male,5.7682,0.0504
11958,Saxicola ferreus,unknown,6.1911,0.0491
11959,Saxicola gutturalis,female,4.981,0.0282
11960,Saxicola gutturalis,male,6.4297,0.0754
11961,Saxicola gutturalis,unknown,5.855,0.0603
11962,Saxicola insignis,male,6.2034,0.0701
11963,Saxicola insignis,unknown,5.5017,0.0709
11964,Saxicola jerdoni,female,5.3663,0.0629
11965,Saxicola jerdoni,male,6.6141,0.055
11966,Saxicola jerdoni,unknown,6.3245,0.0787
11967,Saxicola leucurus,female,5.2285,0.065
11968,Saxicola leucurus,male,5.5443,0.0412
11969,Saxicola leucurus,unknown,5.857,0.053
11970,Saxicola macrorhynchus,unknown,5.9367,0.0614
11971,Saxicola maurus,male,6.0754,0.0311
11972,Saxicola maurus,unknown,5.8523,0.0603
11973,Saxicola rubetra,male,6.1427,0.0411
11974,Saxicola rubetra,unknown,5.8203,0.059
11975,Saxicola rubicola,male,5.9711,0.0535
11976,Saxicola rubicola,unknown,5.9079,0.0564
11977,Saxicola tectes,unknown,6.4075,0.0646
11978,Saxicola torquatus,male,5.7652,0.0513
11979,Saxicola torquatus,unknown,6.045,0.0547
11980,Sayornis nigricans,unknown,6.1828,0.0633
11981,Sayornis phoebe,unknown,5.3566,0.0527
11982,Sayornis saya,unknown,5.8955,0.0591
11983,Scelorchilus albicollis,unknown,5.4616,0.0639
11984,Scelorchilus rubecula,unknown,6.1154,0.0658
11985,Scenopoeetes dentirostris,unknown,5.3061,0.0532
11986,Scepomycter winifredae,unknown,5.679,0.0543
11987,Schetba rufa,male,5.758,0.0414
11988,Schetba rufa,unknown,5.6615,0.0441
11989,Schiffornis aenea,unknown,4.9429,0.0555
11990,Schiffornis major,unknown,5.6323,0.0608
11991,Schiffornis olivacea,unknown,4.3372,0.0851
11992,Schiffornis stenorhyncha,unknown,4.5988,0.0596
11993,Schiffornis turdina,unknown,4.9575,0.0558
11994,Schiffornis veraepacis,unknown,5.1099,0.0561
11995,Schiffornis virescens,unknown,5.1553,0.0522
11996,Schistes albogularis,female,6.9187,0.044
11997,Schistes albogularis,male,7.1264,0.0536
11998,Schistes albogularis,unknown,7.1964,0.1116
11999,Schistes geoffroyi,female,6.5665,0.0393
12000,Schistes geoffroyi,unknown,7.2734,0.1037
12001,Schistochlamys melanopis,unknown,5.9525,0.0513
12002,Schistochlamys ruficapillus,unknown,5.8738,0.0489
12003,Schistolais leontica,unknown,5.0977,0.0607
12004,Schistolais leucopogon,unknown,5.2254,0.0525
12005,Schoenicola brevirostris,male,4.93,0.0507
12006,Schoenicola brevirostris,unknown,5.4522,0.0631
12007,Schoenicola platyurus,unknown,4.9017,0.0561
12008,Schoeniophylax phryganophilus,unknown,5.3937,0.061
12009,Schoeniparus brunneus,unknown,4.8673,0.0666
12010,Schoeniparus castaneceps,unknown,6.1447,0.0635
12011,Schoeniparus cinereus,unknown,5.6553,0.0679
12012,Schoeniparus dubius,unknown,5.947,0.0801
12013,Schoeniparus klossi,unknown,6.1194,0.0542
12014,Schoeniparus rufogularis,unknown,5.8368,0.0663
12015,Schoutedenapus myoptilus,unknown,5.5272,0.0579
12016,Sciaphylax castanea,male,5.6467,0.0591
12017,Sciaphylax castanea,unknown,5.172,0.0453
12018,Sciaphylax hemimelaena,female,6.3618,0.0275
12019,Sciaphylax hemimelaena,male,4.9577,0.0456
12020,Sciaphylax hemimelaena,unknown,6.0751,0.0636
12021,Scissirostrum dubium,unknown,5.7677,0.0652
12022,Sclateria naevia,male,5.878,0.0212
12023,Sclateria naevia,unknown,5.6096,0.0466
12024,Scleroptila afra,unknown,5.0941,0.0594
12025,Scleroptila finschi,female,4.6253,0.0381
12026,Scleroptila finschi,male,4.8507,0.0381
12027,Scleroptila finschi,unknown,5.4151,0.0384
12028,Scleroptila gutturalis,unknown,4.9922,0.0547
12029,Scleroptila levaillantii,unknown,5.5969,0.0681
12030,Scleroptila psilolaema,unknown,5.0458,0.0507
12031,Scleroptila shelleyi,unknown,5.2813,0.0538
12032,Scleroptila streptophora,unknown,5.204,0.0582
12033,Sclerurus albigularis,unknown,4.9441,0.0628
12034,Sclerurus caudacutus,unknown,5.1774,0.0541
12035,Sclerurus guatemalensis,unknown,5.0588,0.0637
12036,Sclerurus mexicanus,unknown,5.2971,0.0538
12037,Sclerurus rufigularis,unknown,4.8946,0.062
12038,Sclerurus scansor,unknown,5.098,0.0599
12039,Scolopax bukidnonensis,unknown,4.6677,0.0649
12040,Scolopax minor,unknown,6.214,0.0653
12041,Scolopax mira,unknown,5.0832,0.0622
12042,Scolopax rochussenii,unknown,4.9184,0.0591
12043,Scolopax rosenbergii,male,5.5096,0.063
12044,Scolopax rosenbergii,unknown,5.2832,0.0518
12045,Scolopax rusticola,unknown,5.8907,0.0558
12046,Scolopax saturata,unknown,5.1509,0.0542
12047,Scopus umbretta,unknown,5.5569,0.0503
12048,Scotocerca inquieta,unknown,5.8207,0.0463
12049,Scotopelia bouvieri,unknown,6.2368,0.0675
12050,Scotopelia peli,unknown,6.8931,0.0921
12051,Scotopelia ussheri,unknown,6.5268,0.0859
12052,Scytalopus acutirostris,unknown,5.593,0.0619
12053,Scytalopus affinis,unknown,5.4801,0.0513
12054,Scytalopus altirostris,male,4.971,0.0652
12055,Scytalopus altirostris,unknown,6.0976,0.0612
12056,Scytalopus alvarezlopezi,unknown,5.2223,0.0467
12057,Scytalopus argentifrons,male,5.5055,0.0407
12058,Scytalopus argentifrons,unknown,5.0949,0.0482
12059,Scytalopus atratus,unknown,5.0429,0.0579
12060,Scytalopus bolivianus,unknown,5.1044,0.0537
12061,Scytalopus canus,unknown,4.7463,0.0698
12062,Scytalopus caracae,unknown,5.704,0.0557
12063,Scytalopus chocoensis,male,5.5354,0.0907
12064,Scytalopus chocoensis,unknown,5.3864,0.057
12065,Scytalopus diamantinensis,unknown,4.8081,0.0627
12066,Scytalopus femoralis,unknown,4.3609,0.0723
12067,Scytalopus fuscus,unknown,4.8389,0.0661
12068,Scytalopus gettyae,unknown,5.3154,0.0598
12069,Scytalopus gonzagai,unknown,4.9868,0.051
12070,Scytalopus griseicollis,unknown,5.5373,0.0594
12071,Scytalopus iraiensis,unknown,4.8139,0.0771
12072,Scytalopus latebricola,unknown,5.1524,0.058
12073,Scytalopus latrans,unknown,5.2807,0.0474
12074,Scytalopus macropus,unknown,4.8866,0.0607
12075,Scytalopus magellanicus,unknown,5.4507,0.07
12076,Scytalopus meridanus,unknown,5.6522,0.0577
12077,Scytalopus micropterus,unknown,4.8486,0.06
12078,Scytalopus novacapitalis,male,4.4727,0.0379
12079,Scytalopus novacapitalis,unknown,5.3773,0.041
12080,Scytalopus opacus,unknown,5.5008,0.0485
12081,Scytalopus pachecoi,male,4.6508,0.0762
12082,Scytalopus pachecoi,unknown,5.5365,0.0646
12083,Scytalopus parkeri,unknown,5.7669,0.0618
12084,Scytalopus parvirostris,female,5.5066,0.0336
12085,Scytalopus parvirostris,male,5.365,0.0554
12086,Scytalopus parvirostris,unknown,4.8926,0.0662
12087,Scytalopus perijanus,unknown,4.8162,0.0612
12088,Scytalopus petrophilus,unknown,5.8317,0.0564
12089,Scytalopus robbinsi,unknown,4.5622,0.0822
12090,Scytalopus rodriguezi,unknown,5.2248,0.0492
12091,Scytalopus sanctaemartae,unknown,5.5341,0.0558
12092,Scytalopus schulenbergi,female,4.8318,0.0303
12093,Scytalopus schulenbergi,unknown,6.0199,0.0586
12094,Scytalopus simonsi,unknown,5.3258,0.0535
12095,Scytalopus speluncae,unknown,6.0345,0.0823
12096,Scytalopus spillmanni,unknown,5.4827,0.0662
12097,Scytalopus stilesi,unknown,4.9055,0.0496
12098,Scytalopus superciliaris,male,4.9178,0.0405
12099,Scytalopus superciliaris,unknown,6.21,0.058
12100,Scytalopus unicolor,unknown,4.8282,0.0701
12101,Scytalopus urubambae,unknown,5.4992,0.0422
12102,Scytalopus vicinior,unknown,4.5406,0.0767
12103,Scytalopus zimmeri,unknown,4.9565,0.0596
12104,Scythrops novaehollandiae,male,5.5583,0.0635
12105,Scythrops novaehollandiae,unknown,6.1889,0.0785
12106,Seiurus aurocapilla,unknown,6.6992,0.0688
12107,Selasphorus ardens,male,5.7245,0.0653
12108,Selasphorus ardens,unknown,5.8452,0.0768
12109,Selasphorus calliope,male,7.6288,0.0988
12110,Selasphorus calliope,unknown,7.3879,0.0996
12111,Selasphorus flammula,unknown,6.7623,0.0659
12112,Selasphorus platycercus,male,6.8705,0.0734
12113,Selasphorus platycercus,unknown,7.546,0.0844
12114,Selasphorus rufus,male,7.3907,0.1086
12115,Selasphorus rufus,unknown,7.5792,0.1017
12116,Selasphorus sasin,male,7.1718,0.0956
12117,Selasphorus sasin,unknown,7.7057,0.1012
12118,Selasphorus scintilla,female,7.5978,0.0861
12119,Selasphorus scintilla,unknown,6.9759,0.0903
12120,Selenidera gouldii,male,7.0482,0.0595
12121,Selenidera gouldii,unknown,6.8628,0.0987
12122,Selenidera maculirostris,male,6.9691,0.0646
12123,Selenidera maculirostris,unknown,7.2683,0.0977
12124,Selenidera nattereri,male,6.6302,0.0472
12125,Selenidera nattereri,unknown,6.4176,0.0751
12126,Selenidera piperivora,female,6.95,0.0135
12127,Selenidera piperivora,male,7.4962,0.11
12128,Selenidera piperivora,unknown,7.479,0.0971
12129,Selenidera reinwardtii,male,7.8478,0.0745
12130,Selenidera reinwardtii,unknown,7.2496,0.0854
12131,Selenidera spectabilis,female,7.1925,0.0273
12132,Selenidera spectabilis,male,7.1215,0.0422
12133,Selenidera spectabilis,unknown,7.5133,0.1098
12134,Seleucidis melanoleucus,unknown,6.777,0.0931
12135,Semioptera wallacii,male,6.8155,0.0627
12136,Semioptera wallacii,unknown,6.9114,0.0788
12137,Semnornis frantzii,unknown,6.1633,0.0372
12138,Semnornis ramphastinus,unknown,6.8108,0.0883
12139,Sephanoides fernandensis,female,6.8857,0.0614
12140,Sephanoides fernandensis,male,7.0395,0.0931
12141,Sephanoides fernandensis,unknown,7.6468,0.1257
12142,Sephanoides sephaniodes,male,6.856,0.0659
12143,Sephanoides sephaniodes,unknown,6.8012,0.0685
12144,Sericornis arfakianus,unknown,5.7246,0.0609
12145,Sericornis beccarii,unknown,4.573,0.0646
12146,Sericornis citreogularis,unknown,5.9306,0.0589
12147,Sericornis frontalis,male,5.2188,0.0533
12148,Sericornis frontalis,unknown,5.6288,0.0599
12149,Sericornis humilis,unknown,5.0261,0.0592
12150,Sericornis keri,unknown,5.1067,0.0451
12151,Sericornis magnirostra,unknown,5.1583,0.0554
12152,Sericornis nouhuysi,unknown,5.1125,0.0634
12153,Sericornis papuensis,unknown,5.4168,0.0705
12154,Sericornis perspicillatus,unknown,5.1895,0.0554
12155,Sericornis rufescens,unknown,5.1681,0.055
12156,Sericornis spilodera,male,5.3945,0.0401
12157,Sericornis spilodera,unknown,4.8929,0.0551
12158,Sericornis virgatus,unknown,4.5113,0.077
12159,Sericossypha albocristata,female,6.1836,0.0699
12160,Sericossypha albocristata,male,6.0755,0.0665
12161,Sericossypha albocristata,unknown,5.9666,0.0616
12162,Sericulus ardens,male,6.5153,0.0746
12163,Sericulus ardens,unknown,6.8639,0.0966
12164,Sericulus aureus,unknown,7.4841,0.1011
12165,Sericulus bakeri,unknown,5.886,0.051
12166,Sericulus chrysocephalus,female,5.4568,0.0414
12167,Sericulus chrysocephalus,male,6.1539,0.0672
12168,Sericulus chrysocephalus,unknown,6.8234,0.0903
12169,Serilophus lunatus,female,7.4278,0.0886
12170,Serilophus lunatus,unknown,6.9747,0.0687
12171,Serinus alario,male,5.6382,0.0564
12172,Serinus alario,unknown,5.8232,0.0547
12173,Serinus canaria,male,6.2649,0.0606
12174,Serinus canaria,unknown,6.0853,0.062
12175,Serinus canicollis,male,5.941,0.0382
12176,Serinus canicollis,unknown,6.267,0.061
12177,Serinus flavivertex,male,5.6928,0.0523
12178,Serinus flavivertex,unknown,6.001,0.055
12179,Serinus nigriceps,male,5.7855,0.0235
12180,Serinus nigriceps,unknown,5.8166,0.0559
12181,Serinus pusillus,male,6.5033,0.0736
12182,Serinus pusillus,unknown,6.1241,0.0678
12183,Serinus serinus,male,5.8453,0.0575
12184,Serinus serinus,unknown,6.3943,0.0729
12185,Serinus syriacus,male,6.246,0.0614
12186,Serinus syriacus,unknown,6.4379,0.0542
12187,Serpophaga cinerea,unknown,6.3173,0.0608
12188,Serpophaga griseicapilla,unknown,5.2959,0.0567
12189,Serpophaga hypoleuca,unknown,5.8027,0.0653
12190,Serpophaga munda,unknown,6.1211,0.0626
12191,Serpophaga nigricans,unknown,5.723,0.062
12192,Serpophaga subcristata,unknown,6.3065,0.0637
12193,Setopagis heterura,unknown,5.6672,0.0525
12194,Setopagis parvula,female,6.792,0.0818
12195,Setopagis parvula,male,6.114,NA
12196,Setopagis parvula,unknown,5.0214,0.0576
12197,Setopagis whitelyi,male,5.4695,0.0542
12198,Setopagis whitelyi,unknown,5.7309,0.0624
12199,Setophaga adelaidae,unknown,6.4177,0.0613
12200,Setophaga americana,male,7.0065,0.0656
12201,Setophaga americana,unknown,7.0914,0.0973
12202,Setophaga angelae,male,6.2737,0.0096
12203,Setophaga angelae,unknown,5.5584,0.0543
12204,Setophaga caerulescens,male,6.5261,0.0544
12205,Setophaga caerulescens,unknown,7.0659,0.08
12206,Setophaga castanea,male,6.3713,0.0261
12207,Setophaga castanea,unknown,6.6542,0.1091
12208,Setophaga cerulea,unknown,7.1596,0.0839
12209,Setophaga chrysoparia,male,6.3863,0.0491
12210,Setophaga chrysoparia,unknown,7.021,0.0769
12211,Setophaga citrina,male,6.707,0.1378
12212,Setophaga citrina,unknown,7.0032,0.084
12213,Setophaga coronata,male,6.0692,0.0267
12214,Setophaga coronata,unknown,7.0582,0.0775
12215,Setophaga delicata,unknown,7.1068,0.0904
12216,Setophaga discolor,unknown,6.7912,0.0689
12217,Setophaga dominica,unknown,6.5973,0.0716
12218,Setophaga flavescens,unknown,6.2882,0.0629
12219,Setophaga fusca,unknown,7.4552,0.0928
12220,Setophaga graciae,male,6.0427,0.0463
12221,Setophaga graciae,unknown,6.8589,0.0951
12222,Setophaga kirtlandii,male,6.5778,0.0614
12223,Setophaga kirtlandii,unknown,6.3655,0.07
12224,Setophaga magnolia,male,7.1974,0.0408
12225,Setophaga magnolia,unknown,7.2175,0.0974
12226,Setophaga nigrescens,male,6.1742,0.046
12227,Setophaga nigrescens,unknown,6.8414,0.0873
12228,Setophaga occidentalis,male,5.9796,0.0659
12229,Setophaga occidentalis,unknown,6.324,0.0679
12230,Setophaga palmarum,unknown,6.4862,0.0729
12231,Setophaga pensylvanica,unknown,6.6479,0.0729
12232,Setophaga petechia,unknown,7.1244,0.089
12233,Setophaga pharetra,male,5.828,0.0365
12234,Setophaga pharetra,unknown,5.8271,0.0649
12235,Setophaga pinus,unknown,6.7199,0.0736
12236,Setophaga pitiayumi,male,6.3542,0.069
12237,Setophaga pitiayumi,unknown,6.6482,0.0876
12238,Setophaga pityophila,male,6.0573,0.0337
12239,Setophaga pityophila,unknown,6.3523,0.0661
12240,Setophaga plumbea,unknown,5.6438,0.0555
12241,Setophaga ruticilla,male,6.1892,0.027
12242,Setophaga ruticilla,unknown,6.9484,0.0816
12243,Setophaga striata,female,6.0494,0.0727
12244,Setophaga striata,male,6.4838,0.034
12245,Setophaga striata,unknown,6.1418,0.0637
12246,Setophaga subita,unknown,6.4697,0.0709
12247,Setophaga tigrina,male,6.896,0.0658
12248,Setophaga tigrina,unknown,6.2309,0.0795
12249,Setophaga townsendi,male,7.4535,0.1226
12250,Setophaga townsendi,unknown,6.6851,0.0924
12251,Setophaga virens,unknown,6.3959,0.0675
12252,Setophaga vitellina,unknown,6.2498,0.0652
12253,Setornis criniger,unknown,5.536,0.0599
12254,Sheppardia aequatorialis,unknown,6.244,0.0706
12255,Sheppardia aurantiithorax,unknown,6.1956,0.058
12256,Sheppardia bocagei,unknown,6.5041,0.0767
12257,Sheppardia cyornithopsis,unknown,5.5358,0.054
12258,Sheppardia gabela,unknown,5.6428,0.0499
12259,Sheppardia gunningi,unknown,6.2178,0.0548
12260,Sheppardia lowei,unknown,4.9273,0.0604
12261,Sheppardia montana,unknown,4.6915,0.0675
12262,Sheppardia sharpei,unknown,5.4127,0.0509
12263,Sholicola albiventris,male,6.4735,0.0679
12264,Sholicola albiventris,unknown,6.3083,0.0717
12265,Sholicola major,unknown,6.4264,0.0674
12266,Sialia currucoides,female,5.2844,0.0662
12267,Sialia currucoides,male,7.548,0.0985
12268,Sialia currucoides,unknown,6.6137,0.0741
12269,Sialia mexicana,male,6.4979,0.0513
12270,Sialia mexicana,unknown,6.6489,0.0797
12271,Sialia sialis,male,6.5137,0.0658
12272,Sialia sialis,unknown,6.5871,0.0557
12273,Sibirionetta formosa,male,5.7386,0.0426
12274,Sibirionetta formosa,unknown,6.239,0.0581
12275,Sicalis auriventris,unknown,5.9416,0.0667
12276,Sicalis citrina,male,6.3085,0.0814
12277,Sicalis citrina,unknown,6.9574,0.0687
12278,Sicalis columbiana,male,6.1057,0.0468
12279,Sicalis columbiana,unknown,5.5259,0.0611
12280,Sicalis flaveola,unknown,6.2858,0.0766
12281,Sicalis lebruni,female,5.3145,0.0086
12282,Sicalis lebruni,male,5.3831,0.0517
12283,Sicalis lebruni,unknown,6.1012,0.0532
12284,Sicalis lutea,male,6.2844,0.0353
12285,Sicalis lutea,unknown,6.2836,0.0728
12286,Sicalis luteocephala,male,6.1738,0.0433
12287,Sicalis luteocephala,unknown,6.4732,0.0895
12288,Sicalis luteola,unknown,6.1831,0.0686
12289,Sicalis mendozae,male,5.8306,0.0432
12290,Sicalis mendozae,unknown,6.0662,0.0554
12291,Sicalis olivascens,female,5.484,NA
12292,Sicalis olivascens,male,5.7065,0.0443
12293,Sicalis olivascens,unknown,6.1681,0.0706
12294,Sicalis raimondii,unknown,5.7948,0.0602
12295,Sicalis taczanowskii,unknown,5.5626,0.0634
12296,Sicalis uropygialis,male,5.8699,0.055
12297,Sicalis uropygialis,unknown,6.2918,0.0554
12298,Sinosuthora alphonsiana,unknown,6.3691,0.0723
12299,Sinosuthora brunnea,unknown,5.3897,0.0606
12300,Sinosuthora conspicillata,unknown,5.8748,0.0537
12301,Sinosuthora przewalskii,unknown,5.6839,0.0533
12302,Sinosuthora webbiana,unknown,6.4464,0.0722
12303,Sinosuthora zappeyi,unknown,6.5699,0.0692
12304,Siphonorhis brewsteri,male,4.7591,0.0558
12305,Siphonorhis brewsteri,unknown,5.4894,0.0538
12306,Sipia berlepschi,female,5.171,0.0422
12307,Sipia berlepschi,male,5.2451,0.056
12308,Sipia berlepschi,unknown,5.9043,0.0565
12309,Sipia laemosticta,female,6.0374,0.0544
12310,Sipia laemosticta,male,6.2038,0.024
12311,Sipia laemosticta,unknown,6.4619,0.0631
12312,Sipia nigricauda,male,5.2488,0.0696
12313,Sipia nigricauda,unknown,5.5931,0.0558
12314,Sipia palliata,male,5.414,0.0267
12315,Sipia palliata,unknown,5.7992,0.0763
12316,Sipodotus wallacii,unknown,6.7633,0.0962
12317,Siptornis striaticollis,unknown,4.7835,0.0679
12318,Sirystes albocinereus,unknown,5.0811,0.0509
12319,Sirystes albogriseus,unknown,5.2188,0.0608
12320,Sirystes sibilator,unknown,5.3188,0.0557
12321,Sirystes subcanescens,unknown,5.0883,0.0614
12322,Sitta azurea,unknown,6.5243,0.0664
12323,Sitta canadensis,unknown,6.1914,0.0708
12324,Sitta carolinensis,female,6.1378,0.0629
12325,Sitta carolinensis,unknown,6.4057,0.0831
12326,Sitta cashmirensis,female,5.3988,0.108
12327,Sitta cashmirensis,male,5.8324,0.0545
12328,Sitta cashmirensis,unknown,5.8566,0.0762
12329,Sitta castanea,unknown,6.623,0.088
12330,Sitta cinnamoventris,male,6.4688,0.0946
12331,Sitta cinnamoventris,unknown,6.4465,0.066
12332,Sitta europaea,unknown,6.4263,0.0651
12333,Sitta formosa,unknown,7.0138,0.0885
12334,Sitta frontalis,female,7.2854,0.0993
12335,Sitta frontalis,unknown,7.0846,0.1169
12336,Sitta himalayensis,unknown,6.439,0.0527
12337,Sitta krueperi,male,5.899,0.0548
12338,Sitta krueperi,unknown,5.642,0.0454
12339,Sitta ledanti,male,5.9302,0.0517
12340,Sitta ledanti,unknown,5.8463,0.064
12341,Sitta leucopsis,unknown,6.5517,0.0614
12342,Sitta magna,male,5.7722,0.0329
12343,Sitta magna,unknown,6.482,0.0713
12344,Sitta nagaensis,unknown,6.7905,0.0697
12345,Sitta neglecta,male,6.0475,0.0463
12346,Sitta neglecta,unknown,7.0137,0.0952
12347,Sitta neumayer,unknown,5.2582,0.0619
12348,Sitta oenochlamys,unknown,6.5947,0.0596
12349,Sitta przewalskii,unknown,6.2424,0.0569
12350,Sitta pusilla,unknown,6.202,0.0526
12351,Sitta pygmaea,unknown,5.961,0.0608
12352,Sitta solangiae,male,5.9973,0.0361
12353,Sitta solangiae,unknown,6.9239,0.0781
12354,Sitta tephronota,unknown,5.9285,0.076
12355,Sitta victoriae,male,7.3173,0.0884
12356,Sitta victoriae,unknown,6.8121,0.0709
12357,Sitta villosa,unknown,5.8119,0.0596
12358,Sitta whiteheadi,male,6.2683,0.0292
12359,Sitta whiteheadi,unknown,6.3431,0.066
12360,Sitta yunnanensis,male,6.8108,0.0466
12361,Sitta yunnanensis,unknown,5.9224,0.0614
12362,Sittasomus griseicapillus,unknown,5.501,0.0555
12363,Sittiparus castaneoventris,unknown,6.3141,0.055
12364,Sittiparus olivaceus,unknown,5.4746,0.0632
12365,Sittiparus owstoni,unknown,6.4063,0.0578
12366,Sittiparus semilarvatus,unknown,5.8014,0.0555
12367,Sittiparus varius,male,6.485,NA
12368,Sittiparus varius,unknown,6.6904,0.0698
12369,Smicrornis brevirostris,unknown,5.5129,0.0548
12370,Smithornis capensis,female,5.45,0.0108
12371,Smithornis capensis,male,6.5073,0.0484
12372,Smithornis capensis,unknown,6.576,0.0623
12373,Smithornis rufolateralis,male,6.756,0.0227
12374,Smithornis rufolateralis,unknown,6.247,0.0658
12375,Smithornis sharpei,male,5.9368,0.0268
12376,Smithornis sharpei,unknown,6.4168,0.0584
12377,Smutsornis africanus,unknown,6.3473,0.0627
12378,Snowornis cryptolophus,unknown,5.8327,0.0549
12379,Snowornis subalaris,male,5.8703,0.0316
12380,Snowornis subalaris,unknown,5.6538,0.0624
12381,Somateria fischeri,female,5.0565,0.0764
12382,Somateria fischeri,male,5.244,0.0186
12383,Somateria fischeri,unknown,5.4433,0.056
12384,Somateria mollissima,female,5.7653,0.0644
12385,Somateria mollissima,unknown,5.6374,0.0493
12386,Somateria spectabilis,male,6.355,0.054
12387,Somateria spectabilis,unknown,6.7492,0.0733
12388,Spartonoica maluroides,unknown,5.2723,0.0604
12389,Spatula clypeata,male,6.3072,0.0774
12390,Spatula clypeata,unknown,5.9051,0.0572
12391,Spatula cyanoptera,male,5.9829,0.0644
12392,Spatula cyanoptera,unknown,5.5176,0.0505
12393,Spatula discors,male,5.5844,0.0647
12394,Spatula discors,unknown,5.8855,0.0436
12395,Spatula hottentota,unknown,5.8073,0.0512
12396,Spatula platalea,male,5.2993,0.0514
12397,Spatula platalea,unknown,5.807,0.0561
12398,Spatula puna,male,5.577,0.0716
12399,Spatula puna,unknown,6.2436,0.0638
12400,Spatula querquedula,male,5.8405,0.0751
12401,Spatula querquedula,unknown,5.5854,0.0571
12402,Spatula rhynchotis,male,5.2765,0.064
12403,Spatula rhynchotis,unknown,5.3463,0.0525
12404,Spatula smithii,male,5.5869,0.0498
12405,Spatula smithii,unknown,5.2931,0.0634
12406,Spatula versicolor,unknown,5.9561,0.0863
12407,Speculanas specularis,unknown,5.5584,0.0586
12408,Speculipastor bicolor,female,5.6993,0.0836
12409,Speculipastor bicolor,male,5.5688,0.0622
12410,Speculipastor bicolor,unknown,5.2058,0.0592
12411,Spelaeornis badeigularis,unknown,5.7038,0.0551
12412,Spelaeornis caudatus,male,5.351,0.0498
12413,Spelaeornis caudatus,unknown,5.9218,0.0608
12414,Spelaeornis chocolatinus,unknown,5.697,0.0577
12415,Spelaeornis kinneari,male,5.0951,0.034
12416,Spelaeornis kinneari,unknown,5.9121,0.0766
12417,Spelaeornis longicaudatus,unknown,5.2639,0.0636
12418,Spelaeornis oatesi,male,5.137,0.0428
12419,Spelaeornis oatesi,unknown,5.4263,0.048
12420,Spelaeornis reptatus,male,5.316,0.0674
12421,Spelaeornis reptatus,unknown,5.4572,0.0508
12422,Spelaeornis troglodytoides,unknown,6.081,0.0585
12423,Spermestes bicolor,unknown,6.3633,0.0643
12424,Spermestes cucullata,unknown,5.9857,0.0637
12425,Spermestes fringilloides,unknown,5.6391,0.0497
12426,Spermophaga haematina,male,6.6091,0.0655
12427,Spermophaga haematina,unknown,6.6756,0.0672
12428,Spermophaga poliogenys,male,6.1702,0.0483
12429,Spermophaga poliogenys,unknown,4.7104,0.0469
12430,Spermophaga ruficapilla,unknown,7.0863,0.0824
12431,Sphecotheres hypoleucus,male,5.907,0.0386
12432,Sphecotheres hypoleucus,unknown,4.917,0.0579
12433,Sphecotheres vieilloti,female,5.0806,0.1003
12434,Sphecotheres vieilloti,unknown,5.0897,0.0453
12435,Sphecotheres viridis,unknown,5.8106,0.0437
12436,Spheniscus demersus,unknown,6.7623,0.092
12437,Spheniscus humboldti,unknown,6.5183,0.0846
12438,Spheniscus magellanicus,unknown,6.4262,0.0754
12439,Spheniscus mendiculus,unknown,6.0919,0.0579
12440,Sphenoeacus afer,male,5.0807,0.0897
12441,Sphenoeacus afer,unknown,5.6608,0.0553
12442,Sphenopsis frontalis,unknown,5.3837,0.0505
12443,Sphenopsis melanotis,unknown,6.022,0.0543
12444,Sphyrapicus nuchalis,female,5.4672,0.0614
12445,Sphyrapicus nuchalis,male,6.6101,0.0508
12446,Sphyrapicus nuchalis,unknown,6.8246,0.0748
12447,Sphyrapicus ruber,male,6.5829,0.0549
12448,Sphyrapicus ruber,unknown,6.4923,0.0821
12449,Sphyrapicus thyroideus,female,6.554,NA
12450,Sphyrapicus thyroideus,unknown,6.1969,0.0569
12451,Sphyrapicus varius,male,7.0842,0.0653
12452,Sphyrapicus varius,unknown,6.2932,0.0507
12453,Spiloptila clamans,male,5.16,0.0426
12454,Spiloptila clamans,unknown,5.9126,0.064
12455,Spilornis cheela,unknown,6.9503,0.1105
12456,Spilornis elgini,unknown,6.2967,0.0631
12457,Spilornis holospilus,unknown,5.941,0.0535
12458,Spilornis kinabaluensis,unknown,6.6071,0.0744
12459,Spilornis klossi,unknown,5.7687,0.0626
12460,Spilornis rufipectus,unknown,6.23,0.0657
12461,Spindalis dominicensis,male,6.6882,0.0763
12462,Spindalis dominicensis,unknown,7.0659,0.0671
12463,Spindalis nigricephala,male,6.7424,0.0585
12464,Spindalis nigricephala,unknown,7.061,0.0754
12465,Spindalis portoricensis,male,6.472,0.0492
12466,Spindalis portoricensis,unknown,6.7577,0.0531
12467,Spindalis zena,male,7.0329,0.0988
12468,Spindalis zena,unknown,6.6471,0.0901
12469,Spinus atratus,male,5.667,0.0265
12470,Spinus atratus,unknown,5.8179,0.0617
12471,Spinus atriceps,unknown,5.6529,0.0478
12472,Spinus barbatus,unknown,5.9309,0.0861
12473,Spinus crassirostris,female,5.3856,0.0445
12474,Spinus crassirostris,male,5.8244,0.0539
12475,Spinus crassirostris,unknown,6.231,0.0784
12476,Spinus cucullatus,female,6.089,0.0662
12477,Spinus cucullatus,male,6.5592,0.0679
12478,Spinus cucullatus,unknown,6.0169,0.0554
12479,Spinus dominicensis,female,5.1223,0.0103
12480,Spinus dominicensis,male,5.76,0.0439
12481,Spinus dominicensis,unknown,6.2623,0.0612
12482,Spinus lawrencei,male,5.758,0.0654
12483,Spinus lawrencei,unknown,6.4979,0.0753
12484,Spinus magellanicus,male,7.081,NA
12485,Spinus magellanicus,unknown,6.2963,0.0661
12486,Spinus notatus,male,5.8279,0.0426
12487,Spinus notatus,unknown,5.9952,0.0502
12488,Spinus olivaceus,female,5.2227,0.0289
12489,Spinus olivaceus,male,6.5651,0.088
12490,Spinus olivaceus,unknown,6.3537,0.064
12491,Spinus pinus,male,5.854,NA
12492,Spinus pinus,unknown,5.5572,0.055
12493,Spinus psaltria,male,5.737,0.0293
12494,Spinus psaltria,unknown,6.4438,0.0686
12495,Spinus siemiradzkii,unknown,6.6559,0.0714
12496,Spinus spinescens,male,5.959,0.0553
12497,Spinus spinescens,unknown,6.2167,0.0608
12498,Spinus spinus,female,6.0557,0.0278
12499,Spinus spinus,male,6.1946,0.0541
12500,Spinus spinus,unknown,6.4777,0.0504
12501,Spinus thibetanus,female,5.6072,0.0592
12502,Spinus thibetanus,male,6.0603,0.0547
12503,Spinus thibetanus,unknown,6.3216,0.0688
12504,Spinus tristis,male,5.9318,0.0489
12505,Spinus tristis,unknown,6.1202,0.0643
12506,Spinus uropygialis,male,6.1283,0.0829
12507,Spinus uropygialis,unknown,5.926,0.0723
12508,Spinus xanthogastrus,female,5.5791,0.0322
12509,Spinus xanthogastrus,male,5.0119,0.0648
12510,Spinus xanthogastrus,unknown,5.5801,0.0491
12511,Spinus yarrellii,female,5.9823,0.0464
12512,Spinus yarrellii,male,5.7928,0.058
12513,Spinus yarrellii,unknown,6.1024,0.0604
12514,Spiza americana,unknown,6.7699,0.0879
12515,Spizaetus isidori,female,6.8973,0.0625
12516,Spizaetus isidori,unknown,5.8664,0.0606
12517,Spizaetus melanoleucus,unknown,6.4989,0.0629
12518,Spizaetus ornatus,unknown,6.7291,0.0757
12519,Spizaetus tyrannus,male,6.2601,0.0308
12520,Spizaetus tyrannus,unknown,7.2447,0.1081
12521,Spizella atrogularis,unknown,5.3948,0.0569
12522,Spizella breweri,unknown,5.2751,0.0462
12523,Spizella pallida,unknown,5.5441,0.0577
12524,Spizella passerina,unknown,5.4453,0.0685
12525,Spizella pusilla,unknown,5.4953,0.0527
12526,Spizella wortheni,male,5.2238,0.0597
12527,Spizella wortheni,unknown,5.4035,0.055
12528,Spizelloides arborea,unknown,6.2632,0.0554
12529,Spiziapteryx circumcincta,unknown,6.3119,0.0663
12530,Spizixos canifrons,unknown,6.3831,0.0642
12531,Spizixos semitorques,unknown,5.8825,0.0592
12532,Spizocorys conirostris,unknown,5.4321,0.0604
12533,Spizocorys fremantlii,unknown,4.7416,0.0652
12534,Spizocorys fringillaris,unknown,4.6015,0.0607
12535,Spizocorys personata,unknown,4.6106,0.0586
12536,Spizocorys sclateri,unknown,4.5765,0.0602
12537,Spizocorys starki,unknown,4.6564,0.0613
12538,Spodiopsar cineraceus,unknown,4.9116,0.058
12539,Spodiopsar sericeus,unknown,5.9228,0.0553
12540,Spodiornis rusticus,female,5.4467,0.0432
12541,Spodiornis rusticus,male,5.5153,0.0523
12542,Spodiornis rusticus,unknown,5.6182,0.0442
12543,Sporaeginthus formosus,unknown,6.4048,0.0635
12544,Sporaeginthus subflavus,unknown,6.3966,0.0543
12545,Sporophila albogularis,male,5.3025,0.0454
12546,Sporophila albogularis,unknown,5.6408,0.0591
12547,Sporophila americana,male,5.5097,0.0744
12548,Sporophila americana,unknown,5.8429,0.0629
12549,Sporophila angolensis,male,6.0998,0.0432
12550,Sporophila angolensis,unknown,5.7023,0.049
12551,Sporophila ardesiaca,male,5.6028,0.0548
12552,Sporophila ardesiaca,unknown,5.558,0.0458
12553,Sporophila atrirostris,male,5.8106,0.0537
12554,Sporophila atrirostris,unknown,5.3962,0.0596
12555,Sporophila beltoni,male,5.8864,0.0457
12556,Sporophila beltoni,unknown,6.2677,0.0556
12557,Sporophila bouvreuil,male,6.0286,0.0536
12558,Sporophila bouvreuil,unknown,5.8161,0.0556
12559,Sporophila bouvronides,male,5.6679,0.0471
12560,Sporophila bouvronides,unknown,6.1278,0.0495
12561,Sporophila caerulescens,male,5.2645,0.0452
12562,Sporophila caerulescens,unknown,5.4828,0.0467
12563,Sporophila castaneiventris,male,5.9973,0.075
12564,Sporophila castaneiventris,unknown,5.5556,0.0524
12565,Sporophila cinnamomea,male,6.5602,0.0354
12566,Sporophila cinnamomea,unknown,6.177,0.0498
12567,Sporophila collaris,male,6.432,0.0544
12568,Sporophila collaris,unknown,6.4297,0.0607
12569,Sporophila corvina,male,6.1049,0.056
12570,Sporophila corvina,unknown,6.0759,0.0572
12571,Sporophila crassirostris,male,5.2248,0.0449
12572,Sporophila crassirostris,unknown,5.5254,0.0413
12573,Sporophila falcirostris,female,5.4956,0.0656
12574,Sporophila falcirostris,male,5.3594,0.0522
12575,Sporophila falcirostris,unknown,5.4558,0.0552
12576,Sporophila fringilloides,unknown,6.284,0.0611
12577,Sporophila frontalis,male,5.2989,0.0593
12578,Sporophila frontalis,unknown,5.6948,0.0805
12579,Sporophila funerea,male,5.0937,0.0533
12580,Sporophila funerea,unknown,5.4775,0.0628
12581,Sporophila hypochroma,male,5.5058,0.0494
12582,Sporophila hypochroma,unknown,5.7143,0.0502
12583,Sporophila hypoxantha,male,5.756,0.0582
12584,Sporophila hypoxantha,unknown,6.4244,0.1077
12585,Sporophila intermedia,male,5.719,0.0487
12586,Sporophila intermedia,unknown,5.0342,0.071
12587,Sporophila leucoptera,female,5.1052,0.0561
12588,Sporophila leucoptera,male,5.4726,0.0492
12589,Sporophila leucoptera,unknown,6.0308,0.0483
12590,Sporophila lineola,male,5.5113,0.0835
12591,Sporophila lineola,unknown,6.0176,0.0641
12592,Sporophila luctuosa,male,5.8177,0.0613
12593,Sporophila luctuosa,unknown,5.6266,0.0781
12594,Sporophila maximiliani,female,5.9396,0.0945
12595,Sporophila maximiliani,male,5.7315,0.0535
12596,Sporophila maximiliani,unknown,5.5747,0.0527
12597,Sporophila melanogaster,female,6.297,0.0718
12598,Sporophila melanogaster,male,5.511,0.0577
12599,Sporophila melanogaster,unknown,5.6118,0.0626
12600,Sporophila minuta,male,6.2268,0.0677
12601,Sporophila minuta,unknown,6.1484,0.0598
12602,Sporophila morelleti,male,5.7435,0.0667
12603,Sporophila morelleti,unknown,5.8974,0.0595
12604,Sporophila murallae,male,5.4278,0.0635
12605,Sporophila murallae,unknown,5.5824,0.0467
12606,Sporophila nigricollis,male,5.3032,0.0619
12607,Sporophila nigricollis,unknown,5.8866,0.0433
12608,Sporophila nigrorufa,male,6.5457,0.0399
12609,Sporophila nigrorufa,unknown,5.5486,0.0582
12610,Sporophila nuttingi,female,5.239,0.0166
12611,Sporophila nuttingi,male,5.0072,0.0626
12612,Sporophila nuttingi,unknown,6.0702,0.0564
12613,Sporophila palustris,male,6.223,0.0509
12614,Sporophila palustris,unknown,6.0505,0.0592
12615,Sporophila peruviana,female,4.847,0.0188
12616,Sporophila peruviana,male,5.3813,0.049
12617,Sporophila peruviana,unknown,5.6034,0.0573
12618,Sporophila pileata,male,5.3965,0.0463
12619,Sporophila pileata,unknown,6.0913,0.0616
12620,Sporophila plumbea,male,5.745,0.0408
12621,Sporophila plumbea,unknown,5.4392,0.062
12622,Sporophila ruficollis,male,6.3195,0.0748
12623,Sporophila ruficollis,unknown,5.6577,0.0577
12624,Sporophila schistacea,unknown,5.4475,0.0488
12625,Sporophila simplex,unknown,5.0059,0.0578
12626,Sporophila telasco,unknown,5.3282,0.0693
12627,Sporophila torqueola,female,6.182,0.0482
12628,Sporophila torqueola,male,5.897,0.0498
12629,Sporophila torqueola,unknown,6.2393,0.0486
12630,Sporopipes frontalis,unknown,6.1595,0.0552
12631,Sporopipes squamifrons,unknown,5.7355,0.059
12632,Stachyris grammiceps,unknown,4.7748,0.0869
12633,Stachyris herberti,unknown,5.0255,0.0599
12634,Stachyris humei,unknown,5.256,0.0532
12635,Stachyris leucotis,unknown,5.3191,0.0516
12636,Stachyris maculata,unknown,5.5053,0.0516
12637,Stachyris nigriceps,unknown,5.9755,0.0511
12638,Stachyris nigricollis,unknown,5.671,0.0574
12639,Stachyris nonggangensis,unknown,5.2232,0.0576
12640,Stachyris oglei,unknown,4.7398,0.0664
12641,Stachyris poliocephala,unknown,5.559,0.0536
12642,Stachyris roberti,unknown,5.2685,0.0565
12643,Stachyris strialata,unknown,6.2318,0.0648
12644,Stachyris thoracica,male,5.2746,0.0778
12645,Stachyris thoracica,unknown,5.5323,0.0607
12646,Stactolaema anchietae,unknown,5.4283,0.0443
12647,Stactolaema leucotis,unknown,5.7844,0.052
12648,Stactolaema olivacea,unknown,5.0536,0.0568
12649,Stactolaema whytii,unknown,5.3543,0.0681
12650,Stagonopleura bella,male,6.6545,0.0631
12651,Stagonopleura bella,unknown,7.3843,0.1131
12652,Stagonopleura guttata,unknown,7.0134,0.1039
12653,Stagonopleura oculata,unknown,6.7706,0.0866
12654,Starnoenas cyanocephala,unknown,6.0183,0.0566
12655,Steatornis caripensis,unknown,7.1533,0.0988
12656,Stelgidillas gracilirostris,unknown,5.4218,0.0568
12657,Stelgidopteryx ruficollis,unknown,5.3731,0.044
12658,Stelgidopteryx serripennis,unknown,5.608,0.0538
12659,Stenostira scita,unknown,5.9816,0.0496
12660,Stephanoaetus coronatus,unknown,6.6243,0.0837
12661,Stephanophorus diadematus,unknown,6.2122,0.0618
12662,Stephanoxis lalandi,male,7.4141,0.1035
12663,Stephanoxis lalandi,unknown,8.0103,0.0944
12664,Stephanoxis loddigesii,male,7.5022,0.1089
12665,Stephanoxis loddigesii,unknown,6.9106,0.0953
12666,Stercorarius antarcticus,unknown,5.4116,0.0569
12667,Stercorarius chilensis,unknown,4.8571,0.0553
12668,Stercorarius longicaudus,unknown,5.7361,0.0535
12669,Stercorarius maccormicki,unknown,4.9706,0.062
12670,Stercorarius parasiticus,unknown,5.5471,0.0598
12671,Stercorarius pomarinus,unknown,5.4345,0.0543
12672,Stercorarius skua,male,5.2335,0.0802
12673,Stercorarius skua,unknown,5.4094,0.0515
12674,Sterna acuticauda,unknown,5.9762,0.0551
12675,Sterna aurantia,unknown,5.5502,0.0452
12676,Sterna dougallii,unknown,6.2534,0.0634
12677,Sterna forsteri,unknown,5.9689,0.0971
12678,Sterna hirundinacea,unknown,6.3353,0.065
12679,Sterna hirundo,unknown,6.2426,0.059
12680,Sterna paradisaea,unknown,5.8724,0.0543
12681,Sterna repressa,unknown,6.2992,0.0762
12682,Sterna striata,unknown,5.5749,0.0625
12683,Sterna sumatrana,unknown,6.4179,0.0787
12684,Sterna trudeaui,unknown,5.4838,0.0544
12685,Sterna virgata,unknown,5.7208,0.0536
12686,Sterna vittata,unknown,6.3006,0.0637
12687,Sternoclyta cyanopectus,male,7.2757,0.0857
12688,Sternoclyta cyanopectus,unknown,6.7605,0.0973
12689,Sternula albifrons,female,5.7499,0.0412
12690,Sternula albifrons,unknown,6.5599,0.0592
12691,Sternula antillarum,unknown,5.9287,0.0489
12692,Sternula balaenarum,unknown,5.6964,0.0558
12693,Sternula lorata,unknown,5.4825,0.0523
12694,Sternula nereis,unknown,5.5925,0.0581
12695,Sternula saundersi,unknown,5.7158,0.0675
12696,Sternula superciliaris,unknown,6.0293,0.0727
12697,Sterrhoptilus capitalis,unknown,4.9296,0.054
12698,Sterrhoptilus dennistouni,unknown,6.0427,0.0589
12699,Sterrhoptilus nigrocapitatus,unknown,4.523,0.0529
12700,Stictonetta naevosa,female,5.2313,0.0448
12701,Stictonetta naevosa,male,5.0063,0.0574
12702,Stictonetta naevosa,unknown,5.8191,0.052
12703,Stigmatura budytoides,unknown,5.693,0.0517
12704,Stigmatura napensis,unknown,5.7195,0.0556
12705,Stilpnia argyrofenges,unknown,5.9995,0.0719
12706,Stilpnia cayana,male,6.4343,0.0401
12707,Stilpnia cayana,unknown,6.8654,0.0896
12708,Stilpnia cucullata,unknown,5.6871,0.053
12709,Stilpnia cyanicollis,unknown,7.3492,0.1119
12710,Stilpnia cyanoptera,female,5.902,0.0136
12711,Stilpnia cyanoptera,male,6.1337,0.0342
12712,Stilpnia cyanoptera,unknown,6.1304,0.0575
12713,Stilpnia heinei,male,6.6426,0.0676
12714,Stilpnia heinei,unknown,6.7522,0.0756
12715,Stilpnia larvata,unknown,7.4151,0.1348
12716,Stilpnia meyerdeschauenseei,unknown,5.7074,0.0564
12717,Stilpnia nigrocincta,unknown,7.0734,0.0854
12718,Stilpnia peruviana,male,6.5283,0.0729
12719,Stilpnia peruviana,unknown,7.0656,0.0836
12720,Stilpnia phillipsi,unknown,5.7831,0.0645
12721,Stilpnia preciosa,unknown,7.3827,0.0933
12722,Stilpnia viridicollis,male,5.689,0.0667
12723,Stilpnia viridicollis,unknown,6.0813,0.0619
12724,Stilpnia vitriolina,unknown,6.2144,0.0465
12725,Stiltia isabella,unknown,6.0126,0.0562
12726,Stiphrornis erythrothorax,male,7.7054,0.1103
12727,Stiphrornis erythrothorax,unknown,6.8944,0.0816
12728,Stipiturus malachurus,male,6.567,NA
12729,Stipiturus malachurus,unknown,6.9474,0.085
12730,Stipiturus mallee,male,6.5017,0.047
12731,Stipiturus mallee,unknown,6.1512,0.0594
12732,Stipiturus ruficeps,unknown,7.0764,0.0655
12733,Stomiopera flava,unknown,5.3012,0.0609
12734,Stomiopera unicolor,unknown,4.9955,0.0557
12735,Strepera fuliginosa,unknown,5.1013,0.0506
12736,Strepera graculina,unknown,5.3262,0.0589
12737,Strepera versicolor,unknown,5.0844,0.0524
12738,Streptocitta albertinae,unknown,6.0481,0.0687
12739,Streptocitta albicollis,unknown,5.4366,0.0496
12740,Streptopelia bitorquata,unknown,4.9481,0.0528
12741,Streptopelia capicola,unknown,5.499,0.0633
12742,Streptopelia chinensis,unknown,5.95,0.0553
12743,Streptopelia decaocto,unknown,5.1793,0.0511
12744,Streptopelia decipiens,male,5.7987,0.0394
12745,Streptopelia decipiens,unknown,5.0084,0.0514
12746,Streptopelia dusumieri,unknown,5.1969,0.065
12747,Streptopelia hypopyrrha,male,5.606,0.0274
12748,Streptopelia hypopyrrha,unknown,4.7083,0.0602
12749,Streptopelia lugens,unknown,5.4185,0.0569
12750,Streptopelia orientalis,unknown,5.6757,0.0575
12751,Streptopelia picturata,unknown,5.4841,0.0555
12752,Streptopelia reichenowi,unknown,5.6392,0.0505
12753,Streptopelia roseogrisea,unknown,5.3529,0.0519
12754,Streptopelia semitorquata,unknown,5.8141,0.0562
12755,Streptopelia senegalensis,unknown,6.0681,0.0606
12756,Streptopelia tranquebarica,female,6.308,NA
12757,Streptopelia tranquebarica,male,5.7518,0.0712
12758,Streptopelia tranquebarica,unknown,6.0796,0.0536
12759,Streptopelia turtur,male,4.6632,0.0574
12760,Streptopelia turtur,unknown,5.9572,0.064
12761,Streptopelia vinacea,unknown,5.5924,0.0577
12762,Streptoprocne biscutata,unknown,5.1477,0.0551
12763,Streptoprocne phelpsi,male,4.8314,0.0851
12764,Streptoprocne phelpsi,unknown,4.8677,0.0584
12765,Streptoprocne rutila,male,4.9707,0.0306
12766,Streptoprocne rutila,unknown,5.6105,0.0545
12767,Streptoprocne semicollaris,unknown,5.0225,0.0477
12768,Streptoprocne zonaris,unknown,5.8228,0.0643
12769,Stresemannia bougainvillei,unknown,5.0231,0.0573
12770,Strigops habroptila,male,6.6404,0.0752
12771,Strigops habroptila,unknown,7.0987,0.0965
12772,Strix aluco,unknown,7.0563,0.0731
12773,Strix butleri,male,5.3121,0.0485
12774,Strix butleri,unknown,5.8101,0.0561
12775,Strix chacoensis,unknown,6.5092,0.0745
12776,Strix davidi,unknown,6.8221,0.0756
12777,Strix fulvescens,male,6.1066,0.0519
12778,Strix fulvescens,unknown,6.9918,0.0791
12779,Strix hadorami,unknown,6.879,0.0757
12780,Strix hylophila,female,7.143,0.0949
12781,Strix hylophila,unknown,6.6567,0.0807
12782,Strix leptogrammica,female,7.3025,0.1276
12783,Strix leptogrammica,male,7.025,NA
12784,Strix leptogrammica,unknown,6.4327,0.0703
12785,Strix nebulosa,unknown,7.1124,0.1146
12786,Strix nivicolum,unknown,6.7923,0.0949
12787,Strix occidentalis,female,6.9661,0.0986
12788,Strix occidentalis,unknown,7.3305,0.0784
12789,Strix ocellata,unknown,6.8194,0.0972
12790,Strix rufipes,unknown,7.1402,0.0899
12791,Strix seloputo,unknown,6.7595,0.0888
12792,Strix uralensis,unknown,7.6035,0.1165
12793,Strix varia,unknown,6.9555,0.0777
12794,Strix woodfordii,unknown,7.3494,0.1156
12795,Struthidea cinerea,unknown,4.7107,0.0637
12796,Struthio camelus,female,5.988,NA
12797,Struthio camelus,male,5.383,0.0568
12798,Struthio camelus,unknown,6.0292,0.0795
12799,Struthio molybdophanes,male,5.8618,0.0698
12800,Struthio molybdophanes,unknown,6.1226,0.0679
12801,Sturnella magna,male,5.8263,0.0523
12802,Sturnella magna,unknown,6.3229,0.0654
12803,Sturnella neglecta,unknown,5.7205,0.0501
12804,Sturnia blythii,unknown,5.5666,0.0522
12805,Sturnia erythropygia,unknown,6.1505,0.0654
12806,Sturnia malabarica,female,5.6831,0.0392
12807,Sturnia malabarica,male,6.6076,0.0614
12808,Sturnia malabarica,unknown,6.0823,0.0574
12809,Sturnia pagodarum,unknown,6.5481,0.0674
12810,Sturnia sinensis,unknown,5.8306,0.0555
12811,Sturnornis albofrontatus,unknown,5.3319,0.047
12812,Sturnus unicolor,male,5.8027,0.0553
12813,Sturnus unicolor,unknown,5.7383,0.0559
12814,Sturnus vulgaris,unknown,5.5275,0.0597
12815,Stymphalornis acutirostris,female,5.5519,0.0593
12816,Stymphalornis acutirostris,unknown,5.9341,0.0579
12817,Sublegatus arenarum,unknown,5.9762,0.0705
12818,Sublegatus modestus,unknown,5.8131,0.0514
12819,Sublegatus obscurior,unknown,5.4425,0.0594
12820,Sugomel nigrum,female,4.755,0.053
12821,Sugomel nigrum,male,5.3808,0.0615
12822,Sugomel nigrum,unknown,5.26,0.0586
12823,Suiriri affinis,male,6.321,0.0419
12824,Suiriri affinis,unknown,5.5084,0.0543
12825,Suiriri suiriri,unknown,5.4576,0.0499
12826,Sula dactylatra,unknown,5.2411,0.0483
12827,Sula granti,unknown,6.111,0.0586
12828,Sula leucogaster,female,6.1915,0.0603
12829,Sula leucogaster,male,6.1678,0.0582
12830,Sula leucogaster,unknown,6.0699,0.0582
12831,Sula nebouxii,unknown,6.903,0.0936
12832,Sula sula,unknown,5.7153,0.0618
12833,Sula variegata,unknown,5.8461,0.0477
12834,Surnia ulula,unknown,7.3829,0.093
12835,Surniculus dicruroides,unknown,6.1919,0.0725
12836,Surniculus lugubris,unknown,5.6156,0.0525
12837,Surniculus musschenbroeki,unknown,4.9398,0.0667
12838,Surniculus velutinus,unknown,5.9737,0.0532
12839,Suthora fulvifrons,unknown,6.8013,0.0919
12840,Suthora nipalensis,unknown,6.489,0.0765
12841,Suthora verreauxi,unknown,6.6352,0.0869
12842,Swynnertonia swynnertoni,male,6.1684,0.1114
12843,Swynnertonia swynnertoni,unknown,6.3035,0.1219
12844,Sylvia abyssinica,unknown,5.1681,0.0503
12845,Sylvia atricapilla,female,5.6579,0.0505
12846,Sylvia atricapilla,male,5.6005,0.0607
12847,Sylvia atricapilla,unknown,4.8795,0.0656
12848,Sylvia atriceps,unknown,5.4937,0.066
12849,Sylvia balearica,unknown,5.477,0.0552
12850,Sylvia boehmi,unknown,5.5658,0.0505
12851,Sylvia borin,unknown,5.7805,0.0467
12852,Sylvia buryi,unknown,5.0659,0.0586
12853,Sylvia cantillans,male,5.6746,0.0449
12854,Sylvia cantillans,unknown,5.6229,0.0481
12855,Sylvia communis,male,4.9484,0.0529
12856,Sylvia communis,unknown,5.2978,0.053
12857,Sylvia conspicillata,male,5.9131,0.061
12858,Sylvia conspicillata,unknown,5.7453,0.0538
12859,Sylvia crassirostris,male,4.8093,0.0765
12860,Sylvia crassirostris,unknown,5.2805,0.0481
12861,Sylvia curruca,male,5.7856,0.0508
12862,Sylvia curruca,unknown,5.4831,0.0558
12863,Sylvia deserti,unknown,5.4795,0.0504
12864,Sylvia deserticola,male,5.3562,0.06
12865,Sylvia deserticola,unknown,6.2996,0.0524
12866,Sylvia dohrni,unknown,5.1852,0.0547
12867,Sylvia hortensis,male,5.7334,0.0589
12868,Sylvia hortensis,unknown,5.3392,0.0483
12869,Sylvia layardi,unknown,5.4664,0.0549
12870,Sylvia leucomelaena,unknown,5.2894,0.0516
12871,Sylvia lugens,unknown,5.1412,0.0547
12872,Sylvia melanocephala,female,5.814,0.0446
12873,Sylvia melanocephala,male,5.654,0.0481
12874,Sylvia melanocephala,unknown,5.8286,0.0631
12875,Sylvia melanothorax,unknown,6.067,0.058
12876,Sylvia mystacea,male,5.4134,0.0373
12877,Sylvia mystacea,unknown,5.2884,0.0472
12878,Sylvia nana,male,6.1222,0.0584
12879,Sylvia nana,unknown,5.5768,0.0475
12880,Sylvia nigricapillus,unknown,6.0448,0.0667
12881,Sylvia nisoria,female,5.115,0.0307
12882,Sylvia nisoria,unknown,4.9711,0.0707
12883,Sylvia ruppeli,male,5.1214,0.0481
12884,Sylvia ruppeli,unknown,5.3933,0.0343
12885,Sylvia sarda,female,5.8213,0.0565
12886,Sylvia sarda,male,5.4389,0.0463
12887,Sylvia sarda,unknown,5.6387,0.0723
12888,Sylvia subalpina,male,5.7472,0.0656
12889,Sylvia subalpina,unknown,5.543,0.0568
12890,Sylvia subcoerulea,unknown,5.3612,0.0459
12891,Sylvia undata,male,5.6934,0.0621
12892,Sylvia undata,unknown,5.91,0.0594
12893,Sylvietta brachyura,unknown,5.4431,0.0534
12894,Sylvietta denti,unknown,4.6356,0.0579
12895,Sylvietta isabellina,unknown,4.8125,0.0703
12896,Sylvietta leucophrys,unknown,5.3029,0.0649
12897,Sylvietta philippae,unknown,5.2745,0.0536
12898,Sylvietta rufescens,unknown,4.5753,0.0715
12899,Sylvietta ruficapilla,unknown,4.5998,0.0816
12900,Sylvietta virens,unknown,4.7365,0.0589
12901,Sylvietta whytii,unknown,5.0591,0.0577
12902,Sylviorthorhynchus desmursii,unknown,5.5318,0.0566
12903,Sylviorthorhynchus yanacensis,unknown,5.9512,0.0627
12904,Sylviparus modestus,unknown,5.9204,0.0593
12905,Syma megarhyncha,unknown,6.6468,0.0651
12906,Syma torotoro,male,7.4691,0.1255
12907,Syma torotoro,unknown,7.0694,0.1024
12908,Symposiachrus axillaris,male,6.2343,0.0559
12909,Symposiachrus axillaris,unknown,4.9044,0.0574
12910,Symposiachrus barbatus,unknown,5.5681,0.0673
12911,Symposiachrus boanensis,unknown,6.1703,0.0767
12912,Symposiachrus brehmii,male,6.4878,0.0661
12913,Symposiachrus brehmii,unknown,6.4973,0.0857
12914,Symposiachrus browni,unknown,5.1856,0.0514
12915,Symposiachrus everetti,unknown,6.4476,0.0638
12916,Symposiachrus guttula,unknown,5.9278,0.0536
12917,Symposiachrus infelix,unknown,5.6155,0.0651
12918,Symposiachrus julianae,unknown,5.371,0.0519
12919,Symposiachrus leucurus,unknown,5.4208,0.0562
12920,Symposiachrus loricatus,unknown,5.7449,0.0616
12921,Symposiachrus manadensis,male,6.2411,0.05
12922,Symposiachrus manadensis,unknown,6.1509,0.0931
12923,Symposiachrus menckei,unknown,4.5621,0.0651
12924,Symposiachrus mundus,unknown,6.1404,0.0731
12925,Symposiachrus sacerdotum,unknown,5.4957,0.0654
12926,Symposiachrus trivirgatus,unknown,6.5735,0.064
12927,Symposiachrus verticalis,unknown,5.6565,0.056
12928,Symposiachrus vidua,unknown,5.7238,0.0621
12929,Synallaxis albescens,unknown,5.103,0.0597
12930,Synallaxis albigularis,unknown,6.144,0.0724
12931,Synallaxis albilora,unknown,5.4846,0.0588
12932,Synallaxis azarae,unknown,5.5853,0.0579
12933,Synallaxis beverlyae,unknown,4.6306,0.0964
12934,Synallaxis brachyura,unknown,6.0258,0.0534
12935,Synallaxis cabanisi,unknown,5.4545,0.0595
12936,Synallaxis candei,unknown,5.8991,0.0658
12937,Synallaxis castanea,unknown,6.0721,0.0536
12938,Synallaxis cherriei,unknown,6.0261,0.0567
12939,Synallaxis cinerascens,unknown,5.203,0.0496
12940,Synallaxis cinerea,unknown,5.7921,0.0552
12941,Synallaxis cinnamomea,unknown,5.9667,0.0655
12942,Synallaxis courseni,unknown,6.2078,0.0558
12943,Synallaxis erythrothorax,unknown,5.4499,0.0587
12944,Synallaxis frontalis,unknown,6.141,0.0753
12945,Synallaxis fuscorufa,unknown,5.837,0.0537
12946,Synallaxis gujanensis,unknown,5.3098,0.0568
12947,Synallaxis hellmayri,unknown,5.3505,0.0529
12948,Synallaxis hypochondriaca,unknown,4.9734,0.0425
12949,Synallaxis hypospodia,unknown,5.5414,0.0625
12950,Synallaxis infuscata,male,5.2758,0.0288
12951,Synallaxis infuscata,unknown,5.609,0.0639
12952,Synallaxis kollari,unknown,5.8064,0.0446
12953,Synallaxis macconnelli,unknown,4.9164,0.0611
12954,Synallaxis maranonica,unknown,5.4813,0.0541
12955,Synallaxis moesta,unknown,5.6741,0.0486
12956,Synallaxis ruficapilla,unknown,5.69,0.0593
12957,Synallaxis rutilans,unknown,5.3819,0.0565
12958,Synallaxis scutata,unknown,5.3049,0.0504
12959,Synallaxis spixi,unknown,6.0319,0.0601
12960,Synallaxis stictothorax,unknown,5.8415,0.0452
12961,Synallaxis subpudica,unknown,5.7997,0.0573
12962,Synallaxis tithys,unknown,5.5143,0.0434
12963,Synallaxis unirufa,unknown,5.5293,0.0587
12964,Synallaxis zimmeri,unknown,5.6781,0.049
12965,Syndactyla dimidiata,unknown,5.5763,0.0633
12966,Syndactyla guttulata,unknown,5.0746,0.0411
12967,Syndactyla roraimae,unknown,5.0222,0.0616
12968,Syndactyla ruficollis,unknown,5.5088,0.0591
12969,Syndactyla rufosuperciliata,unknown,5.4995,0.0664
12970,Syndactyla striata,unknown,5.7571,0.0508
12971,Syndactyla subalaris,unknown,5.5444,0.0503
12972,Syndactyla ucayalae,unknown,5.1131,0.0612
12973,Synoicus adansonii,female,4.7319,0.0596
12974,Synoicus adansonii,male,4.291,0.0669
12975,Synoicus adansonii,unknown,5.3577,0.0439
12976,Synoicus chinensis,male,5.1894,0.0355
12977,Synoicus chinensis,unknown,6.0319,0.0542
12978,Synoicus ypsilophorus,male,5.9706,0.0549
12979,Synoicus ypsilophorus,unknown,5.7965,0.0463
12980,Synthliboramphus antiquus,unknown,5.9557,0.0631
12981,Synthliboramphus craveri,unknown,5.9309,0.0592
12982,Synthliboramphus hypoleucus,unknown,5.3567,0.0476
12983,Synthliboramphus scrippsi,unknown,6.209,0.0689
12984,Synthliboramphus wumizusume,unknown,5.3207,0.0513
12985,Sypheotides indicus,male,6.4742,0.0879
12986,Sypheotides indicus,unknown,6.2142,0.0608
12987,Syrigma sibilatrix,unknown,6.1986,0.0616
12988,Syrmaticus ellioti,male,5.7917,0.0552
12989,Syrmaticus ellioti,unknown,6.6777,0.0782
12990,Syrmaticus humiae,female,5.445,0.0379
12991,Syrmaticus humiae,male,6.0669,0.0539
12992,Syrmaticus humiae,unknown,6.2975,0.0613
12993,Syrmaticus mikado,male,6.6185,0.0702
12994,Syrmaticus mikado,unknown,6.6794,0.105
12995,Syrmaticus reevesii,female,5.6238,0.0584
12996,Syrmaticus reevesii,male,6.4546,0.0524
12997,Syrmaticus reevesii,unknown,6.6527,0.053
12998,Syrmaticus soemmerringii,female,4.8327,0.0205
12999,Syrmaticus soemmerringii,male,5.6085,0.0871
13000,Syrmaticus soemmerringii,unknown,6.305,0.0554
13001,Syrrhaptes paradoxus,male,6.4688,0.0574
13002,Syrrhaptes paradoxus,unknown,6.2651,0.077
13003,Syrrhaptes tibetanus,female,6.422,0.0725
13004,Syrrhaptes tibetanus,male,5.5327,0.0352
13005,Syrrhaptes tibetanus,unknown,6.2978,0.1209
13006,Systellura decussata,unknown,4.9709,0.0495
13007,Systellura longirostris,unknown,6.2808,0.0998
13008,Taccocua leschenaultii,unknown,5.7575,0.0573
13009,Tachornis furcata,unknown,5.1179,0.0666
13010,Tachornis phoenicobia,unknown,5.5853,0.0534
13011,Tachornis squamata,unknown,5.117,0.0487
13012,Tachuris rubrigastra,unknown,6.9529,0.0834
13013,Tachybaptus dominicus,unknown,5.4487,0.0465
13014,Tachybaptus novaehollandiae,unknown,6.2064,0.0655
13015,Tachybaptus pelzelnii,unknown,6.4493,0.0693
13016,Tachybaptus ruficollis,unknown,5.7125,0.0607
13017,Tachycineta albilinea,unknown,6.0872,0.0631
13018,Tachycineta albiventer,unknown,6.605,0.0772
13019,Tachycineta bicolor,male,6.2058,0.0395
13020,Tachycineta bicolor,unknown,6.7292,0.0731
13021,Tachycineta cyaneoviridis,unknown,6.9169,0.0983
13022,Tachycineta euchrysea,unknown,5.1513,0.0648
13023,Tachycineta leucopyga,unknown,5.9751,0.063
13024,Tachycineta leucorrhoa,unknown,6.0331,0.0703
13025,Tachycineta stolzmanni,unknown,5.4062,0.0532
13026,Tachycineta thalassina,male,7.0104,0.059
13027,Tachycineta thalassina,unknown,7.4886,0.0765
13028,Tachyeres brachypterus,female,5.8343,0.0536
13029,Tachyeres brachypterus,male,5.6446,0.0782
13030,Tachyeres brachypterus,unknown,5.1187,0.0696
13031,Tachyeres leucocephalus,male,5.2151,0.0332
13032,Tachyeres leucocephalus,unknown,5.2901,0.0502
13033,Tachyeres patachonicus,female,6.3893,0.038
13034,Tachyeres patachonicus,unknown,5.9268,0.0493
13035,Tachyeres pteneres,male,5.4311,0.0646
13036,Tachyeres pteneres,unknown,5.9461,0.042
13037,Tachyphonus coronatus,female,5.3966,0.0622
13038,Tachyphonus coronatus,unknown,5.4523,0.0504
13039,Tachyphonus cristatus,male,6.1319,0.0573
13040,Tachyphonus cristatus,unknown,6.3585,0.0364
13041,Tachyphonus delatrii,unknown,6.5173,0.0724
13042,Tachyphonus luctuosus,female,5.7486,0.0171
13043,Tachyphonus luctuosus,male,6.7287,0.0931
13044,Tachyphonus luctuosus,unknown,6.3795,0.0675
13045,Tachyphonus phoenicius,female,5.2541,0.0576
13046,Tachyphonus phoenicius,male,5.6317,0.0602
13047,Tachyphonus phoenicius,unknown,5.8932,0.0524
13048,Tachyphonus rufiventer,male,5.4215,0.0771
13049,Tachyphonus rufiventer,unknown,6.3717,0.0792
13050,Tachyphonus rufus,female,6.4475,0.0735
13051,Tachyphonus rufus,male,5.8748,0.0582
13052,Tachyphonus rufus,unknown,5.8234,0.0583
13053,Tachyphonus surinamus,male,5.7972,0.0368
13054,Tachyphonus surinamus,unknown,6.5806,0.0809
13055,Tadorna cana,unknown,5.8017,0.0606
13056,Tadorna ferruginea,male,5.79,NA
13057,Tadorna ferruginea,unknown,6.4583,0.0716
13058,Tadorna tadorna,unknown,6.3064,0.0678
13059,Tadorna tadornoides,unknown,5.5649,0.0675
13060,Tadorna variegata,female,5.948,0.0209
13061,Tadorna variegata,male,5.4832,0.066
13062,Tadorna variegata,unknown,6.036,0.0459
13063,Taeniopygia bichenovii,unknown,6.861,0.0865
13064,Taeniopygia guttata,female,6.573,NA
13065,Taeniopygia guttata,male,6.4048,0.0286
13066,Taeniopygia guttata,unknown,6.5678,0.0665
13067,Taeniotriccus andrei,male,5.6647,0.0403
13068,Taeniotriccus andrei,unknown,5.9516,0.0636
13069,Talegalla cuvieri,unknown,4.6442,0.0737
13070,Talegalla fuscirostris,unknown,4.6999,0.0618
13071,Talegalla jobiensis,unknown,4.0501,0.07
13072,Tangara arthus,unknown,7.2009,0.0991
13073,Tangara callophrys,unknown,7.3755,0.1076
13074,Tangara chilensis,unknown,7.4089,0.0939
13075,Tangara chrysotis,unknown,7.1245,0.1203
13076,Tangara cyanocephala,male,7.1977,0.0965
13077,Tangara cyanocephala,unknown,7.4139,0.1071
13078,Tangara cyanotis,unknown,6.9817,0.0633
13079,Tangara cyanoventris,unknown,7.7358,0.128
13080,Tangara desmaresti,unknown,7.1801,0.0883
13081,Tangara dowii,unknown,6.8426,0.0779
13082,Tangara fastuosa,male,6.7526,0.09
13083,Tangara fastuosa,unknown,7.3543,0.1412
13084,Tangara florida,male,6.5481,0.0795
13085,Tangara florida,unknown,7.6384,0.0987
13086,Tangara fucosa,unknown,5.6344,0.061
13087,Tangara gyrola,unknown,7.09,0.0842
13088,Tangara icterocephala,unknown,6.5841,0.0783
13089,Tangara inornata,unknown,4.8796,0.0686
13090,Tangara johannae,unknown,6.3836,0.0669
13091,Tangara labradorides,unknown,6.7098,0.0808
13092,Tangara lavinia,male,6.6798,0.0525
13093,Tangara lavinia,unknown,6.3504,0.055
13094,Tangara mexicana,unknown,7.2842,0.1052
13095,Tangara nigroviridis,unknown,7.572,0.1098
13096,Tangara parzudakii,unknown,7.0377,0.0624
13097,Tangara rufigenis,unknown,6.1297,0.0642
13098,Tangara schrankii,unknown,6.9724,0.0851
13099,Tangara seledon,male,7.3637,0.058
13100,Tangara seledon,unknown,7.2509,0.1502
13101,Tangara vassorii,unknown,7.2214,0.0973
13102,Tangara velia,female,6.155,0.0757
13103,Tangara velia,unknown,7.2367,0.1178
13104,Tangara xanthocephala,unknown,7.0381,0.0979
13105,Tanygnathus gramineus,unknown,5.4977,0.0561
13106,Tanygnathus lucionensis,unknown,7.3457,0.0923
13107,Tanygnathus megalorynchos,unknown,6.8394,0.0757
13108,Tanygnathus sumatranus,male,7.145,0.073
13109,Tanygnathus sumatranus,unknown,6.4245,0.0625
13110,Tanysiptera carolinae,unknown,7.3604,0.1102
13111,Tanysiptera danae,unknown,7.0665,0.1155
13112,Tanysiptera ellioti,unknown,7.1116,0.0803
13113,Tanysiptera galatea,unknown,7.1863,0.1046
13114,Tanysiptera hydrocharis,unknown,6.9122,0.0893
13115,Tanysiptera nigriceps,unknown,6.4199,0.0558
13116,Tanysiptera nympha,unknown,7.0973,0.0855
13117,Tanysiptera riedelii,unknown,7.1754,0.0898
13118,Tanysiptera sylvia,unknown,7.4269,0.1306
13119,Tapera naevia,unknown,6.2635,0.065
13120,Taphrolesbia griseiventris,unknown,6.7022,0.0767
13121,Taphrospilus hypostictus,unknown,6.9886,0.0685
13122,Taraba major,male,5.9146,0.0599
13123,Taraba major,unknown,5.7615,0.0549
13124,Tarphonomus certhioides,unknown,4.8569,0.0593
13125,Tarphonomus harterti,unknown,5.0315,0.0591
13126,Tarsiger chrysaeus,female,6.2163,0.0292
13127,Tarsiger chrysaeus,male,6.7732,0.0819
13128,Tarsiger chrysaeus,unknown,6.5684,0.0649
13129,Tarsiger cyanurus,female,6.3348,0.0402
13130,Tarsiger cyanurus,male,7.1943,0.0804
13131,Tarsiger cyanurus,unknown,6.5078,0.0752
13132,Tarsiger hyperythrus,male,7.5027,0.0899
13133,Tarsiger hyperythrus,unknown,6.4828,0.0473
13134,Tarsiger indicus,male,5.8166,0.0684
13135,Tarsiger indicus,unknown,6.26,0.0572
13136,Tarsiger johnstoniae,unknown,6.7266,0.0658
13137,Tarsiger rufilatus,male,7.3223,0.0812
13138,Tarsiger rufilatus,unknown,7.0851,0.0908
13139,Tauraco bannermani,unknown,6.5099,0.0836
13140,Tauraco corythaix,unknown,7.1258,0.103
13141,Tauraco erythrolophus,unknown,7.1921,0.086
13142,Tauraco fischeri,unknown,7.2769,0.0915
13143,Tauraco hartlaubi,unknown,6.9573,0.0923
13144,Tauraco leucolophus,unknown,6.702,0.0731
13145,Tauraco leucotis,unknown,6.6808,0.066
13146,Tauraco livingstonii,unknown,7.2503,0.1061
13147,Tauraco macrorhynchus,unknown,7.1003,0.0647
13148,Tauraco persa,unknown,6.9342,0.0779
13149,Tauraco porphyreolophus,unknown,7.5261,0.0884
13150,Tauraco ruspolii,unknown,7.2001,0.1137
13151,Tauraco schalowi,unknown,7.2179,0.0924
13152,Tauraco schuettii,unknown,7.2831,0.0979
13153,Tchagra australis,male,5.687,0.0496
13154,Tchagra australis,unknown,6.5659,0.0643
13155,Tchagra jamesi,unknown,6.286,0.078
13156,Tchagra minutus,male,5.8983,0.0834
13157,Tchagra minutus,unknown,5.7984,0.0656
13158,Tchagra senegalus,unknown,6.2504,0.06
13159,Tchagra tchagra,male,6.1714,0.0291
13160,Tchagra tchagra,unknown,6.0878,0.0573
13161,Telacanthura melanopygia,unknown,4.2458,0.0684
13162,Telacanthura ussheri,unknown,5.5044,0.0518
13163,Teledromas fuscus,unknown,5.1589,0.0401
13164,Telespiza cantans,unknown,5.2983,0.065
13165,Telespiza ultima,unknown,5.7889,0.049
13166,Telophorus bocagei,unknown,6.1853,0.0603
13167,Telophorus dohertyi,unknown,7.0528,0.0988
13168,Telophorus kupeensis,unknown,5.3209,0.0505
13169,Telophorus multicolor,unknown,6.3145,0.0671
13170,Telophorus nigrifrons,male,6.2733,0.0257
13171,Telophorus nigrifrons,unknown,6.9079,0.0756
13172,Telophorus olivaceus,male,6.1244,0.0603
13173,Telophorus olivaceus,unknown,5.8079,0.0473
13174,Telophorus sulfureopectus,unknown,6.4439,0.0684
13175,Telophorus viridis,male,6.6875,0.056
13176,Telophorus viridis,unknown,7.2338,0.1057
13177,Telophorus zeylonus,male,5.6819,0.0778
13178,Telophorus zeylonus,unknown,6.8175,0.0839
13179,Temnurus temnurus,unknown,5.8845,0.0595
13180,Tephrodornis affinis,unknown,5.2921,0.0388
13181,Tephrodornis pondicerianus,unknown,5.3487,0.0633
13182,Tephrodornis sylvicola,unknown,5.2733,0.0566
13183,Tephrodornis virgatus,male,6.36,NA
13184,Tephrodornis virgatus,unknown,5.499,0.0435
13185,Tephrozosterops stalkeri,unknown,4.3573,0.0812
13186,Terathopius ecaudatus,female,6.569,0.0725
13187,Terathopius ecaudatus,unknown,5.6252,0.0391
13188,Terenotriccus erythrurus,unknown,6.61,0.0721
13189,Terenura maculata,male,6.1999,0.0544
13190,Terenura maculata,unknown,6.0692,0.057
13191,Terenura sicki,female,5.413,0.0357
13192,Terenura sicki,male,5.013,0.0489
13193,Terenura sicki,unknown,5.2742,0.0555
13194,Teretistris fernandinae,unknown,6.1064,0.0662
13195,Teretistris fornsi,unknown,6.2681,0.0622
13196,Terpsiphone affinis,male,6.6164,0.0322
13197,Terpsiphone affinis,unknown,6.3159,0.0671
13198,Terpsiphone atrocaudata,male,6.7221,0.0262
13199,Terpsiphone atrocaudata,unknown,6.9149,0.0754
13200,Terpsiphone atrochalybeia,female,6.5036,0.0217
13201,Terpsiphone atrochalybeia,unknown,6.3359,0.0594
13202,Terpsiphone batesi,female,5.1798,0.0535
13203,Terpsiphone batesi,male,6.7816,0.0862
13204,Terpsiphone batesi,unknown,7.0474,0.0712
13205,Terpsiphone bourbonnensis,unknown,6.7982,0.0756
13206,Terpsiphone cinnamomea,unknown,6.6384,0.0759
13207,Terpsiphone corvina,female,6.0648,0.0682
13208,Terpsiphone corvina,male,6.1269,0.0679
13209,Terpsiphone corvina,unknown,6.6014,0.1056
13210,Terpsiphone cyanescens,female,6.3601,0.0494
13211,Terpsiphone cyanescens,male,6.6008,0.0861
13212,Terpsiphone cyanescens,unknown,6.743,0.0791
13213,Terpsiphone incei,female,5.9888,0.0495
13214,Terpsiphone incei,male,6.6761,0.066
13215,Terpsiphone incei,unknown,6.8788,0.1014
13216,Terpsiphone mutata,female,7.0552,0.0333
13217,Terpsiphone mutata,male,6.6093,0.0341
13218,Terpsiphone mutata,unknown,6.6591,0.0775
13219,Terpsiphone paradisi,female,6.607,NA
13220,Terpsiphone paradisi,male,6.909,0.075
13221,Terpsiphone paradisi,unknown,6.7313,0.0746
13222,Terpsiphone rufiventer,female,6.7706,0.0785
13223,Terpsiphone rufiventer,male,6.9698,0.046
13224,Terpsiphone rufiventer,unknown,6.2536,0.0723
13225,Terpsiphone rufocinerea,male,6.6889,0.0587
13226,Terpsiphone rufocinerea,unknown,7.1426,0.0921
13227,Terpsiphone viridis,unknown,7.3685,0.0922
13228,Tersina viridis,male,6.656,0.0018
13229,Tersina viridis,unknown,6.7944,0.0804
13230,Tesia cyaniventer,male,6.403,0.0629
13231,Tesia cyaniventer,unknown,6.0663,0.0891
13232,Tesia everetti,male,5.4338,0.0279
13233,Tesia everetti,unknown,5.5812,0.0543
13234,Tesia olivea,male,6.2769,0.0722
13235,Tesia olivea,unknown,5.5346,0.0491
13236,Tesia superciliaris,unknown,5.8646,0.0535
13237,Tetrao mlokosiewiczi,male,5.763,NA
13238,Tetrao mlokosiewiczi,unknown,5.6756,0.0502
13239,Tetrao tetrix,female,6.2643,0.0512
13240,Tetrao tetrix,unknown,6.0733,0.047
13241,Tetrao urogalloides,unknown,6.1752,0.0511
13242,Tetrao urogallus,male,6.8239,0.0564
13243,Tetrao urogallus,unknown,5.6222,0.0529
13244,Tetraogallus altaicus,unknown,6.1998,0.0653
13245,Tetraogallus caspius,female,5.423,NA
13246,Tetraogallus caspius,unknown,5.0357,0.0533
13247,Tetraogallus caucasicus,unknown,5.2498,0.049
13248,Tetraogallus himalayensis,male,5.5686,0.0593
13249,Tetraogallus himalayensis,unknown,5.975,0.0473
13250,Tetraogallus tibetanus,female,5.7131,0.0454
13251,Tetraogallus tibetanus,male,5.5298,0.0325
13252,Tetraogallus tibetanus,unknown,5.9375,0.0517
13253,Tetraophasis obscurus,male,5.4899,0.0339
13254,Tetraophasis obscurus,unknown,5.1735,0.0624
13255,Tetraophasis szechenyii,unknown,5.7059,0.0785
13256,Tetrastes bonasia,male,5.802,0.0723
13257,Tetrastes bonasia,unknown,6.1015,0.0578
13258,Tetrastes sewerzowi,unknown,5.5866,0.0699
13259,Tetrax tetrax,male,5.9818,0.0652
13260,Tetrax tetrax,unknown,5.9661,0.055
13261,Thalassarche bulleri,unknown,5.8281,0.0579
13262,Thalassarche cauta,unknown,5.0398,0.0632
13263,Thalassarche chlororhynchos,unknown,5.3429,0.0396
13264,Thalassarche chrysostoma,unknown,6.6808,0.0909
13265,Thalassarche eremita,unknown,5.2729,0.0645
13266,Thalassarche melanophris,unknown,5.8284,0.0549
13267,Thalassarche salvini,unknown,5.5988,0.057
13268,Thalasseus bengalensis,unknown,5.5285,0.0489
13269,Thalasseus bergii,unknown,5.3111,0.0605
13270,Thalasseus bernsteini,unknown,5.6106,0.0593
13271,Thalasseus elegans,unknown,5.7718,0.0548
13272,Thalasseus maximus,unknown,6.0301,0.0463
13273,Thalasseus sandvicensis,unknown,6.0249,0.0637
13274,Thalassoica antarctica,unknown,5.3933,0.0584
13275,Thalassornis leuconotus,unknown,5.081,0.0631
13276,Thalurania colombica,male,7.297,0.0874
13277,Thalurania colombica,unknown,7.4798,0.1235
13278,Thalurania furcata,female,6.7247,0.0532
13279,Thalurania furcata,male,7.0863,0.088
13280,Thalurania furcata,unknown,7.1836,0.0946
13281,Thalurania glaucopis,male,7.9902,0.129
13282,Thalurania glaucopis,unknown,7.9716,0.1342
13283,Thalurania ridgwayi,male,6.8688,0.0731
13284,Thalurania ridgwayi,unknown,7.5946,0.1199
13285,Thalurania watertonii,female,6.7956,0.0432
13286,Thalurania watertonii,male,7.5515,0.1215
13287,Thalurania watertonii,unknown,7.055,0.0939
13288,Thamnistes anabatinus,unknown,5.1609,0.0683
13289,Thamnistes rufescens,unknown,4.9282,0.0596
13290,Thamnolaea cinnamomeiventris,unknown,5.8902,0.0517
13291,Thamnolaea semirufa,male,5.8198,0.0755
13292,Thamnolaea semirufa,unknown,6.1984,0.0702
13293,Thamnomanes ardesiacus,male,5.1396,0.0414
13294,Thamnomanes ardesiacus,unknown,5.1215,0.0527
13295,Thamnomanes caesius,female,5.1897,0.0518
13296,Thamnomanes caesius,male,4.914,0.0452
13297,Thamnomanes caesius,unknown,5.7714,0.0564
13298,Thamnomanes saturninus,unknown,5.1429,0.0501
13299,Thamnomanes schistogynus,male,5.492,0.0611
13300,Thamnomanes schistogynus,unknown,5.3557,0.0405
13301,Thamnophilus aethiops,female,5.7395,0.072
13302,Thamnophilus aethiops,male,5.3233,0.0733
13303,Thamnophilus aethiops,unknown,5.0975,0.0615
13304,Thamnophilus amazonicus,female,6.739,0.0172
13305,Thamnophilus amazonicus,unknown,6.0187,0.0628
13306,Thamnophilus ambiguus,female,5.8884,0.0787
13307,Thamnophilus ambiguus,male,5.6276,0.0683
13308,Thamnophilus ambiguus,unknown,5.9131,0.0527
13309,Thamnophilus aroyae,female,5.435,0.0632
13310,Thamnophilus aroyae,male,5.3595,0.0614
13311,Thamnophilus aroyae,unknown,6.0717,0.0409
13312,Thamnophilus atrinucha,male,6.304,0.0822
13313,Thamnophilus atrinucha,unknown,6.0772,0.0548
13314,Thamnophilus bernardi,female,6.2033,0.1856
13315,Thamnophilus bernardi,male,6.0332,0.0604
13316,Thamnophilus bernardi,unknown,6.2242,0.0732
13317,Thamnophilus bridgesi,female,5.6061,0.0602
13318,Thamnophilus bridgesi,unknown,5.278,0.052
13319,Thamnophilus caerulescens,male,6.2401,0.0584
13320,Thamnophilus caerulescens,unknown,6.0972,0.0782
13321,Thamnophilus cryptoleucus,male,6.0301,0.0623
13322,Thamnophilus cryptoleucus,unknown,6.1006,0.0615
13323,Thamnophilus divisorius,male,5.3304,0.0661
13324,Thamnophilus divisorius,unknown,5.3368,0.066
13325,Thamnophilus doliatus,male,5.9266,0.0364
13326,Thamnophilus doliatus,unknown,5.6502,0.0595
13327,Thamnophilus insignis,male,5.0764,0.0474
13328,Thamnophilus insignis,unknown,5.1636,0.0535
13329,Thamnophilus melanonotus,female,5.9078,0.0618
13330,Thamnophilus melanonotus,male,5.4314,0.0493
13331,Thamnophilus melanonotus,unknown,5.6022,0.0456
13332,Thamnophilus melanothorax,unknown,4.6297,0.0731
13333,Thamnophilus multistriatus,female,6.3555,0.0393
13334,Thamnophilus multistriatus,male,6.1889,0.0733
13335,Thamnophilus multistriatus,unknown,6.0628,0.0653
13336,Thamnophilus murinus,male,5.7993,0.0411
13337,Thamnophilus murinus,unknown,5.1588,0.0587
13338,Thamnophilus nigriceps,female,5.7966,0.0563
13339,Thamnophilus nigriceps,male,5.3995,0.0448
13340,Thamnophilus nigriceps,unknown,6.1667,0.0509
13341,Thamnophilus nigrocinereus,male,5.7864,0.0513
13342,Thamnophilus nigrocinereus,unknown,5.3986,0.0508
13343,Thamnophilus palliatus,male,6.7705,0.0858
13344,Thamnophilus palliatus,unknown,6.2132,0.0707
13345,Thamnophilus pelzelni,male,5.3141,0.0527
13346,Thamnophilus pelzelni,unknown,5.132,0.0461
13347,Thamnophilus praecox,female,6.0034,0.0449
13348,Thamnophilus praecox,male,5.1553,0.0421
13349,Thamnophilus praecox,unknown,5.4427,0.0678
13350,Thamnophilus punctatus,female,5.457,0.0466
13351,Thamnophilus punctatus,male,5.8043,0.085
13352,Thamnophilus punctatus,unknown,5.6841,0.0558
13353,Thamnophilus ruficapillus,male,5.6937,0.0508
13354,Thamnophilus ruficapillus,unknown,5.6448,0.0552
13355,Thamnophilus schistaceus,female,5.919,0.0884
13356,Thamnophilus schistaceus,male,5.1922,0.0469
13357,Thamnophilus schistaceus,unknown,5.2746,0.0671
13358,Thamnophilus stictocephalus,male,5.2069,0.0439
13359,Thamnophilus stictocephalus,unknown,6.0806,0.0548
13360,Thamnophilus sticturus,female,5.6845,0.0608
13361,Thamnophilus sticturus,male,5.6656,0.0514
13362,Thamnophilus sticturus,unknown,5.5033,0.0574
13363,Thamnophilus tenuepunctatus,male,5.8813,0.0684
13364,Thamnophilus tenuepunctatus,unknown,5.3977,0.0484
13365,Thamnophilus torquatus,male,6.0162,0.0554
13366,Thamnophilus torquatus,unknown,5.8429,0.0529
13367,Thamnophilus unicolor,female,6.065,0.0056
13368,Thamnophilus unicolor,unknown,5.579,0.0533
13369,Thamnophilus zarumae,female,5.7062,0.017
13370,Thamnophilus zarumae,male,6.3007,0.0744
13371,Thamnophilus zarumae,unknown,5.2478,0.0495
13372,Thamnornis chloropetoides,unknown,5.8662,0.0619
13373,Thaumastura cora,female,6.1587,0.0706
13374,Thaumastura cora,male,7.412,0.0643
13375,Thaumastura cora,unknown,7.3453,0.1162
13376,Thectocercus acuticaudatus,unknown,6.4027,0.0687
13377,Theristicus branickii,unknown,5.7955,0.0442
13378,Theristicus caerulescens,unknown,5.0005,0.057
13379,Theristicus caudatus,unknown,5.1369,0.0609
13380,Theristicus melanopis,female,5.8187,0.0467
13381,Theristicus melanopis,male,5.7655,0.0044
13382,Theristicus melanopis,unknown,6.0729,0.0454
13383,Thescelocichla leucopleura,unknown,5.0163,0.0497
13384,Thinocorus orbignyianus,unknown,5.1664,0.0585
13385,Thinocorus rumicivorus,male,5.266,0.0373
13386,Thinocorus rumicivorus,unknown,6.1013,0.0505
13387,Thinornis cucullatus,unknown,6.3171,0.0614
13388,Thinornis novaeseelandiae,female,5.8597,0.0604
13389,Thinornis novaeseelandiae,male,5.9167,0.0601
13390,Thinornis novaeseelandiae,unknown,6.3751,0.0514
13391,Thlypopsis fulviceps,unknown,6.4015,0.0663
13392,Thlypopsis inornata,unknown,6.6156,0.064
13393,Thlypopsis ornata,unknown,6.0811,0.0788
13394,Thlypopsis pectoralis,unknown,6.0764,0.0699
13395,Thlypopsis pyrrhocoma,male,6.2586,0.0506
13396,Thlypopsis pyrrhocoma,unknown,7.18,0.0859
13397,Thlypopsis ruficeps,unknown,5.8858,0.0531
13398,Thlypopsis sordida,unknown,6.5039,0.0739
13399,Thlypopsis superciliaris,unknown,6.4467,0.0605
13400,Thraupis abbas,unknown,6.4028,0.0698
13401,Thraupis cyanocephala,unknown,6.4732,0.0736
13402,Thraupis cyanoptera,male,6.2761,0.0749
13403,Thraupis cyanoptera,unknown,7.277,0.0827
13404,Thraupis episcopus,unknown,7.2609,0.1054
13405,Thraupis glaucocolpa,unknown,5.6163,0.0531
13406,Thraupis ornata,unknown,6.6063,0.079
13407,Thraupis palmarum,unknown,5.5921,0.0506
13408,Thraupis sayaca,unknown,6.6122,0.0632
13409,Threnetes leucurus,unknown,6.3859,0.0661
13410,Threnetes niger,unknown,5.6206,0.0503
13411,Threnetes ruckeri,unknown,6.3473,0.0674
13412,Threskiornis aethiopicus,unknown,4.7899,0.0618
13413,Threskiornis bernieri,unknown,5.7492,0.0574
13414,Threskiornis melanocephalus,unknown,5.9241,0.0579
13415,Threskiornis molucca,unknown,5.5069,0.0543
13416,Threskiornis spinicollis,unknown,5.1824,0.0493
13417,Thripadectes flammulatus,unknown,5.5446,0.0537
13418,Thripadectes holostictus,unknown,5.1994,0.0515
13419,Thripadectes ignobilis,unknown,5.3692,0.0589
13420,Thripadectes melanorhynchus,unknown,4.8719,0.0622
13421,Thripadectes rufobrunneus,unknown,5.6899,0.0577
13422,Thripadectes scrutator,unknown,4.8334,0.0941
13423,Thripadectes virgaticeps,unknown,5.5594,0.0536
13424,Thripophaga amacurensis,unknown,4.7601,0.0734
13425,Thripophaga berlepschi,unknown,6.3223,0.1
13426,Thripophaga cherriei,male,4.7818,0.0704
13427,Thripophaga cherriei,unknown,5.1193,0.0469
13428,Thripophaga fusciceps,unknown,5.396,0.0467
13429,Thripophaga macroura,unknown,5.5257,0.0524
13430,Thryomanes bewickii,unknown,5.8645,0.0584
13431,Thryophilus nicefori,unknown,5.1748,0.0639
13432,Thryophilus pleurostictus,unknown,5.8714,0.05
13433,Thryophilus rufalbus,unknown,5.2676,0.0599
13434,Thryophilus sernai,unknown,5.0667,0.0439
13435,Thryophilus sinaloa,unknown,5.6011,0.0575
13436,Thryorchilus browni,unknown,6.1632,0.0611
13437,Thryothorus ludovicianus,male,5.1596,0.0608
13438,Thryothorus ludovicianus,unknown,5.6126,0.0532
13439,Tiaris olivaceus,unknown,5.6724,0.0529
13440,Tichodroma muraria,male,6.8135,0.0537
13441,Tichodroma muraria,unknown,6.4468,0.0702
13442,Tickellia hodgsoni,unknown,6.3496,0.0712
13443,Tigriornis leucolopha,unknown,5.3101,0.0549
13444,Tigrisoma fasciatum,unknown,5.7697,0.0593
13445,Tigrisoma lineatum,unknown,5.6593,0.0567
13446,Tigrisoma mexicanum,unknown,5.6884,0.0462
13447,Tijuca atra,female,5.965,0.1
13448,Tijuca atra,male,5.6916,0.0439
13449,Tijuca atra,unknown,6.1461,0.0507
13450,Tijuca condita,unknown,5.6099,0.0514
13451,Tilmatura dupontii,male,7.6124,0.0883
13452,Tilmatura dupontii,unknown,7.6976,0.1307
13453,Timalia pileata,unknown,6.2675,0.0634
13454,Timeliopsis fulvigula,unknown,5.0113,0.0465
13455,Tinamotis ingoufi,unknown,5.0451,0.0537
13456,Tinamotis pentlandii,unknown,5.2736,0.0485
13457,Tinamus guttatus,unknown,4.5654,0.0592
13458,Tinamus major,unknown,5.158,0.0559
13459,Tinamus osgoodi,unknown,4.7396,0.0735
13460,Tinamus solitarius,unknown,5.3065,0.0597
13461,Tinamus tao,unknown,4.7561,0.0464
13462,Tityra cayana,female,6.1195,0.0518
13463,Tityra cayana,male,5.4264,0.0372
13464,Tityra cayana,unknown,5.8212,0.0706
13465,Tityra inquisitor,unknown,5.6223,0.0655
13466,Tityra semifasciata,male,6.1025,0.0336
13467,Tityra semifasciata,unknown,6.1155,0.0787
13468,Tmetothylacus tenellus,male,6.1625,0.1129
13469,Tmetothylacus tenellus,unknown,6.9784,0.0914
13470,Tockus damarensis,unknown,6.1073,0.0997
13471,Tockus deckeni,female,5.3323,0.044
13472,Tockus deckeni,unknown,5.9313,0.0506
13473,Tockus erythrorhynchus,unknown,6.4393,0.0689
13474,Tockus flavirostris,unknown,6.7094,0.0856
13475,Tockus jacksoni,female,6.43,0.0605
13476,Tockus jacksoni,unknown,6.2618,0.0663
13477,Tockus kempi,unknown,6.1326,0.0678
13478,Tockus leucomelas,male,6.0223,0.0352
13479,Tockus leucomelas,unknown,6.0309,0.0604
13480,Tockus monteiri,unknown,5.7921,0.0517
13481,Tockus ruahae,unknown,6.4451,0.0669
13482,Tockus rufirostris,male,5.4415,0.0521
13483,Tockus rufirostris,unknown,5.9847,0.069
13484,Todiramphus albicilla,unknown,7.0501,0.0816
13485,Todiramphus albonotatus,unknown,6.954,0.0892
13486,Todiramphus australasia,unknown,7.529,0.117
13487,Todiramphus chloris,unknown,7.2353,0.1167
13488,Todiramphus colonus,unknown,5.0833,0.0603
13489,Todiramphus diops,unknown,7.4582,0.1186
13490,Todiramphus enigma,unknown,5.5828,0.0629
13491,Todiramphus farquhari,male,7.3863,0.0929
13492,Todiramphus farquhari,unknown,7.2178,0.0955
13493,Todiramphus funebris,female,6.7952,0.103
13494,Todiramphus funebris,unknown,6.521,0.0675
13495,Todiramphus gertrudae,unknown,6.8261,0.0673
13496,Todiramphus godeffroyi,unknown,7.5086,0.1091
13497,Todiramphus lazuli,unknown,7.9953,0.1171
13498,Todiramphus leucopygius,unknown,7.2618,0.1332
13499,Todiramphus macleayii,male,7.6194,0.0956
13500,Todiramphus macleayii,unknown,7.6035,0.1213
13501,Todiramphus nigrocyaneus,male,7.029,0.0572
13502,Todiramphus nigrocyaneus,unknown,7.6842,0.1043
13503,Todiramphus pelewensis,unknown,6.0683,0.0726
13504,Todiramphus pyrrhopygius,unknown,6.2661,0.0781
13505,Todiramphus recurvirostris,unknown,7.2147,0.0982
13506,Todiramphus reichenbachii,unknown,6.9701,0.0878
13507,Todiramphus sacer,unknown,7.5204,0.1101
13508,Todiramphus sanctus,unknown,7.2406,0.0764
13509,Todiramphus saurophagus,unknown,6.9138,0.0715
13510,Todiramphus sordidus,male,7.2405,0.1023
13511,Todiramphus sordidus,unknown,7.6294,0.1383
13512,Todiramphus tristrami,unknown,6.8003,0.0813
13513,Todiramphus tutus,unknown,6.1421,0.0577
13514,Todiramphus veneratus,unknown,5.7549,0.051
13515,Todiramphus winchelli,female,6.505,0.0509
13516,Todiramphus winchelli,unknown,6.992,0.0903
13517,Todirostrum chrysocrotaphum,unknown,6.1916,0.0586
13518,Todirostrum cinereum,unknown,6.4813,0.0676
13519,Todirostrum maculatum,unknown,6.1412,0.0569
13520,Todirostrum nigriceps,unknown,5.9683,0.0605
13521,Todirostrum pictum,unknown,6.5761,0.0831
13522,Todirostrum poliocephalum,unknown,6.1418,0.0709
13523,Todirostrum viridanum,unknown,5.6465,0.0518
13524,Todus angustirostris,unknown,7.2922,0.0896
13525,Todus mexicanus,male,7.4275,0.0914
13526,Todus mexicanus,unknown,7.4137,0.0972
13527,Todus multicolor,unknown,7.6596,0.1076
13528,Todus subulatus,unknown,7.5614,0.1167
13529,Todus todus,unknown,7.6116,0.155
13530,Tolmomyias assimilis,unknown,6.004,0.0823
13531,Tolmomyias flaviventris,unknown,6.0657,0.0653
13532,Tolmomyias poliocephalus,unknown,5.594,0.0531
13533,Tolmomyias sulphurescens,unknown,5.3709,0.0552
13534,Tolmomyias traylori,unknown,5.5386,0.05
13535,Topaza pella,male,7.8275,0.0884
13536,Topaza pella,unknown,7.5543,0.0957
13537,Topaza pyra,male,7.3429,0.067
13538,Topaza pyra,unknown,6.8217,0.0757
13539,Torgos tracheliotos,unknown,5.2042,0.0574
13540,Torreornis inexpectata,male,5.5813,0.08
13541,Torreornis inexpectata,unknown,5.406,0.0462
13542,Touit batavicus,unknown,6.8974,0.0788
13543,Touit costaricensis,male,7.3829,0.0418
13544,Touit costaricensis,unknown,6.6038,0.0695
13545,Touit dilectissimus,female,6.3168,0.0837
13546,Touit dilectissimus,unknown,6.6095,0.089
13547,Touit huetii,unknown,6.8672,0.0657
13548,Touit melanonotus,unknown,6.5912,0.074
13549,Touit purpuratus,unknown,6.7596,0.0936
13550,Touit stictopterus,female,6.0468,0.0625
13551,Touit stictopterus,male,6.2681,0.0554
13552,Touit stictopterus,unknown,6.5436,0.0538
13553,Touit surdus,male,5.976,NA
13554,Touit surdus,unknown,6.247,0.0578
13555,Toxorhamphus novaeguineae,unknown,5.8791,0.0508
13556,Toxorhamphus poliopterus,unknown,5.1472,0.0622
13557,Toxostoma bendirei,unknown,4.8707,0.0637
13558,Toxostoma cinereum,unknown,4.8277,0.0616
13559,Toxostoma crissale,male,4.971,0.0539
13560,Toxostoma crissale,unknown,5.1196,0.0503
13561,Toxostoma curvirostre,unknown,4.885,0.0341
13562,Toxostoma guttatum,unknown,4.7961,0.0525
13563,Toxostoma lecontei,unknown,5.3507,0.0571
13564,Toxostoma longirostre,unknown,4.684,0.0596
13565,Toxostoma ocellatum,unknown,5.1739,0.0487
13566,Toxostoma redivivum,male,5.399,NA
13567,Toxostoma redivivum,unknown,4.6142,0.0629
13568,Toxostoma rufum,unknown,5.4022,0.0433
13569,Trachyphonus darnaudii,unknown,6.4665,0.0691
13570,Trachyphonus erythrocephalus,male,6.63,0.0499
13571,Trachyphonus erythrocephalus,unknown,6.7972,0.0812
13572,Trachyphonus margaritatus,unknown,6.3829,0.0824
13573,Trachyphonus purpuratus,unknown,6.4496,0.0984
13574,Trachyphonus vaillantii,male,5.7477,0.0375
13575,Trachyphonus vaillantii,unknown,6.18,0.0506
13576,Tragopan blythii,male,6.4611,0.0594
13577,Tragopan blythii,unknown,5.7501,0.0446
13578,Tragopan caboti,female,5.324,0.0466
13579,Tragopan caboti,male,5.1225,0.0535
13580,Tragopan caboti,unknown,5.1903,0.0605
13581,Tragopan melanocephalus,male,5.2898,0.0382
13582,Tragopan melanocephalus,unknown,6.0833,0.061
13583,Tragopan satyra,male,6.9903,0.0753
13584,Tragopan satyra,unknown,6.0386,0.0429
13585,Tragopan temminckii,female,4.977,0.1015
13586,Tragopan temminckii,male,5.966,NA
13587,Tragopan temminckii,unknown,6.1446,0.0729
13588,Tregellasia capito,unknown,6.8678,0.1042
13589,Tregellasia leucops,unknown,6.2585,0.0665
13590,Treron affinis,female,5.7243,0.0637
13591,Treron affinis,unknown,5.8856,0.0626
13592,Treron apicauda,unknown,6.2048,0.0565
13593,Treron aromaticus,female,5.5187,0.0433
13594,Treron aromaticus,unknown,5.5485,0.0492
13595,Treron australis,unknown,6.145,0.0688
13596,Treron axillaris,female,5.1123,0.0701
13597,Treron axillaris,unknown,5.4903,0.0493
13598,Treron bicinctus,male,6.2668,0.0665
13599,Treron bicinctus,unknown,6.3092,0.0687
13600,Treron calvus,unknown,6.2993,0.0596
13601,Treron capellei,female,4.8752,0.0911
13602,Treron capellei,male,6.34,0.0665
13603,Treron capellei,unknown,5.4426,0.0484
13604,Treron chloropterus,male,5.9972,0.0577
13605,Treron chloropterus,unknown,7.0488,0.1015
13606,Treron curvirostra,female,6.1662,0.0515
13607,Treron curvirostra,unknown,6.006,0.063
13608,Treron floris,female,5.9668,0.0862
13609,Treron floris,unknown,5.6441,0.052
13610,Treron formosae,male,5.6705,0.0207
13611,Treron formosae,unknown,5.6991,0.0458
13612,Treron fulvicollis,unknown,5.8368,0.0599
13613,Treron griseicauda,female,5.933,0.047
13614,Treron griseicauda,male,6.1506,0.052
13615,Treron griseicauda,unknown,5.7786,0.0678
13616,Treron griveaudi,unknown,5.7853,0.0634
13617,Treron olax,unknown,6.2678,0.0682
13618,Treron oxyurus,unknown,5.7607,0.0566
13619,Treron pembaensis,unknown,5.3231,0.0516
13620,Treron phayrei,female,5.173,0.0921
13621,Treron phayrei,male,6.0497,0.0613
13622,Treron phayrei,unknown,6.311,0.0661
13623,Treron phoenicopterus,unknown,6.4597,0.0774
13624,Treron pompadora,male,6.6015,0.0708
13625,Treron pompadora,unknown,6.3334,0.0712
13626,Treron psittaceus,unknown,5.4715,0.0588
13627,Treron sanctithomae,unknown,5.6884,0.0501
13628,Treron seimundi,female,5.3515,0.0459
13629,Treron seimundi,unknown,6.0588,0.0671
13630,Treron sieboldii,male,6.4792,0.0596
13631,Treron sieboldii,unknown,6.1742,0.0499
13632,Treron sphenurus,male,6.225,NA
13633,Treron sphenurus,unknown,6.8374,0.0701
13634,Treron teysmannii,unknown,5.6831,0.0893
13635,Treron vernans,unknown,5.8925,0.0518
13636,Treron waalia,unknown,6.4529,0.0721
13637,Tribonyx mortierii,unknown,5.1543,0.0572
13638,Tribonyx ventralis,unknown,5.1965,0.0482
13639,Trichodere cockerelli,unknown,4.9546,0.0628
13640,Trichoglossus capistratus,unknown,7.1423,0.0775
13641,Trichoglossus chlorolepidotus,unknown,6.2563,0.0513
13642,Trichoglossus euteles,unknown,6.6959,0.0787
13643,Trichoglossus flavoviridis,unknown,6.4644,0.0412
13644,Trichoglossus forsteni,unknown,5.8978,0.0737
13645,Trichoglossus haematodus,unknown,6.9681,0.0865
13646,Trichoglossus johnstoniae,unknown,6.0518,0.0685
13647,Trichoglossus moluccanus,unknown,7.1154,0.1041
13648,Trichoglossus ornatus,unknown,6.4998,0.0742
13649,Trichoglossus rubiginosus,unknown,6.7042,0.0724
13650,Trichoglossus rubritorquis,male,7.0128,0.0674
13651,Trichoglossus rubritorquis,unknown,7.5638,0.0896
13652,Trichoglossus weberi,unknown,6.8998,0.0779
13653,Tricholaema diademata,unknown,6.1867,0.0642
13654,Tricholaema frontata,unknown,6.1706,0.0722
13655,Tricholaema hirsuta,unknown,5.231,0.0502
13656,Tricholaema lacrymosa,unknown,5.7579,0.0479
13657,Tricholaema leucomelas,unknown,6.5451,0.0812
13658,Tricholaema melanocephala,unknown,6.0231,0.0731
13659,Tricholestes criniger,unknown,5.4817,0.0538
13660,Trichothraupis melanops,male,5.7852,0.0277
13661,Trichothraupis melanops,unknown,6.4058,0.0704
13662,Triclaria malachitacea,female,6.9068,0.0666
13663,Triclaria malachitacea,male,6.2273,0.053
13664,Triclaria malachitacea,unknown,6.7573,0.0758
13665,Trigonoceps occipitalis,unknown,5.4696,0.0476
13666,Tringa brevipes,unknown,5.7062,0.0594
13667,Tringa erythropus,unknown,5.6451,0.0608
13668,Tringa flavipes,unknown,5.5184,0.0594
13669,Tringa glareola,unknown,5.6809,0.0535
13670,Tringa guttifer,unknown,5.8921,0.0647
13671,Tringa incana,unknown,5.2629,0.0608
13672,Tringa melanoleuca,unknown,5.832,0.0624
13673,Tringa nebularia,unknown,6.0154,0.0541
13674,Tringa ochropus,unknown,5.6303,0.0567
13675,Tringa semipalmata,unknown,5.7195,0.0516
13676,Tringa solitaria,unknown,5.6309,0.0561
13677,Tringa stagnatilis,unknown,5.8687,0.0602
13678,Tringa totanus,unknown,6.0434,0.0471
13679,Trochalopteron affine,unknown,6.1103,0.0505
13680,Trochalopteron austeni,unknown,6.0849,0.0505
13681,Trochalopteron chrysopterum,unknown,5.9622,0.0613
13682,Trochalopteron elliotii,unknown,6.068,0.063
13683,Trochalopteron erythrocephalum,unknown,6.3926,0.0731
13684,Trochalopteron formosum,unknown,5.814,0.062
13685,Trochalopteron henrici,unknown,5.3736,0.0655
13686,Trochalopteron imbricatum,unknown,5.6595,0.0616
13687,Trochalopteron lineatum,male,5.3295,0.0583
13688,Trochalopteron lineatum,unknown,5.3937,0.0554
13689,Trochalopteron melanostigma,unknown,5.805,0.054
13690,Trochalopteron milnei,unknown,6.5799,0.0742
13691,Trochalopteron morrisonianum,unknown,6.0251,0.084
13692,Trochalopteron ngoclinhense,unknown,6.081,0.0564
13693,Trochalopteron peninsulae,unknown,5.7562,0.0568
13694,Trochalopteron squamatum,unknown,6.5979,0.0972
13695,Trochalopteron subunicolor,unknown,5.8508,0.0633
13696,Trochalopteron variegatum,unknown,6.0065,0.067
13697,Trochalopteron virgatum,unknown,5.0574,0.0572
13698,Trochalopteron yersini,unknown,6.7436,0.0932
13699,Trochilus polytmus,male,7.5971,0.0915
13700,Trochilus polytmus,unknown,7.9008,0.1371
13701,Trochocercus cyanomelas,female,5.9615,0.037
13702,Trochocercus cyanomelas,male,6.2321,0.0774
13703,Trochocercus cyanomelas,unknown,5.9266,0.0576
13704,Trochocercus nitens,male,5.44,NA
13705,Trochocercus nitens,unknown,5.608,0.0554
13706,Troglodytes aedon,unknown,5.3524,0.0487
13707,Troglodytes cobbi,male,6.05,0.0322
13708,Troglodytes cobbi,unknown,5.3945,0.054
13709,Troglodytes hiemalis,male,6.366,NA
13710,Troglodytes hiemalis,unknown,6.1079,0.0655
13711,Troglodytes monticola,unknown,6.0071,0.0544
13712,Troglodytes ochraceus,unknown,5.7795,0.0468
13713,Troglodytes pacificus,unknown,6.3352,0.0667
13714,Troglodytes rufociliatus,unknown,5.5149,0.0591
13715,Troglodytes rufulus,unknown,4.7986,0.0437
13716,Troglodytes sissonii,unknown,5.2459,0.0581
13717,Troglodytes solstitialis,unknown,5.3399,0.0532
13718,Troglodytes tanneri,unknown,5.1656,0.0677
13719,Troglodytes troglodytes,male,5.2496,0.0528
13720,Troglodytes troglodytes,unknown,5.4566,0.0529
13721,Trogon bairdii,female,6.5815,0.0639
13722,Trogon bairdii,male,7.348,NA
13723,Trogon bairdii,unknown,7.0904,0.089
13724,Trogon caligatus,male,6.8932,0.0622
13725,Trogon caligatus,unknown,7.7584,0.1203
13726,Trogon chionurus,female,7.335,0.074
13727,Trogon chionurus,male,6.419,0.0453
13728,Trogon chionurus,unknown,7.1457,0.1006
13729,Trogon citreolus,unknown,6.6168,0.0737
13730,Trogon clathratus,male,7.2995,0.076
13731,Trogon clathratus,unknown,7.0745,0.0889
13732,Trogon collaris,female,6.836,NA
13733,Trogon collaris,male,7.5204,0.091
13734,Trogon collaris,unknown,7.7008,0.1154
13735,Trogon comptus,male,7.0393,0.0478
13736,Trogon comptus,unknown,6.9882,0.1161
13737,Trogon curucui,female,7.0924,0.0668
13738,Trogon curucui,male,6.6641,0.045
13739,Trogon curucui,unknown,7.1657,0.0777
13740,Trogon elegans,unknown,7.1375,0.0902
13741,Trogon massena,male,7.5627,0.1687
13742,Trogon massena,unknown,6.965,0.0797
13743,Trogon melanocephalus,unknown,7.0432,0.0887
13744,Trogon melanurus,male,6.3971,0.0601
13745,Trogon melanurus,unknown,6.6257,0.076
13746,Trogon mesurus,male,6.815,0.0568
13747,Trogon mesurus,unknown,7.0612,0.0885
13748,Trogon mexicanus,male,7.7179,0.0828
13749,Trogon mexicanus,unknown,6.9063,0.0901
13750,Trogon personatus,female,7.366,0.0309
13751,Trogon personatus,male,7.084,NA
13752,Trogon personatus,unknown,7.2125,0.0859
13753,Trogon ramonianus,female,7.405,0.0411
13754,Trogon ramonianus,male,6.8988,0.0721
13755,Trogon ramonianus,unknown,7.3697,0.0796
13756,Trogon rufus,male,7.5861,0.0799
13757,Trogon rufus,unknown,7.0435,0.1074
13758,Trogon surrucura,female,6.9213,0.0203
13759,Trogon surrucura,unknown,6.7721,0.0819
13760,Trogon violaceus,male,7.274,0.0418
13761,Trogon violaceus,unknown,7.611,0.0983
13762,Trogon viridis,female,7.336,0.055
13763,Trogon viridis,male,6.8751,0.0465
13764,Trogon viridis,unknown,7.4211,0.0918
13765,Trugon terrestris,unknown,4.544,0.0574
13766,Tumbezia salvini,unknown,6.7486,0.074
13767,Tunchiornis ochraceiceps,male,5.1777,0.0245
13768,Tunchiornis ochraceiceps,unknown,5.1766,0.0466
13769,Turacoena manadensis,unknown,6.2725,0.0581
13770,Turacoena modesta,unknown,5.2445,0.0593
13771,Turacoena sulaensis,unknown,5.0199,0.0507
13772,Turdinus abbotti,unknown,5.1963,0.0506
13773,Turdinus atrigularis,unknown,5.0716,0.0506
13774,Turdinus brevicaudatus,unknown,4.6272,0.0601
13775,Turdinus crassus,unknown,5.8864,0.0439
13776,Turdinus crispifrons,unknown,5.0415,0.0629
13777,Turdinus macrodactylus,male,4.9892,0.0636
13778,Turdinus macrodactylus,unknown,5.2586,0.0425
13779,Turdinus marmoratus,unknown,5.2868,0.0487
13780,Turdinus rufipectus,female,5.0097,0.0659
13781,Turdinus rufipectus,unknown,5.1138,0.0575
13782,Turdinus sepiarius,unknown,4.8282,0.0698
13783,Turdoides affinis,unknown,4.9899,0.0491
13784,Turdoides altirostris,female,5.7755,0.0544
13785,Turdoides altirostris,male,6.049,NA
13786,Turdoides altirostris,unknown,5.1927,0.0577
13787,Turdoides atripennis,unknown,5.0866,0.0637
13788,Turdoides aylmeri,unknown,5.1732,0.0543
13789,Turdoides bicolor,unknown,5.7463,0.0559
13790,Turdoides caudata,unknown,5.1921,0.0542
13791,Turdoides earlei,unknown,4.8344,0.0636
13792,Turdoides fulva,unknown,4.9003,0.0567
13793,Turdoides gilberti,unknown,4.976,0.0656
13794,Turdoides gularis,unknown,5.6188,0.0512
13795,Turdoides gymnogenys,unknown,5.7879,0.0605
13796,Turdoides hartlaubii,unknown,5.2795,0.0585
13797,Turdoides hindei,unknown,4.6624,0.0589
13798,Turdoides huttoni,unknown,4.8262,0.0531
13799,Turdoides hypoleuca,unknown,5.8889,0.0506
13800,Turdoides jardineii,unknown,4.9918,0.058
13801,Turdoides leucocephala,unknown,5.0571,0.0553
13802,Turdoides leucopygia,unknown,5.462,0.0534
13803,Turdoides longirostris,unknown,5.3831,0.0546
13804,Turdoides malcolmi,unknown,5.0469,0.0418
13805,Turdoides melanops,unknown,4.9031,0.054
13806,Turdoides nipalensis,male,5.2489,0.0589
13807,Turdoides nipalensis,unknown,4.8903,0.0576
13808,Turdoides plebejus,unknown,5.285,0.0492
13809,Turdoides reinwardtii,unknown,5.2415,0.0585
13810,Turdoides rubiginosa,unknown,5.2621,0.0565
13811,Turdoides rufescens,unknown,5.3749,0.0605
13812,Turdoides rufocincta,unknown,5.61,0.0677
13813,Turdoides sharpei,unknown,5.3608,0.0542
13814,Turdoides squamiceps,unknown,5.0081,0.0521
13815,Turdoides squamulata,unknown,5.0896,0.0501
13816,Turdoides striata,unknown,5.0093,0.0575
13817,Turdoides subrufa,unknown,5.6362,0.0558
13818,Turdoides tenebrosa,unknown,5.0243,0.07
13819,Turdus abyssinicus,unknown,5.4903,0.0517
13820,Turdus albicollis,unknown,5.587,0.0538
13821,Turdus albocinctus,female,5.223,0.0487
13822,Turdus albocinctus,male,5.7915,0.045
13823,Turdus albocinctus,unknown,5.7867,0.0502
13824,Turdus amaurochalinus,male,5.071,0.04
13825,Turdus amaurochalinus,unknown,5.0748,0.0488
13826,Turdus arthuri,unknown,4.5243,0.0635
13827,Turdus assimilis,unknown,5.1666,0.0603
13828,Turdus atrogularis,male,5.6693,0.0523
13829,Turdus atrogularis,unknown,5.3277,0.0544
13830,Turdus aurantius,unknown,5.8952,0.0595
13831,Turdus bewsheri,unknown,5.0464,0.0659
13832,Turdus boulboul,female,5.1331,0.0815
13833,Turdus boulboul,male,5.7848,0.0512
13834,Turdus boulboul,unknown,6.0312,0.0467
13835,Turdus cardis,female,5.391,0.0632
13836,Turdus cardis,male,5.5496,0.0473
13837,Turdus cardis,unknown,5.7378,0.0422
13838,Turdus celaenops,male,4.8053,0.059
13839,Turdus celaenops,unknown,5.3481,0.0559
13840,Turdus chiguanco,male,5.2343,0.0677
13841,Turdus chiguanco,unknown,5.4783,0.0477
13842,Turdus chrysolaus,female,5.4948,0.0393
13843,Turdus chrysolaus,male,5.64,0.0544
13844,Turdus chrysolaus,unknown,5.3549,0.0519
13845,Turdus dissimilis,male,5.5461,0.0373
13846,Turdus dissimilis,unknown,6.1642,0.081
13847,Turdus eremita,unknown,5.1134,0.0589
13848,Turdus eunomus,unknown,5.5206,0.0387
13849,Turdus falcklandii,male,5.8657,0.0676
13850,Turdus falcklandii,unknown,5.1616,0.0524
13851,Turdus feae,unknown,5.3097,0.0642
13852,Turdus flavipes,unknown,5.9166,0.0573
13853,Turdus fulviventris,unknown,5.3569,0.0524
13854,Turdus fumigatus,unknown,5.2801,0.0482
13855,Turdus fuscater,female,4.7858,0.0516
13856,Turdus fuscater,male,5.191,0.0264
13857,Turdus fuscater,unknown,5.6629,0.061
13858,Turdus grayi,unknown,4.7928,0.0535
13859,Turdus haplochrous,unknown,4.5574,0.0574
13860,Turdus hauxwelli,unknown,4.7272,0.0746
13861,Turdus helleri,unknown,5.6272,0.058
13862,Turdus hortulorum,male,5.526,0.0478
13863,Turdus hortulorum,unknown,5.3048,0.0468
13864,Turdus ignobilis,unknown,5,0.0564
13865,Turdus iliacus,unknown,5.8604,0.0614
13866,Turdus infuscatus,unknown,5.615,0.0557
13867,Turdus jamaicensis,unknown,5.481,0.0619
13868,Turdus kessleri,male,4.9528,0.0623
13869,Turdus kessleri,unknown,6.0229,0.0541
13870,Turdus lawrencii,male,5.2365,0.0295
13871,Turdus lawrencii,unknown,5.0046,0.0543
13872,Turdus leucomelas,unknown,4.8654,0.0563
13873,Turdus leucops,unknown,5.745,0.057
13874,Turdus lherminieri,unknown,5.7041,0.0803
13875,Turdus libonyana,unknown,5.0634,0.0521
13876,Turdus ludoviciae,male,4.8851,0.0649
13877,Turdus ludoviciae,unknown,5.1072,0.0537
13878,Turdus maculirostris,unknown,4.9996,0.0594
13879,Turdus mandarinus,female,4.9613,0.1109
13880,Turdus mandarinus,male,5.1393,0.0926
13881,Turdus mandarinus,unknown,4.9855,0.0601
13882,Turdus maranonicus,unknown,4.874,0.06
13883,Turdus maximus,unknown,5.003,0.0604
13884,Turdus menachensis,unknown,5.067,0.0591
13885,Turdus merula,female,5.4054,0.0388
13886,Turdus merula,male,6.1022,0.0331
13887,Turdus merula,unknown,5.8672,0.059
13888,Turdus migratorius,male,6.1011,0.0419
13889,Turdus migratorius,unknown,5.8104,0.0482
13890,Turdus murinus,unknown,4.6821,0.0514
13891,Turdus naumanni,male,4.7305,0.0203
13892,Turdus naumanni,unknown,5.1585,0.054
13893,Turdus nigrescens,male,5.8989,0.0517
13894,Turdus nigrescens,unknown,5.7306,0.0501
13895,Turdus nigriceps,male,5.5241,0.0507
13896,Turdus nigriceps,unknown,5.4233,0.0558
13897,Turdus niveiceps,male,5.8006,0.0415
13898,Turdus niveiceps,unknown,5.9441,0.0549
13899,Turdus nudigenis,unknown,5.2564,0.0636
13900,Turdus obscurus,unknown,5.4761,0.051
13901,Turdus obsoletus,unknown,4.8031,0.0757
13902,Turdus olivaceofuscus,unknown,4.8143,0.0506
13903,Turdus olivaceus,unknown,5.4211,0.0597
13904,Turdus olivater,male,5.2718,0.0619
13905,Turdus olivater,unknown,5.9514,0.0676
13906,Turdus pallidus,male,5.083,0.0549
13907,Turdus pallidus,unknown,4.8662,0.059
13908,Turdus pelios,unknown,5.2077,0.0559
13909,Turdus philomelos,unknown,5.8102,0.0587
13910,Turdus pilaris,unknown,5.1516,0.0522
13911,Turdus plebejus,unknown,4.5435,0.0712
13912,Turdus plumbeus,unknown,6.3154,0.0691
13913,Turdus poliocephalus,unknown,5.7398,0.0597
13914,Turdus reevei,unknown,5.4368,0.0587
13915,Turdus roehli,unknown,5.6112,0.0533
13916,Turdus rubrocanus,male,6.1751,0.0508
13917,Turdus rubrocanus,unknown,6.5022,0.0737
13918,Turdus ruficollis,male,5.6681,0.058
13919,Turdus ruficollis,unknown,5.5037,0.0392
13920,Turdus rufitorques,male,5.2241,0.0566
13921,Turdus rufitorques,unknown,5.5734,0.0637
13922,Turdus rufiventris,unknown,5.2794,0.0556
13923,Turdus rufopalliatus,unknown,5.6565,0.0582
13924,Turdus sanchezorum,unknown,4.6922,0.0609
13925,Turdus serranus,female,4.9459,0.0558
13926,Turdus serranus,male,5.3193,0.0836
13927,Turdus serranus,unknown,6.1182,0.0555
13928,Turdus simillimus,unknown,5.7802,0.0617
13929,Turdus smithi,unknown,4.9706,0.0593
13930,Turdus subalaris,unknown,5.0039,0.0653
13931,Turdus swalesi,unknown,5.3978,0.0558
13932,Turdus tephronotus,unknown,5.469,0.0592
13933,Turdus torquatus,unknown,5.3814,0.0579
13934,Turdus unicolor,female,5.5848,0.0475
13935,Turdus unicolor,male,5.7762,0.0507
13936,Turdus unicolor,unknown,5.2471,0.0592
13937,Turdus viscivorus,unknown,5.8354,0.0486
13938,Turdus xanthorhynchus,unknown,5.1046,0.0556
13939,Turnix castanotus,unknown,4.5702,0.0654
13940,Turnix everetti,unknown,4.706,0.0592
13941,Turnix hottentottus,unknown,4.0563,0.065
13942,Turnix maculosus,unknown,4.9426,0.0564
13943,Turnix melanogaster,female,5.191,0.0465
13944,Turnix melanogaster,unknown,5.2628,0.0419
13945,Turnix nanus,female,5.0478,0.0385
13946,Turnix nanus,unknown,4.6051,0.0643
13947,Turnix nigricollis,unknown,5.8656,0.0592
13948,Turnix ocellatus,female,4.8868,0.0755
13949,Turnix ocellatus,male,4.7609,0.0402
13950,Turnix ocellatus,unknown,4.8342,0.0644
13951,Turnix pyrrhothorax,female,5.35,0.0946
13952,Turnix pyrrhothorax,male,5.2173,0.0597
13953,Turnix pyrrhothorax,unknown,4.5995,0.0759
13954,Turnix suscitator,female,5.0937,0.0512
13955,Turnix suscitator,unknown,5.9317,0.0548
13956,Turnix sylvaticus,unknown,5.2638,0.0561
13957,Turnix tanki,unknown,5.5359,0.059
13958,Turnix varius,female,5.0655,0.0593
13959,Turnix varius,unknown,5.4137,0.0561
13960,Turnix velox,female,4.3528,0.0095
13961,Turnix velox,unknown,4.8431,0.0501
13962,Turtur abyssinicus,unknown,5.6263,0.0571
13963,Turtur afer,unknown,5.4972,0.0689
13964,Turtur brehmeri,unknown,5.7453,0.0567
13965,Turtur chalcospilos,unknown,5.9791,0.0526
13966,Turtur tympanistria,unknown,6.006,0.0555
13967,Tylas eduardi,female,5.1116,0.0377
13968,Tylas eduardi,unknown,5.8726,0.0534
13969,Tympanuchus cupido,male,6.2207,0.0642
13970,Tympanuchus cupido,unknown,6.1838,0.0443
13971,Tympanuchus pallidicinctus,male,6.1697,0.0656
13972,Tympanuchus pallidicinctus,unknown,6.2914,0.0674
13973,Tympanuchus phasianellus,male,5.9733,0.0647
13974,Tympanuchus phasianellus,unknown,6.437,0.0705
13975,Tyranneutes stolzmanni,male,5.5363,0.0472
13976,Tyranneutes stolzmanni,unknown,5.5124,0.0653
13977,Tyranneutes virescens,unknown,5.51,0.0557
13978,Tyrannopsis sulphurea,unknown,5.6202,0.0507
13979,Tyrannulus elatus,unknown,5.7269,0.0428
13980,Tyrannus albogularis,unknown,6.2793,0.0593
13981,Tyrannus caudifasciatus,unknown,5.7226,0.0496
13982,Tyrannus couchii,unknown,5.913,0.0591
13983,Tyrannus crassirostris,unknown,5.6361,0.0546
13984,Tyrannus cubensis,male,5.6212,0.0575
13985,Tyrannus cubensis,unknown,4.9594,0.0578
13986,Tyrannus dominicensis,unknown,5.9942,0.0607
13987,Tyrannus forficatus,male,5.6288,0.0773
13988,Tyrannus forficatus,unknown,7.0065,0.078
13989,Tyrannus melancholicus,unknown,5.7914,0.0577
13990,Tyrannus niveigularis,unknown,6.1854,0.0641
13991,Tyrannus savana,male,6.4583,0.0394
13992,Tyrannus savana,unknown,6.7607,0.0837
13993,Tyrannus tyrannus,unknown,6.1526,0.0537
13994,Tyrannus verticalis,unknown,6.3133,0.0585
13995,Tyrannus vociferans,unknown,5.4977,0.0559
13996,Tyto alba,unknown,7.4312,0.0954
13997,Tyto almae,unknown,7.0296,0.0988
13998,Tyto aurantia,unknown,6.8467,0.1104
13999,Tyto capensis,unknown,6.9631,0.0907
14000,Tyto deroepstorffi,unknown,6.8819,0.0777
14001,Tyto glaucops,unknown,6.9855,0.0835
14002,Tyto inexspectata,unknown,7.3954,0.1144
14003,Tyto longimembris,unknown,6.8004,0.0689
14004,Tyto nigrobrunnea,unknown,5.623,0.0624
14005,Tyto novaehollandiae,female,6.8673,0.1039
14006,Tyto novaehollandiae,male,6.5139,0.0646
14007,Tyto novaehollandiae,unknown,6.9086,0.0741
14008,Tyto rosenbergii,unknown,7.2583,0.082
14009,Tyto sororcula,unknown,6.6263,0.0758
14010,Tyto soumagnei,male,6.6964,0.0535
14011,Tyto soumagnei,unknown,7.0043,0.0896
14012,Tyto tenebricosa,unknown,7.2495,0.1008
14013,Upucerthia albigula,unknown,4.9556,0.0574
14014,Upucerthia dumetaria,unknown,5.0384,0.0619
14015,Upucerthia saturatior,unknown,4.8371,0.0486
14016,Upucerthia validirostris,unknown,5.2039,0.0492
14017,Upupa epops,unknown,8.0013,0.1314
14018,Upupa marginata,unknown,7.3914,0.1157
14019,Uraeginthus angolensis,female,7.3502,0.0567
14020,Uraeginthus angolensis,male,6.1456,0.0716
14021,Uraeginthus angolensis,unknown,7.1527,0.0806
14022,Uraeginthus bengalus,female,6.8237,0.0743
14023,Uraeginthus bengalus,male,6.868,0.0745
14024,Uraeginthus bengalus,unknown,7.2699,0.1131
14025,Uraeginthus cyanocephalus,male,6.5713,0.074
14026,Uraeginthus cyanocephalus,unknown,6.8595,0.0827
14027,Uratelornis chimaera,unknown,7.1189,0.0861
14028,Uria aalge,unknown,6.2525,0.0707
14029,Uria lomvia,unknown,6.1378,0.0681
14030,Urochroa bougueri,unknown,7.5386,0.1053
14031,Urochroa leucura,male,7.362,0.1114
14032,Urochroa leucura,unknown,7.4132,0.0854
14033,Urocissa caerulea,unknown,6.6217,0.0824
14034,Urocissa erythroryncha,unknown,7.1833,0.0962
14035,Urocissa flavirostris,unknown,6.6969,0.0833
14036,Urocissa ornata,unknown,7.2987,0.1073
14037,Urocissa whiteheadi,unknown,5.7893,0.0447
14038,Urocolius indicus,unknown,6.0472,0.0736
14039,Urocolius macrourus,unknown,6.0709,0.0588
14040,Urocynchramus pylzowi,female,5.5989,0.0728
14041,Urocynchramus pylzowi,male,6.1182,0.0525
14042,Urocynchramus pylzowi,unknown,6.8671,0.0883
14043,Urodynamis taitensis,unknown,5.2621,0.0596
14044,Uroglaux dimorpha,unknown,6.021,0.0594
14045,Urolais epichlorus,unknown,4.881,0.0718
14046,Uromyias agilis,unknown,5.4861,0.0649
14047,Uromyias agraphia,unknown,5.6694,0.0412
14048,Uropelia campestris,unknown,5.7223,0.057
14049,Uropsalis lyra,female,5.5104,0.0699
14050,Uropsalis lyra,male,6.004,NA
14051,Uropsalis lyra,unknown,6.0884,0.0696
14052,Uropsalis segmentata,female,5.961,0.0532
14053,Uropsalis segmentata,male,5.628,0.0571
14054,Uropsalis segmentata,unknown,6.3894,0.0515
14055,Uropsila leucogastra,unknown,5.5897,0.0447
14056,Urosphena neumanni,unknown,5.2255,0.0561
14057,Urosphena pallidipes,unknown,5.5384,0.0633
14058,Urosphena squameiceps,unknown,6.1589,0.0693
14059,Urosphena subulata,unknown,5.5314,0.0643
14060,Urosphena whiteheadi,unknown,5.8465,0.0589
14061,Urosticte benjamini,female,7.0049,0.0617
14062,Urosticte benjamini,male,7.194,0.1
14063,Urosticte benjamini,unknown,7.2676,0.0703
14064,Urosticte ruficrissa,female,6.9692,0.0646
14065,Urosticte ruficrissa,male,6.9219,0.0614
14066,Urosticte ruficrissa,unknown,7.6005,0.1252
14067,Urothraupis stolzmanni,unknown,5.8296,0.0708
14068,Urotriorchis macrourus,unknown,6.4147,0.0781
14069,Vanellus albiceps,unknown,5.2651,0.0562
14070,Vanellus armatus,unknown,6.2103,0.0573
14071,Vanellus cayanus,unknown,7.0172,0.082
14072,Vanellus chilensis,unknown,6.4417,0.0562
14073,Vanellus cinereus,unknown,5.8979,0.0587
14074,Vanellus coronatus,unknown,5.5203,0.0553
14075,Vanellus crassirostris,unknown,5.353,0.0491
14076,Vanellus duvaucelii,unknown,6.772,0.0711
14077,Vanellus gregarius,unknown,5.5648,0.0608
14078,Vanellus indicus,unknown,5.9337,0.0427
14079,Vanellus leucurus,unknown,6.183,0.0503
14080,Vanellus lugubris,unknown,5.5647,0.0543
14081,Vanellus malabaricus,unknown,6.1483,0.0568
14082,Vanellus melanocephalus,unknown,5.8145,0.0693
14083,Vanellus melanopterus,unknown,5.567,0.0641
14084,Vanellus miles,unknown,6.2881,0.0692
14085,Vanellus resplendens,unknown,5.8593,0.0619
14086,Vanellus senegallus,male,5.789,0.0755
14087,Vanellus senegallus,unknown,5.4998,0.057
14088,Vanellus spinosus,unknown,6.3735,0.0605
14089,Vanellus superciliosus,unknown,5.3288,0.0523
14090,Vanellus tectus,unknown,6.5465,0.0826
14091,Vanellus tricolor,unknown,6.5229,0.0685
14092,Vanellus vanellus,unknown,6.7776,0.0622
14093,Vanga curvirostris,unknown,6.1344,0.0676
14094,Vauriella albigularis,unknown,4.8084,0.0611
14095,Vauriella goodfellowi,unknown,5.7262,0.0686
14096,Vauriella gularis,unknown,5.7907,0.0641
14097,Vauriella insignis,unknown,5.5793,0.0638
14098,Vermivora chrysoptera,female,6.4245,0.0472
14099,Vermivora chrysoptera,male,6.9133,0.0829
14100,Vermivora chrysoptera,unknown,7.0335,0.0665
14101,Vermivora cyanoptera,unknown,6.769,0.064
14102,Verreauxia africana,unknown,5.5404,0.0536
14103,Vidua camerunensis,unknown,5.0242,0.0443
14104,Vidua chalybeata,male,6.0704,0.0662
14105,Vidua chalybeata,unknown,6.1756,0.0741
14106,Vidua codringtoni,male,5.892,0.0465
14107,Vidua codringtoni,unknown,5.5668,0.0619
14108,Vidua fischeri,male,6.7937,0.0423
14109,Vidua fischeri,unknown,6.2593,0.0656
14110,Vidua funerea,male,5.7301,0.0303
14111,Vidua funerea,unknown,5.9171,0.0558
14112,Vidua hypocherina,female,6.0306,0.0407
14113,Vidua hypocherina,male,6.002,0.1344
14114,Vidua hypocherina,unknown,5.2285,0.0507
14115,Vidua interjecta,male,7.2987,0.1094
14116,Vidua interjecta,unknown,6.7605,0.0741
14117,Vidua larvaticola,unknown,5.5203,0.0593
14118,Vidua macroura,male,6.5768,0.0734
14119,Vidua macroura,unknown,6.657,0.0644
14120,Vidua maryae,male,5.1173,0.0709
14121,Vidua maryae,unknown,5.1814,0.0204
14122,Vidua obtusa,male,6.5465,0.0581
14123,Vidua obtusa,unknown,6.584,0.0773
14124,Vidua orientalis,male,5.8843,0.0528
14125,Vidua orientalis,unknown,6.7357,0.0864
14126,Vidua paradisaea,male,7.052,0.062
14127,Vidua paradisaea,unknown,6.2359,0.0616
14128,Vidua purpurascens,unknown,5.8847,0.0571
14129,Vidua raricola,unknown,5.0594,0.0667
14130,Vidua regia,unknown,6.8928,0.0805
14131,Vidua togoensis,male,6.4669,0.0444
14132,Vidua togoensis,unknown,6.4008,0.0727
14133,Vidua wilsoni,male,6.3086,0.0501
14134,Vidua wilsoni,unknown,5.9424,0.0445
14135,Vini australis,unknown,7.0853,0.0962
14136,Vini kuhlii,unknown,7.0621,0.0918
14137,Vini peruviana,unknown,6.663,0.0797
14138,Vini stepheni,unknown,5.9971,0.0604
14139,Vini ultramarina,unknown,7.1503,0.1096
14140,Vireo altiloquus,male,5.6793,0.0725
14141,Vireo altiloquus,unknown,5.7162,0.0518
14142,Vireo atricapilla,male,6.0856,0.0694
14143,Vireo atricapilla,unknown,6.4059,0.0697
14144,Vireo bairdi,unknown,5.4919,0.0504
14145,Vireo bellii,unknown,5.3795,0.0673
14146,Vireo brevipennis,unknown,6.5751,0.0681
14147,Vireo caribaeus,unknown,5.4278,0.0636
14148,Vireo carmioli,unknown,5.8432,0.0471
14149,Vireo cassinii,unknown,5.9996,0.0744
14150,Vireo chivi,unknown,5.0935,0.0633
14151,Vireo crassirostris,unknown,5.8788,0.0763
14152,Vireo flavifrons,unknown,5.2838,0.0362
14153,Vireo flavoviridis,unknown,5.9108,0.0791
14154,Vireo gilvus,unknown,5.5505,0.043
14155,Vireo gracilirostris,unknown,5.632,0.0376
14156,Vireo griseus,unknown,6.0752,0.0605
14157,Vireo gundlachii,unknown,5.7179,0.0496
14158,Vireo huttoni,unknown,5.896,0.0567
14159,Vireo hypochryseus,unknown,6.2329,0.0512
14160,Vireo latimeri,unknown,5.1495,0.0597
14161,Vireo leucophrys,unknown,5.8179,0.0484
14162,Vireo magister,male,5.3395,0.0396
14163,Vireo magister,unknown,5.6946,0.0589
14164,Vireo masteri,male,5.6003,0.0372
14165,Vireo masteri,unknown,4.8288,0.0635
14166,Vireo modestus,male,5.5978,0.0479
14167,Vireo modestus,unknown,5.5255,0.0573
14168,Vireo nanus,unknown,5.6122,0.058
14169,Vireo nelsoni,male,5.8321,0.069
14170,Vireo nelsoni,unknown,5.6445,0.0607
14171,Vireo olivaceus,unknown,5.3286,0.0585
14172,Vireo osburni,unknown,5.6172,0.044
14173,Vireo pallens,unknown,5.8275,0.0573
14174,Vireo philadelphicus,unknown,5.6787,0.0508
14175,Vireo plumbeus,unknown,5.6967,0.0585
14176,Vireo sclateri,unknown,5.01,0.0445
14177,Vireo solitarius,unknown,6.106,0.0501
14178,Vireo vicinior,male,5.4994,0.0394
14179,Vireo vicinior,unknown,5.2391,0.0659
14180,Vireolanius eximius,unknown,5.9504,0.064
14181,Vireolanius leucotis,male,6.3346,0.0681
14182,Vireolanius leucotis,unknown,6.473,0.0632
14183,Vireolanius melitophrys,male,6.3424,0.0341
14184,Vireolanius melitophrys,unknown,6.3514,0.0588
14185,Vireolanius pulchellus,male,6.5432,0.0462
14186,Vireolanius pulchellus,unknown,7.1017,0.109
14187,Volatinia jacarina,unknown,5.1279,0.0579
14188,Vultur gryphus,unknown,5.5979,0.0591
14189,Wetmorethraupis sterrhopteron,male,6.5238,0.0969
14190,Wetmorethraupis sterrhopteron,unknown,6.611,0.0938
14191,Willisornis poecilinotus,female,6.1041,0.0478
14192,Willisornis poecilinotus,unknown,5.9756,0.0424
14193,Willisornis vidua,female,5.7575,0.0315
14194,Willisornis vidua,male,5.3736,0.0676
14195,Willisornis vidua,unknown,6.2542,0.0484
14196,Woodfordia lacertosa,unknown,5.3762,0.0625
14197,Woodfordia superciliosa,unknown,4.9661,0.0538
14198,Xanthocephalus xanthocephalus,male,6.4583,0.0886
14199,Xanthocephalus xanthocephalus,unknown,5.9652,0.0546
14200,Xanthomixis apperti,unknown,5.7712,0.0468
14201,Xanthomixis cinereiceps,unknown,5.3273,0.0619
14202,Xanthomixis zosterops,unknown,5.7189,0.0491
14203,Xanthopsar flavus,male,5.967,NA
14204,Xanthopsar flavus,unknown,6.9564,0.0858
14205,Xanthotis flaviventer,unknown,5.3621,0.0561
14206,Xanthotis macleayanus,unknown,5.8909,0.0597
14207,Xanthotis polygrammus,unknown,5.3445,0.06
14208,Xema sabini,unknown,5.9255,0.0559
14209,Xenerpestes minlosi,unknown,4.881,0.0539
14210,Xenerpestes singularis,unknown,5.9965,0.0714
14211,Xenicus gilviventris,female,6.1796,0.051
14212,Xenicus gilviventris,male,6.7728,0.0322
14213,Xenicus gilviventris,unknown,6.1461,0.0568
14214,Xenocopsychus ansorgei,male,5.8131,0.0353
14215,Xenocopsychus ansorgei,unknown,6.0051,0.0801
14216,Xenodacnis parina,unknown,7.2184,0.1129
14217,Xenoglaux loweryi,unknown,6.457,0.0497
14218,Xenoligea montana,unknown,6.3775,0.0428
14219,Xenoperdix udzungwensis,unknown,4.5455,0.0767
14220,Xenopipo atronitens,female,5.5659,0.0493
14221,Xenopipo atronitens,male,6.053,0.1335
14222,Xenopipo atronitens,unknown,5.324,0.0509
14223,Xenopipo uniformis,unknown,5.395,0.0612
14224,Xenopirostris damii,female,5.7415,0.0514
14225,Xenopirostris damii,male,5.7496,0.0725
14226,Xenopirostris damii,unknown,5.7374,0.0578
14227,Xenopirostris polleni,male,5.556,0.0538
14228,Xenopirostris polleni,unknown,5.8518,0.0534
14229,Xenopirostris xenopirostris,unknown,5.3755,0.0507
14230,Xenops minutus,unknown,4.9695,0.0617
14231,Xenops rutilans,unknown,5.4729,0.0462
14232,Xenops tenuirostris,unknown,5.1877,0.0633
14233,Xenopsaris albinucha,male,5.1577,0.0723
14234,Xenopsaris albinucha,unknown,5.8546,0.0593
14235,Xenornis setifrons,male,6.036,0.0963
14236,Xenornis setifrons,unknown,5.4235,0.0495
14237,Xenospingus concolor,male,5.4293,0.0319
14238,Xenospingus concolor,unknown,5.501,0.0518
14239,Xenospiza baileyi,male,5.7246,0.0716
14240,Xenospiza baileyi,unknown,5.7747,0.0639
14241,Xenotriccus callizonus,unknown,6.534,0.0731
14242,Xenotriccus mexicanus,unknown,5.6433,0.0652
14243,Xenus cinereus,unknown,5.6956,0.0767
14244,Xiphidiopicus percussus,male,6.1134,0.0511
14245,Xiphidiopicus percussus,unknown,6.2315,0.0827
14246,Xiphocolaptes albicollis,unknown,5.1502,0.0578
14247,Xiphocolaptes falcirostris,unknown,5.3001,0.0525
14248,Xiphocolaptes major,unknown,5.6323,0.0538
14249,Xiphocolaptes promeropirhynchus,unknown,5.066,0.0668
14250,Xipholena atropurpurea,female,5.0712,0.0691
14251,Xipholena atropurpurea,male,5.3401,0.0583
14252,Xipholena atropurpurea,unknown,5.531,0.0637
14253,Xipholena lamellipennis,male,6.1998,0.0648
14254,Xipholena lamellipennis,unknown,5.634,0.0555
14255,Xipholena punicea,female,5.5843,0.026
14256,Xipholena punicea,male,6.5835,0.0744
14257,Xipholena punicea,unknown,7.0326,0.0623
14258,Xiphorhynchus atlanticus,unknown,4.989,0.0603
14259,Xiphorhynchus elegans,unknown,5.5097,0.0566
14260,Xiphorhynchus erythropygius,unknown,5.466,0.0509
14261,Xiphorhynchus flavigaster,unknown,5.2325,0.0541
14262,Xiphorhynchus fuscus,unknown,5.6794,0.0568
14263,Xiphorhynchus guttatus,unknown,5.32,0.055
14264,Xiphorhynchus lachrymosus,unknown,5.9267,0.0564
14265,Xiphorhynchus obsoletus,unknown,5.4249,0.059
14266,Xiphorhynchus ocellatus,unknown,4.8078,0.0609
14267,Xiphorhynchus pardalotus,unknown,5.1339,0.0541
14268,Xiphorhynchus spixii,unknown,4.9965,0.0489
14269,Xiphorhynchus susurrans,unknown,5.4247,0.0546
14270,Xiphorhynchus triangularis,unknown,4.9494,0.0526
14271,Xolmis cinereus,unknown,5.673,0.0601
14272,Xolmis coronatus,unknown,5.5812,0.044
14273,Xolmis dominicanus,female,6.175,0.0679
14274,Xolmis dominicanus,male,6.4553,0.0664
14275,Xolmis dominicanus,unknown,5.9922,0.0661
14276,Xolmis irupero,unknown,6.323,0.0701
14277,Xolmis pyrope,unknown,5.1928,0.0555
14278,Xolmis rubetra,unknown,5.1635,0.0619
14279,Xolmis salinarum,female,5.6759,0.0581
14280,Xolmis salinarum,unknown,5.667,0.0596
14281,Xolmis velatus,unknown,5.5622,0.0525
14282,Yuhina bakeri,unknown,6.6025,0.0845
14283,Yuhina brunneiceps,unknown,6.8506,0.0655
14284,Yuhina castaniceps,unknown,6.071,0.0625
14285,Yuhina diademata,unknown,6.667,0.1023
14286,Yuhina everetti,unknown,6.595,0.0794
14287,Yuhina flavicollis,unknown,6.4825,0.057
14288,Yuhina gularis,unknown,6.2976,0.0596
14289,Yuhina humilis,unknown,6.1468,0.0792
14290,Yuhina nigrimenta,unknown,6.2947,0.0666
14291,Yuhina occipitalis,unknown,6.5406,0.0813
14292,Yuhina torqueola,unknown,5.4859,0.0486
14293,Yungipicus canicapillus,unknown,5.8006,0.0479
14294,Yungipicus kizuki,unknown,6.1937,0.0597
14295,Yungipicus maculatus,unknown,5.5309,0.0483
14296,Yungipicus moluccensis,female,6.164,NA
14297,Yungipicus moluccensis,unknown,6.056,0.0641
14298,Yungipicus nanus,unknown,6.4096,0.0734
14299,Yungipicus ramsayi,unknown,5.1037,0.052
14300,Yungipicus temminckii,male,5.2802,0.0633
14301,Yungipicus temminckii,unknown,6.2818,0.0756
14302,Zanclostomus javanicus,unknown,5.8175,0.0619
14303,Zapornia akool,unknown,5.9146,0.0582
14304,Zapornia atra,unknown,5.4698,0.0419
14305,Zapornia bicolor,unknown,5.1579,0.0594
14306,Zapornia flavirostra,unknown,5.3916,0.0512
14307,Zapornia fusca,unknown,5.7864,0.0576
14308,Zapornia olivieri,unknown,5.7184,0.0506
14309,Zapornia parva,female,5.038,0.053
14310,Zapornia parva,unknown,5.3671,0.0476
14311,Zapornia paykullii,unknown,4.9275,0.0563
14312,Zapornia pusilla,unknown,5.3542,0.0565
14313,Zapornia tabuensis,unknown,5.4123,0.0472
14314,Zaratornis stresemanni,unknown,5.4372,0.0531
14315,Zavattariornis stresemanni,unknown,6.1262,0.0562
14316,Zebrilus undulatus,unknown,5.6771,0.0555
14317,Zeledonia coronata,unknown,6.2215,0.0479
14318,Zenaida asiatica,unknown,5.1924,0.0662
14319,Zenaida auriculata,male,5.8425,0.057
14320,Zenaida auriculata,unknown,5.1616,0.0528
14321,Zenaida aurita,male,6.0825,0.0573
14322,Zenaida aurita,unknown,5.4876,0.0471
14323,Zenaida galapagoensis,unknown,5.7759,0.0582
14324,Zenaida macroura,unknown,5.3424,0.066
14325,Zenaida meloda,unknown,5.8479,0.0528
14326,Zentrygon albifacies,unknown,4.9705,0.0693
14327,Zentrygon carrikeri,female,5.7032,0.0244
14328,Zentrygon carrikeri,unknown,5.7365,0.0546
14329,Zentrygon chiriquensis,unknown,5.5723,0.055
14330,Zentrygon costaricensis,unknown,5.779,0.054
14331,Zentrygon frenata,unknown,5.3661,0.0461
14332,Zentrygon goldmani,unknown,5.6241,0.0612
14333,Zentrygon lawrencii,unknown,5.1797,0.0471
14334,Zentrygon linearis,unknown,5.3787,0.0499
14335,Zimmerius acer,unknown,4.8138,0.0594
14336,Zimmerius albigularis,unknown,5.1914,0.0601
14337,Zimmerius bolivianus,unknown,4.9853,0.0591
14338,Zimmerius chicomendesi,unknown,4.9807,0.0576
14339,Zimmerius chrysops,unknown,5.7654,0.0653
14340,Zimmerius cinereicapilla,unknown,5.5303,0.0413
14341,Zimmerius gracilipes,unknown,5.5684,0.0477
14342,Zimmerius improbus,unknown,5.5969,0.0717
14343,Zimmerius parvus,unknown,5.6074,0.0405
14344,Zimmerius petersi,unknown,5.7785,0.0493
14345,Zimmerius vilissimus,unknown,5.3863,0.0538
14346,Zimmerius villarejoi,unknown,5.9651,0.0554
14347,Zimmerius viridiflavus,unknown,5.7348,0.0654
14348,Zonerodius heliosylus,unknown,5.4405,0.0511
14349,Zonotrichia albicollis,unknown,6.1856,0.0707
14350,Zonotrichia atricapilla,unknown,5.3662,0.0517
14351,Zonotrichia capensis,unknown,6.2197,0.0792
14352,Zonotrichia leucophrys,unknown,6.2269,0.0665
14353,Zonotrichia querula,male,5.6934,0.0661
14354,Zonotrichia querula,unknown,6.0914,0.0529
14355,Zoonavena grandidieri,unknown,4.9741,0.0544
14356,Zoonavena sylvatica,unknown,5.2642,0.0596
14357,Zoonavena thomensis,unknown,5.2197,0.0596
14358,Zoothera andromedae,unknown,5.687,0.0563
14359,Zoothera aurea,unknown,5.5646,0.0459
14360,Zoothera dauma,unknown,5.6706,0.065
14361,Zoothera dixoni,unknown,4.8186,0.0597
14362,Zoothera everetti,unknown,5.3678,0.0495
14363,Zoothera griseiceps,unknown,5.3988,0.0553
14364,Zoothera heinei,unknown,5.3096,0.0586
14365,Zoothera heinrichi,unknown,5.8614,0.0655
14366,Zoothera imbricata,unknown,4.8841,0.0582
14367,Zoothera lunulata,unknown,4.9816,0.0666
14368,Zoothera machiki,unknown,4.0103,0.0857
14369,Zoothera major,unknown,5.1461,0.0575
14370,Zoothera margaretae,unknown,3.8133,0.0916
14371,Zoothera marginata,unknown,5.0371,0.0606
14372,Zoothera mollissima,unknown,5.4592,0.0514
14373,Zoothera monticola,unknown,4.9999,0.0578
14374,Zoothera neilgherriensis,unknown,5.1831,0.0568
14375,Zoothera salimalii,unknown,5.3027,0.062
14376,Zosterops abyssinicus,unknown,5.828,0.0607
14377,Zosterops aldabrensis,unknown,5.6085,0.0416
14378,Zosterops anomalus,unknown,5.6554,0.0438
14379,Zosterops atricapilla,unknown,6.1104,0.0743
14380,Zosterops atriceps,male,5.1761,0.0509
14381,Zosterops atriceps,unknown,6.318,0.0688
14382,Zosterops atrifrons,unknown,5.7717,0.0608
14383,Zosterops auriventer,unknown,6.4251,0.0612
14384,Zosterops borbonicus,unknown,5.0771,0.0521
14385,Zosterops brunneus,unknown,5.0736,0.0576
14386,Zosterops buruensis,unknown,6.3315,0.0739
14387,Zosterops ceylonensis,unknown,6.1178,0.069
14388,Zosterops chloris,unknown,6.6027,0.068
14389,Zosterops chloronothos,male,5.9727,0.0458
14390,Zosterops chloronothos,unknown,6.1511,0.0579
14391,Zosterops cinereus,unknown,5.399,0.0619
14392,Zosterops citrinella,unknown,6.0268,0.0553
14393,Zosterops comorensis,unknown,6.1369,0.053
14394,Zosterops consobrinorum,unknown,6.0828,0.0614
14395,Zosterops conspicillatus,unknown,5.677,0.0484
14396,Zosterops erythropleurus,female,6.4058,0.0397
14397,Zosterops erythropleurus,male,6.4372,0.0608
14398,Zosterops erythropleurus,unknown,6.9184,0.0961
14399,Zosterops eurycricotus,unknown,5.8451,0.0587
14400,Zosterops everetti,unknown,6.1812,0.0527
14401,Zosterops explorator,unknown,5.9792,0.0584
14402,Zosterops feae,unknown,5.7375,0.0479
14403,Zosterops ficedulinus,unknown,5.5516,0.0596
14404,Zosterops finschii,unknown,4.4477,0.0649
14405,Zosterops flavifrons,unknown,6.1117,0.0629
14406,Zosterops flavilateralis,unknown,6.6257,0.0753
14407,Zosterops flavus,unknown,6.0878,0.0524
14408,Zosterops fuscicapilla,male,5.7867,0.0513
14409,Zosterops fuscicapilla,unknown,6.173,0.0654
14410,Zosterops grayi,male,6.4485,0.0562
14411,Zosterops grayi,unknown,6.0172,0.0671
14412,Zosterops griseotinctus,unknown,5.6683,0.0629
14413,Zosterops hypolais,unknown,5.3541,0.0519
14414,Zosterops hypoxanthus,unknown,5.7333,0.0602
14415,Zosterops inornatus,unknown,5.5128,0.0382
14416,Zosterops japonicus,unknown,6.2588,0.0726
14417,Zosterops kikuyuensis,unknown,5.8643,0.0564
14418,Zosterops kirki,unknown,5.9739,0.0627
14419,Zosterops kuehni,unknown,6.4565,0.088
14420,Zosterops kulambangrae,unknown,5.5876,0.0433
14421,Zosterops lateralis,unknown,6.509,0.07
14422,Zosterops leucophaeus,unknown,5.5412,0.0501
14423,Zosterops lugubris,unknown,6.2488,0.0612
14424,Zosterops luteirostris,unknown,6.2091,0.0654
14425,Zosterops luteus,unknown,6.6687,0.0822
14426,Zosterops maderaspatanus,unknown,6.5636,0.0738
14427,Zosterops mauritianus,unknown,5.6554,0.0674
14428,Zosterops mayottensis,unknown,6.7176,0.0712
14429,Zosterops mbuluensis,unknown,5.9226,0.0605
14430,Zosterops melanocephalus,unknown,5.0282,0.0492
14431,Zosterops melanurus,unknown,6.3227,0.0654
14432,Zosterops metcalfii,unknown,6.1772,0.0731
14433,Zosterops meyeni,unknown,6.1407,0.0846
14434,Zosterops minor,unknown,6.4369,0.0612
14435,Zosterops minutus,unknown,6.8932,0.0752
14436,Zosterops modestus,unknown,5.5633,0.0662
14437,Zosterops mouroniensis,unknown,6.0463,0.0548
14438,Zosterops murphyi,unknown,5.5719,0.0434
14439,Zosterops mysorensis,unknown,5.3339,0.0509
14440,Zosterops natalis,unknown,6.1989,0.045
14441,Zosterops nigrorum,unknown,6.2442,0.0641
14442,Zosterops novaeguineae,male,6.5388,0.0782
14443,Zosterops novaeguineae,unknown,5.9756,0.0551
14444,Zosterops oleagineus,unknown,5.3848,0.0479
14445,Zosterops olivaceus,unknown,6.289,0.0544
14446,Zosterops pallidus,unknown,5.9756,0.0555
14447,Zosterops palpebrosus,male,6.3,0.0568
14448,Zosterops palpebrosus,unknown,7.0194,0.1025
14449,Zosterops poliogastrus,unknown,6.5538,0.0679
14450,Zosterops ponapensis,unknown,4.8601,0.0706
14451,Zosterops rennellianus,unknown,5.7831,0.0583
14452,Zosterops rotensis,unknown,5.0716,0.0532
14453,Zosterops sanctaecrucis,unknown,5.0698,0.0511
14454,Zosterops semperi,unknown,5.4509,0.0615
14455,Zosterops senegalensis,unknown,6.1441,0.0557
14456,Zosterops silvanus,unknown,7.1775,0.0856
14457,Zosterops simplex,unknown,6.6166,0.0657
14458,Zosterops somadikartai,unknown,6.135,0.0605
14459,Zosterops splendidus,unknown,5.789,0.0619
14460,Zosterops stalkeri,unknown,6.0887,0.0559
14461,Zosterops stresemanni,unknown,4.9548,0.0424
14462,Zosterops tenuirostris,unknown,5.6809,0.0536
14463,Zosterops ugiensis,unknown,5.2391,0.0516
14464,Zosterops uropygialis,unknown,5.6053,0.0618
14465,Zosterops vaughani,unknown,6.5695,0.0627
14466,Zosterops vellalavella,unknown,5.3952,0.0476
14467,Zosterops virens,unknown,6.2395,0.0655
14468,Zosterops wallacei,unknown,6.4984,0.0714
14469,Zosterops winifredae,unknown,6.0645,0.0575
14470,Zosterops xanthochroa,unknown,6.4967,0.069
14471,Zosterornis hypogrammicus,unknown,5.3635,0.0592
14472,Zosterornis latistriatus,unknown,4.8938,0.0596
14473,Zosterornis nigrorum,unknown,5.1179,0.0566
14474,Zosterornis striatus,unknown,5.2627,0.0601
14475,Zosterornis whiteheadi,unknown,5.5789,0.0593
